user_id,prosthesis_type,muscle_group,signal_frequency,signal_duration,signal_amplitude,signal_time
54,hand,Biceps,443,3836,1.7,2025-03-26 01:24:34
576,hand,Hamstrings,486,925,1.22,2025-02-22 17:21:44
252,arm,Biceps,273,1217,4.45,2025-02-25 02:00:20
750,hand,Biceps,72,1259,3.5,2025-02-09 00:18:58
441,leg,Gastrocnemius,185,4344,4.27,2025-03-22 09:21:33
821,hand,Triceps,470,4817,3.04,2025-02-21 00:25:57
788,leg,Quadriceps,272,4911,3.37,2025-03-15 19:56:53
498,leg,Deltoid,264,3568,2.8,2025-03-27 20:11:46
840,arm,Gastrocnemius,386,2645,1.27,2025-02-22 17:25:56
76,leg,Gastrocnemius,248,3253,0.57,2025-03-10 02:53:40
373,arm,Hamstrings,167,3823,2.89,2025-03-19 01:40:18
507,leg,Deltoid,169,4957,2.68,2025-02-12 04:34:28
388,hand,Biceps,55,1603,2.55,2025-02-02 08:51:22
702,hand,Gastrocnemius,374,3943,0.5,2025-03-12 02:32:22
725,arm,Biceps,271,570,4.08,2025-02-25 02:34:44
651,hand,Biceps,215,2650,4.8,2025-02-03 17:21:26
357,arm,Deltoid,375,1842,4.48,2025-02-27 02:45:55
696,arm,Hamstrings,392,2424,3.85,2025-03-25 20:03:48
532,hand,Quadriceps,206,1697,4.61,2025-03-22 09:49:53
399,hand,Triceps,323,3266,2.83,2025-03-13 05:51:37
396,hand,Biceps,429,1614,2.55,2025-02-02 11:28:55
757,leg,Deltoid,414,4195,1.87,2025-03-23 00:10:33
333,leg,Quadriceps,334,1625,2.05,2025-02-07 17:46:23
231,leg,Hamstrings,97,2726,4.68,2025-02-16 06:56:20
271,hand,Biceps,306,1158,4.8,2025-03-05 06:48:57
913,arm,Triceps,187,2391,0.88,2025-02-21 02:21:35
551,arm,Quadriceps,119,4464,2.72,2025-02-26 00:16:45
853,leg,Gastrocnemius,224,3742,4.62,2025-03-26 16:59:08
625,leg,Biceps,456,4550,2.05,2025-03-10 03:44:03
370,hand,Hamstrings,392,3946,1.92,2025-02-14 14:21:51
772,arm,Triceps,245,1011,4.29,2025-02-25 16:16:53
947,arm,Quadriceps,242,3518,0.81,2025-02-19 03:58:16
515,leg,Hamstrings,78,3617,0.73,2025-02-25 09:06:29
588,leg,Hamstrings,174,4148,1.7,2025-03-01 18:36:22
255,leg,Gastrocnemius,306,2752,2.02,2025-02-04 05:07:01
439,leg,Gastrocnemius,425,1580,2.65,2025-02-03 15:34:09
334,hand,Triceps,356,763,2.59,2025-03-30 19:49:18
723,leg,Biceps,214,3666,1.52,2025-03-29 02:55:16
292,arm,Gastrocnemius,233,3981,0.7,2025-02-01 15:43:10
203,arm,Hamstrings,318,1859,3.94,2025-04-01 16:53:12
311,hand,Gastrocnemius,164,2813,2.88,2025-02-07 14:39:34
571,hand,Triceps,316,1055,3.36,2025-02-26 13:51:50
460,arm,Biceps,341,4044,3.93,2025-02-28 16:22:09
506,arm,Triceps,158,2476,4.88,2025-02-16 06:04:25
950,arm,Biceps,261,3137,2.96,2025-02-03 07:46:56
901,hand,Deltoid,199,2023,1.87,2025-02-19 21:41:52
333,arm,Quadriceps,63,3461,4.04,2025-03-02 07:26:14
523,leg,Gastrocnemius,250,2047,2.26,2025-03-30 15:55:02
294,arm,Gastrocnemius,424,1375,1.07,2025-03-02 11:35:39
18,hand,Quadriceps,230,2865,2.13,2025-02-25 01:06:32
850,arm,Quadriceps,390,3161,3.81,2025-03-22 21:13:24
185,hand,Triceps,498,4392,1.13,2025-03-28 00:10:50
814,arm,Hamstrings,66,1304,1.16,2025-03-02 13:59:12
678,hand,Biceps,78,1742,1.01,2025-03-17 02:08:42
43,hand,Gastrocnemius,465,2190,4.18,2025-02-16 13:21:42
147,arm,Deltoid,54,2889,1.97,2025-02-26 11:50:14
835,arm,Biceps,331,1029,1.0,2025-02-16 09:15:08
571,arm,Quadriceps,442,4949,1.68,2025-02-27 17:23:23
642,arm,Gastrocnemius,498,772,3.21,2025-02-23 10:44:53
4,hand,Quadriceps,438,523,3.41,2025-02-06 12:46:11
625,hand,Gastrocnemius,490,1357,3.8,2025-03-20 17:12:25
651,leg,Biceps,148,2182,3.75,2025-02-28 15:18:41
912,leg,Quadriceps,133,3672,0.62,2025-03-19 00:48:58
923,leg,Deltoid,132,2078,2.14,2025-02-07 04:45:38
104,hand,Biceps,87,3458,0.76,2025-02-17 11:08:16
421,arm,Quadriceps,183,4755,4.07,2025-03-28 03:42:34
124,hand,Hamstrings,459,3026,2.48,2025-02-16 00:05:53
116,leg,Biceps,442,4112,4.27,2025-03-25 11:43:11
840,arm,Gastrocnemius,50,3902,1.44,2025-03-31 00:51:26
133,arm,Triceps,324,2684,2.4,2025-03-22 12:52:19
67,arm,Biceps,455,3725,1.7,2025-02-04 20:43:34
732,arm,Hamstrings,209,4984,4.03,2025-02-22 00:42:09
316,hand,Triceps,268,2236,2.74,2025-02-28 02:55:51
820,arm,Triceps,391,887,2.97,2025-03-30 02:28:37
989,arm,Gastrocnemius,341,4055,3.7,2025-04-02 11:04:53
884,arm,Biceps,274,850,4.73,2025-04-01 09:44:01
214,leg,Biceps,129,4803,0.94,2025-03-18 01:53:26
817,leg,Gastrocnemius,365,3648,2.0,2025-02-12 20:42:25
998,hand,Deltoid,398,1351,0.89,2025-02-14 04:42:51
660,arm,Deltoid,388,2973,2.14,2025-02-27 22:16:18
421,arm,Quadriceps,320,1250,4.96,2025-04-01 00:56:37
619,leg,Triceps,316,1328,2.54,2025-03-14 07:40:51
848,leg,Gastrocnemius,65,3544,1.83,2025-03-21 14:23:41
758,hand,Quadriceps,440,3274,1.39,2025-02-03 11:03:37
100,hand,Hamstrings,436,3951,3.48,2025-03-30 03:42:39
75,arm,Quadriceps,246,1612,2.78,2025-03-18 03:48:59
500,leg,Triceps,500,4802,2.74,2025-02-21 19:40:54
427,leg,Hamstrings,222,4439,1.29,2025-02-07 23:45:53
55,leg,Quadriceps,414,1677,2.16,2025-02-03 04:09:51
665,arm,Deltoid,401,3771,3.85,2025-02-12 17:56:15
521,leg,Triceps,445,4480,2.75,2025-02-01 15:09:17
359,leg,Quadriceps,376,4094,1.51,2025-02-28 23:54:56
484,hand,Hamstrings,74,4017,4.39,2025-03-17 02:20:28
475,arm,Biceps,69,3389,2.14,2025-03-22 07:44:35
712,leg,Quadriceps,293,3294,3.5,2025-02-03 05:08:41
460,arm,Deltoid,478,4341,2.43,2025-03-26 00:22:41
952,arm,Hamstrings,232,4959,1.9,2025-02-05 11:13:50
49,arm,Quadriceps,115,4736,0.55,2025-03-04 16:26:25
722,hand,Biceps,458,2043,1.33,2025-02-15 10:44:26
755,hand,Biceps,252,1100,2.12,2025-04-02 12:06:12
264,arm,Deltoid,111,3516,1.29,2025-02-06 02:27:52
661,leg,Gastrocnemius,423,4078,4.77,2025-03-18 01:26:03
97,hand,Quadriceps,251,3583,4.25,2025-03-19 10:23:22
65,hand,Quadriceps,144,1491,0.62,2025-02-26 16:20:02
846,arm,Hamstrings,211,2851,1.18,2025-03-11 15:23:14
548,arm,Quadriceps,291,1775,1.44,2025-02-16 22:30:35
227,hand,Triceps,150,4297,2.67,2025-02-22 15:40:28
475,hand,Gastrocnemius,418,2903,0.86,2025-02-26 14:06:58
893,leg,Hamstrings,245,4844,1.08,2025-03-22 01:10:44
427,leg,Gastrocnemius,396,2734,3.23,2025-03-22 09:11:58
533,arm,Deltoid,263,1179,3.12,2025-03-08 02:23:29
711,leg,Triceps,136,3320,3.65,2025-02-09 04:51:19
426,arm,Triceps,282,2697,3.28,2025-03-12 06:18:12
603,leg,Biceps,434,3032,4.68,2025-03-22 06:39:28
27,arm,Triceps,445,3228,3.3,2025-03-24 05:20:02
103,arm,Biceps,227,2265,0.88,2025-03-31 14:27:11
97,leg,Quadriceps,75,2441,3.45,2025-02-27 04:15:43
315,arm,Gastrocnemius,441,1547,3.12,2025-03-20 12:01:39
500,hand,Gastrocnemius,271,1808,4.61,2025-02-10 06:14:19
762,leg,Gastrocnemius,308,1698,4.95,2025-03-10 22:50:12
163,leg,Triceps,168,4584,4.53,2025-02-08 03:19:40
182,leg,Biceps,305,3819,1.54,2025-03-13 07:50:39
443,leg,Biceps,454,2697,1.63,2025-02-20 08:15:09
633,arm,Triceps,54,1241,2.35,2025-02-20 15:04:11
477,hand,Quadriceps,86,4072,2.95,2025-02-07 14:40:01
145,hand,Hamstrings,115,4113,4.16,2025-03-19 14:54:19
120,leg,Gastrocnemius,295,3373,2.18,2025-02-08 07:22:59
720,hand,Hamstrings,343,4817,0.92,2025-02-01 20:45:22
384,hand,Gastrocnemius,248,1733,1.3,2025-02-12 20:43:21
212,leg,Gastrocnemius,436,1676,4.17,2025-03-16 17:15:47
826,hand,Hamstrings,243,1818,1.66,2025-03-09 11:53:56
996,hand,Quadriceps,409,4045,3.59,2025-02-01 22:58:14
487,arm,Deltoid,356,2380,1.2,2025-03-11 11:28:51
731,leg,Hamstrings,414,530,3.44,2025-02-22 14:42:03
244,arm,Hamstrings,118,2718,1.32,2025-02-12 21:49:41
935,arm,Triceps,321,1526,1.28,2025-02-18 12:35:30
58,hand,Quadriceps,264,2627,4.88,2025-03-17 21:20:50
139,arm,Triceps,429,4089,5.0,2025-02-20 02:58:23
172,hand,Hamstrings,442,4246,2.95,2025-03-03 19:02:03
245,arm,Gastrocnemius,443,4006,1.53,2025-03-06 15:02:58
879,leg,Quadriceps,452,3559,4.9,2025-02-09 06:14:01
706,arm,Biceps,311,4906,2.77,2025-03-07 20:31:18
654,arm,Hamstrings,459,3713,4.13,2025-03-14 06:33:39
219,arm,Biceps,389,4733,4.47,2025-03-13 09:17:55
482,hand,Triceps,325,3703,1.94,2025-02-16 04:04:23
650,arm,Hamstrings,104,4088,4.34,2025-03-18 00:23:39
777,leg,Biceps,381,3700,4.8,2025-03-22 23:21:41
109,arm,Deltoid,150,2983,3.39,2025-02-16 14:37:40
318,arm,Quadriceps,219,2807,4.65,2025-03-10 22:49:43
261,leg,Gastrocnemius,238,4672,3.13,2025-02-11 14:31:33
67,leg,Triceps,123,4062,3.83,2025-03-15 11:25:43
505,leg,Triceps,157,3191,0.61,2025-03-14 07:10:55
630,arm,Hamstrings,176,4066,1.12,2025-03-10 16:24:24
767,arm,Biceps,82,2359,4.8,2025-03-15 05:15:03
884,hand,Hamstrings,222,2169,3.52,2025-02-26 17:58:04
551,hand,Deltoid,446,3615,4.9,2025-03-17 05:53:36
434,arm,Hamstrings,165,3430,2.91,2025-03-10 18:43:02
190,hand,Deltoid,224,4252,4.92,2025-03-18 03:01:31
19,leg,Deltoid,79,3788,0.78,2025-03-18 03:08:21
663,arm,Hamstrings,173,2054,3.88,2025-03-01 00:02:04
520,arm,Gastrocnemius,218,1629,3.62,2025-03-20 15:47:30
595,leg,Quadriceps,171,1441,2.4,2025-03-02 02:42:47
360,leg,Biceps,123,4195,3.13,2025-02-15 17:08:15
229,arm,Triceps,93,2677,3.95,2025-02-20 03:15:15
5,leg,Hamstrings,240,3472,4.87,2025-02-08 07:32:58
320,arm,Biceps,409,2790,0.85,2025-03-15 22:33:41
812,leg,Gastrocnemius,175,3512,4.33,2025-03-31 14:55:39
215,leg,Gastrocnemius,298,817,0.83,2025-03-22 01:53:06
104,hand,Gastrocnemius,150,4787,4.28,2025-03-06 22:47:00
940,leg,Deltoid,389,2168,4.83,2025-03-19 04:08:44
878,leg,Triceps,368,2978,4.35,2025-02-05 14:01:55
93,hand,Quadriceps,89,2644,2.35,2025-03-19 21:29:21
126,arm,Gastrocnemius,392,1629,4.02,2025-03-12 17:59:38
632,hand,Quadriceps,429,3164,4.48,2025-03-13 20:55:59
590,hand,Triceps,151,2336,4.03,2025-03-02 10:04:05
483,arm,Gastrocnemius,252,2422,3.65,2025-02-20 10:34:48
936,leg,Deltoid,193,4997,3.8,2025-03-19 16:06:28
700,arm,Triceps,295,4011,1.12,2025-03-15 14:46:07
882,hand,Triceps,460,2530,0.88,2025-03-12 18:59:18
346,arm,Hamstrings,401,4080,1.83,2025-02-16 18:47:03
909,leg,Gastrocnemius,239,3984,3.98,2025-03-13 01:16:55
865,arm,Hamstrings,286,4935,1.47,2025-02-05 06:13:55
696,arm,Quadriceps,492,2962,1.09,2025-02-12 09:05:25
366,arm,Gastrocnemius,423,4177,3.89,2025-02-01 09:32:39
8,leg,Triceps,274,4070,1.27,2025-02-19 09:19:49
978,arm,Deltoid,170,4121,1.52,2025-03-27 01:23:18
863,arm,Gastrocnemius,481,1026,1.37,2025-03-02 05:01:52
566,arm,Biceps,124,1958,4.83,2025-03-08 17:58:34
858,leg,Biceps,80,1237,1.59,2025-04-02 15:42:52
970,leg,Quadriceps,233,1989,3.62,2025-03-28 15:06:01
866,leg,Quadriceps,181,2240,4.51,2025-02-25 19:40:21
762,leg,Quadriceps,59,4889,1.32,2025-02-13 09:50:11
512,arm,Gastrocnemius,484,1640,1.91,2025-03-04 17:29:46
290,arm,Biceps,443,2349,4.11,2025-03-03 22:20:56
78,arm,Hamstrings,393,688,1.41,2025-03-04 21:26:02
784,leg,Quadriceps,468,4414,2.54,2025-02-14 12:07:36
565,leg,Gastrocnemius,227,1350,3.44,2025-02-13 01:14:33
798,leg,Quadriceps,430,2148,1.28,2025-02-27 09:48:42
766,leg,Triceps,349,1344,0.52,2025-03-08 08:27:42
84,arm,Hamstrings,391,3711,2.33,2025-03-25 20:36:54
357,leg,Hamstrings,289,4550,2.25,2025-03-20 05:05:58
443,leg,Biceps,235,2195,4.56,2025-02-04 22:54:53
6,hand,Triceps,360,1326,1.5,2025-03-15 11:37:48
273,leg,Triceps,207,4890,1.26,2025-03-03 17:02:19
295,hand,Gastrocnemius,65,1024,2.93,2025-02-23 23:05:16
929,arm,Quadriceps,161,855,2.9,2025-03-30 16:44:39
471,leg,Biceps,115,2826,1.69,2025-02-22 17:26:17
640,arm,Quadriceps,147,2261,4.71,2025-03-02 13:15:01
174,hand,Gastrocnemius,366,4591,0.74,2025-02-22 09:33:45
33,arm,Gastrocnemius,118,3495,3.62,2025-02-24 10:55:35
373,leg,Deltoid,73,1449,3.38,2025-03-13 18:11:57
335,hand,Triceps,312,3242,4.61,2025-03-19 21:15:30
293,leg,Quadriceps,434,2341,4.43,2025-02-21 21:31:48
629,hand,Deltoid,267,3413,3.91,2025-03-04 01:37:39
661,arm,Gastrocnemius,333,1648,2.9,2025-02-19 15:04:17
294,arm,Biceps,140,4545,2.11,2025-03-16 20:23:45
71,leg,Deltoid,487,2259,2.1,2025-02-28 03:59:42
670,hand,Biceps,411,4103,4.81,2025-02-12 16:58:57
245,arm,Triceps,317,1810,1.31,2025-03-14 22:00:35
162,arm,Triceps,223,796,2.92,2025-03-25 07:30:51
391,hand,Triceps,214,890,1.13,2025-04-01 07:54:33
127,hand,Quadriceps,494,1031,3.97,2025-03-07 02:01:35
749,leg,Biceps,229,1764,3.55,2025-03-21 22:28:52
537,hand,Gastrocnemius,77,928,1.53,2025-03-13 05:01:55
399,arm,Triceps,314,1172,4.47,2025-03-11 01:25:29
799,leg,Gastrocnemius,297,3052,4.92,2025-02-09 13:31:47
985,arm,Biceps,356,3973,2.08,2025-02-13 12:20:22
137,hand,Biceps,377,1004,3.89,2025-03-25 12:47:05
478,leg,Hamstrings,325,3549,1.93,2025-03-04 18:59:04
568,hand,Biceps,144,3903,2.33,2025-03-19 12:46:28
536,hand,Hamstrings,441,3544,4.62,2025-03-05 15:56:14
592,hand,Hamstrings,387,3590,0.86,2025-02-21 07:12:49
78,arm,Deltoid,332,3296,3.09,2025-03-28 22:59:55
438,leg,Biceps,294,2011,2.52,2025-02-22 01:00:28
48,hand,Biceps,253,4731,1.11,2025-02-12 08:40:59
138,leg,Biceps,432,1746,4.6,2025-02-05 11:56:21
529,arm,Quadriceps,364,3604,4.31,2025-03-04 09:58:13
550,arm,Hamstrings,483,2627,1.13,2025-03-22 12:17:37
847,leg,Biceps,99,1504,1.5,2025-03-02 01:52:49
237,arm,Gastrocnemius,383,1031,4.59,2025-02-21 13:07:18
56,arm,Deltoid,330,2090,1.28,2025-03-15 17:17:46
383,hand,Quadriceps,223,3949,3.31,2025-02-18 16:04:01
801,hand,Hamstrings,75,2145,3.51,2025-02-17 13:10:21
351,hand,Triceps,447,1643,1.27,2025-02-22 09:12:53
424,hand,Quadriceps,180,4950,4.29,2025-03-06 11:16:55
376,leg,Quadriceps,173,931,3.84,2025-02-24 21:01:11
820,hand,Biceps,126,749,0.8,2025-02-09 06:14:45
466,arm,Biceps,464,2403,2.91,2025-03-05 01:00:38
975,leg,Triceps,137,1412,2.27,2025-03-10 07:39:12
509,arm,Biceps,87,4394,3.37,2025-03-26 07:45:44
96,leg,Quadriceps,436,3624,4.23,2025-02-24 10:39:02
61,leg,Biceps,377,4659,4.6,2025-03-09 17:58:42
494,hand,Biceps,294,4857,1.97,2025-02-25 23:01:20
373,arm,Gastrocnemius,183,3508,4.3,2025-02-02 13:45:01
179,hand,Biceps,293,4235,3.35,2025-04-01 05:26:40
775,hand,Quadriceps,386,3498,3.68,2025-03-25 15:34:23
806,hand,Hamstrings,416,2909,4.48,2025-03-30 10:34:20
535,hand,Deltoid,245,2112,3.88,2025-02-11 19:39:01
754,arm,Deltoid,470,3109,4.16,2025-03-22 19:50:30
727,hand,Biceps,202,3139,3.98,2025-02-07 08:39:55
163,leg,Hamstrings,475,3435,0.52,2025-02-17 02:35:48
988,hand,Triceps,494,3850,3.81,2025-03-28 01:47:57
625,hand,Deltoid,94,4824,3.3,2025-02-18 05:41:08
588,arm,Hamstrings,293,1180,3.63,2025-03-22 00:55:00
485,leg,Hamstrings,300,1407,3.13,2025-03-11 06:41:20
947,arm,Hamstrings,85,2888,3.18,2025-02-28 13:47:14
271,leg,Triceps,101,3551,2.76,2025-02-18 08:38:44
998,hand,Triceps,212,1201,1.1,2025-03-17 03:19:09
931,arm,Quadriceps,255,1146,2.7,2025-03-14 23:47:15
483,hand,Biceps,87,2059,4.32,2025-02-19 11:25:04
562,arm,Gastrocnemius,439,4272,2.69,2025-03-10 23:56:47
506,arm,Gastrocnemius,480,3476,2.46,2025-02-05 23:25:30
299,arm,Triceps,414,4104,3.39,2025-03-02 16:31:19
914,arm,Gastrocnemius,321,4710,1.79,2025-03-24 18:07:21
387,arm,Quadriceps,183,803,0.73,2025-03-16 22:07:19
251,arm,Quadriceps,482,1321,1.16,2025-03-31 16:03:45
799,arm,Deltoid,287,1204,2.57,2025-03-28 03:52:07
948,hand,Gastrocnemius,138,1118,0.84,2025-03-30 23:02:47
347,leg,Triceps,433,543,1.71,2025-03-28 03:12:20
74,hand,Gastrocnemius,477,1263,0.98,2025-03-15 19:21:48
768,hand,Gastrocnemius,363,4070,4.96,2025-02-13 02:18:07
859,arm,Quadriceps,166,2828,0.84,2025-03-13 01:27:24
709,hand,Triceps,272,2855,2.17,2025-03-11 10:37:13
790,hand,Triceps,285,2621,2.24,2025-02-21 10:03:25
884,hand,Deltoid,499,2730,4.99,2025-02-26 16:58:10
252,arm,Gastrocnemius,496,870,1.12,2025-02-16 05:30:21
606,arm,Gastrocnemius,224,2655,2.74,2025-02-15 14:55:53
346,hand,Quadriceps,434,1355,1.7,2025-03-26 03:42:36
881,arm,Quadriceps,354,2426,0.72,2025-03-21 05:59:14
236,leg,Gastrocnemius,88,4439,0.56,2025-03-24 17:34:28
737,leg,Hamstrings,121,2601,2.95,2025-02-04 22:21:22
252,hand,Deltoid,50,3879,1.65,2025-02-18 11:13:31
46,leg,Hamstrings,484,1679,1.14,2025-02-08 03:27:30
719,leg,Quadriceps,426,3069,1.24,2025-02-16 18:53:14
656,leg,Gastrocnemius,361,612,3.1,2025-02-01 21:40:13
862,leg,Gastrocnemius,282,3335,0.63,2025-03-01 02:42:19
135,leg,Deltoid,393,4980,3.9,2025-02-27 22:49:15
428,leg,Triceps,175,2717,3.36,2025-03-23 03:52:00
329,leg,Biceps,81,4373,4.39,2025-03-11 00:46:04
639,arm,Deltoid,139,3762,3.81,2025-03-26 12:17:39
191,leg,Hamstrings,80,3136,3.72,2025-02-19 00:51:54
670,arm,Hamstrings,474,597,4.4,2025-03-23 07:55:59
849,hand,Triceps,82,3642,2.1,2025-03-10 04:51:13
995,leg,Quadriceps,314,3641,3.78,2025-03-08 01:46:36
789,hand,Deltoid,455,857,2.43,2025-03-15 15:48:00
227,leg,Gastrocnemius,418,2345,0.93,2025-02-18 14:17:49
839,arm,Quadriceps,179,3167,3.37,2025-03-15 05:50:38
266,arm,Biceps,493,4297,0.92,2025-03-18 06:30:56
98,arm,Deltoid,448,3019,2.86,2025-02-28 06:11:35
47,leg,Triceps,462,2313,2.71,2025-03-24 05:01:32
902,leg,Deltoid,116,2173,1.52,2025-03-10 10:15:15
636,arm,Deltoid,311,2877,0.73,2025-02-14 15:44:46
749,arm,Quadriceps,199,724,3.91,2025-02-17 05:52:14
910,hand,Gastrocnemius,296,2245,2.95,2025-02-07 00:30:44
380,leg,Gastrocnemius,105,864,1.64,2025-03-18 16:54:50
528,leg,Biceps,259,1988,4.49,2025-02-16 18:09:07
516,arm,Gastrocnemius,353,2910,2.06,2025-02-08 18:21:29
101,arm,Hamstrings,213,1866,1.09,2025-04-02 03:50:36
687,hand,Gastrocnemius,428,2191,2.43,2025-02-02 02:28:08
738,arm,Quadriceps,253,4439,4.86,2025-03-28 02:29:01
461,arm,Triceps,113,3808,0.76,2025-04-02 23:16:04
246,leg,Triceps,126,4377,1.09,2025-03-18 16:39:41
419,arm,Triceps,164,3124,4.98,2025-02-16 13:32:49
305,leg,Quadriceps,423,1627,0.58,2025-02-07 06:13:09
84,arm,Biceps,279,1859,2.76,2025-02-27 06:39:31
199,leg,Gastrocnemius,418,1002,0.72,2025-02-05 11:22:54
746,hand,Triceps,131,2002,2.23,2025-03-07 10:12:35
158,hand,Gastrocnemius,226,3570,3.83,2025-03-28 00:06:33
515,leg,Quadriceps,328,2453,2.2,2025-03-24 09:09:25
350,arm,Deltoid,158,3057,4.26,2025-02-20 09:20:50
669,leg,Gastrocnemius,52,774,0.67,2025-03-22 01:53:41
112,leg,Gastrocnemius,318,3510,0.88,2025-03-10 04:33:04
150,hand,Hamstrings,75,2834,1.47,2025-03-20 07:37:53
303,hand,Biceps,394,4257,4.89,2025-03-04 06:04:09
411,arm,Quadriceps,341,1778,3.91,2025-03-26 08:22:05
541,leg,Gastrocnemius,192,3939,1.05,2025-03-21 08:56:32
414,arm,Triceps,292,3964,4.02,2025-03-26 21:05:02
313,hand,Gastrocnemius,300,3621,4.69,2025-02-21 14:20:52
413,arm,Quadriceps,169,2102,0.61,2025-02-04 10:12:03
940,hand,Gastrocnemius,233,3860,4.38,2025-02-18 12:47:33
546,hand,Biceps,359,2422,4.58,2025-03-21 19:10:08
585,hand,Quadriceps,459,539,0.65,2025-03-26 09:34:25
670,hand,Biceps,57,2438,4.74,2025-03-08 16:38:47
382,hand,Biceps,456,4946,4.01,2025-02-27 13:17:32
642,leg,Biceps,73,3488,3.71,2025-03-04 01:32:43
381,arm,Hamstrings,85,3851,1.13,2025-04-01 13:21:06
129,hand,Hamstrings,390,4086,0.57,2025-03-02 09:31:37
693,arm,Biceps,398,4739,4.45,2025-02-11 21:40:06
29,arm,Hamstrings,94,3014,2.3,2025-02-14 12:06:07
454,hand,Biceps,269,2103,2.49,2025-03-17 06:10:55
519,arm,Triceps,360,1314,4.94,2025-02-02 17:44:49
902,arm,Biceps,445,2621,4.83,2025-02-03 03:08:40
893,hand,Deltoid,161,2318,4.58,2025-03-07 09:34:58
929,hand,Biceps,389,1821,4.66,2025-03-05 17:43:23
900,arm,Quadriceps,157,2801,2.37,2025-03-02 17:19:43
571,arm,Deltoid,402,671,3.11,2025-02-17 12:44:44
21,arm,Biceps,389,2808,2.45,2025-02-06 05:43:24
188,leg,Biceps,60,924,2.73,2025-02-18 08:01:59
470,arm,Gastrocnemius,276,3821,4.05,2025-02-01 13:42:56
200,leg,Biceps,479,3982,1.77,2025-02-10 16:20:20
740,arm,Hamstrings,221,2963,4.05,2025-02-26 22:21:54
141,arm,Biceps,58,3881,3.78,2025-03-09 19:00:34
712,arm,Gastrocnemius,62,3864,4.43,2025-03-07 12:03:30
117,leg,Deltoid,162,672,4.67,2025-02-25 00:14:15
271,hand,Deltoid,185,3238,4.87,2025-03-18 17:44:43
795,arm,Quadriceps,254,3950,2.34,2025-03-02 21:38:55
638,leg,Gastrocnemius,53,1797,2.25,2025-03-15 00:17:29
815,arm,Quadriceps,181,2701,3.17,2025-03-26 00:02:43
209,arm,Deltoid,163,1340,4.43,2025-02-21 11:12:15
498,hand,Biceps,303,2493,2.37,2025-03-09 03:50:58
501,arm,Triceps,140,810,4.49,2025-03-28 21:41:12
418,leg,Gastrocnemius,354,4313,3.52,2025-02-13 19:36:24
564,hand,Gastrocnemius,80,3507,2.89,2025-03-21 20:10:18
477,hand,Triceps,114,620,2.66,2025-02-19 14:51:54
275,hand,Gastrocnemius,285,822,4.94,2025-02-03 07:34:04
203,hand,Triceps,413,3445,2.34,2025-02-19 04:34:00
331,leg,Deltoid,207,4804,2.12,2025-03-19 04:50:03
344,hand,Hamstrings,427,4310,4.48,2025-03-04 03:11:51
690,hand,Deltoid,114,1631,4.07,2025-02-24 21:17:21
183,arm,Biceps,249,3846,1.92,2025-02-14 06:38:12
850,hand,Hamstrings,124,2203,4.58,2025-03-05 03:08:11
393,arm,Deltoid,464,4469,3.63,2025-03-30 22:45:28
90,leg,Gastrocnemius,434,2857,0.76,2025-03-11 14:02:35
512,arm,Hamstrings,181,2603,3.78,2025-03-30 17:12:30
318,arm,Triceps,286,2179,3.2,2025-03-01 11:09:59
330,hand,Hamstrings,419,3523,1.27,2025-02-20 13:04:29
300,arm,Deltoid,194,3236,0.83,2025-02-20 01:18:26
663,leg,Triceps,399,3087,3.98,2025-03-06 22:50:07
159,leg,Triceps,144,1020,1.03,2025-03-25 12:47:39
665,arm,Gastrocnemius,135,1447,4.97,2025-02-28 05:38:52
177,hand,Deltoid,111,3628,2.58,2025-02-26 20:04:51
429,hand,Quadriceps,285,2869,1.65,2025-03-04 06:30:57
363,arm,Quadriceps,70,4895,3.86,2025-03-08 22:07:19
17,arm,Quadriceps,322,1909,4.15,2025-02-19 18:39:35
358,leg,Quadriceps,282,810,3.04,2025-03-10 08:44:52
511,hand,Biceps,309,4177,3.72,2025-02-19 06:50:37
455,arm,Quadriceps,56,4218,4.71,2025-02-22 01:12:38
78,arm,Gastrocnemius,56,787,2.02,2025-02-24 14:35:51
714,hand,Triceps,419,2566,3.95,2025-02-25 18:48:29
695,leg,Biceps,148,1695,2.79,2025-02-22 23:24:47
73,leg,Gastrocnemius,434,3304,1.7,2025-03-25 05:46:19
933,hand,Deltoid,318,1968,2.66,2025-03-20 11:56:39
541,hand,Gastrocnemius,56,4014,0.73,2025-03-04 13:04:58
704,arm,Biceps,195,1449,1.44,2025-02-27 01:03:05
209,hand,Deltoid,88,4848,0.73,2025-03-15 18:41:19
211,hand,Gastrocnemius,321,3598,1.01,2025-03-08 20:15:57
378,leg,Deltoid,338,4647,4.72,2025-03-21 00:41:49
790,arm,Gastrocnemius,159,1993,3.01,2025-03-12 02:22:00
585,hand,Triceps,51,1729,1.82,2025-03-23 22:31:16
63,arm,Quadriceps,58,4163,2.05,2025-02-05 03:52:53
769,hand,Biceps,460,4532,4.17,2025-03-07 08:43:04
119,arm,Biceps,221,4931,1.81,2025-03-26 18:12:41
715,leg,Triceps,161,2207,4.94,2025-02-07 03:14:34
699,arm,Quadriceps,292,4044,4.45,2025-03-21 03:02:38
518,arm,Quadriceps,56,1854,2.47,2025-03-19 16:00:59
729,hand,Triceps,276,1041,0.97,2025-03-04 14:36:34
179,arm,Gastrocnemius,231,3399,3.42,2025-02-19 23:21:16
101,leg,Quadriceps,112,4517,4.85,2025-02-08 20:45:46
485,leg,Quadriceps,56,1178,1.98,2025-02-23 15:27:31
888,arm,Triceps,211,1881,2.5,2025-02-11 09:15:48
161,arm,Quadriceps,281,2267,2.4,2025-02-08 08:13:16
261,hand,Quadriceps,131,996,3.06,2025-03-23 05:19:48
881,leg,Hamstrings,498,2765,3.47,2025-03-22 13:09:08
475,leg,Gastrocnemius,136,2981,3.38,2025-02-24 23:01:24
765,hand,Deltoid,346,1171,3.99,2025-02-17 01:18:46
192,hand,Triceps,400,978,1.1,2025-03-21 03:08:57
609,hand,Triceps,291,1717,3.85,2025-03-16 11:39:34
969,hand,Quadriceps,460,4558,1.92,2025-02-03 00:53:23
769,arm,Gastrocnemius,432,4137,3.23,2025-03-02 00:06:44
386,arm,Gastrocnemius,217,4046,2.78,2025-03-10 00:27:44
729,leg,Gastrocnemius,367,2994,2.89,2025-03-18 21:29:50
423,arm,Quadriceps,212,2989,3.37,2025-03-11 19:28:11
541,arm,Biceps,318,4900,1.83,2025-02-23 23:38:57
328,hand,Deltoid,89,4391,2.96,2025-02-02 15:11:19
450,hand,Biceps,358,4093,0.82,2025-03-16 01:12:49
875,leg,Gastrocnemius,255,3934,4.06,2025-02-02 17:52:32
957,arm,Biceps,443,1672,3.89,2025-04-01 19:24:29
489,hand,Deltoid,301,3840,2.61,2025-04-01 20:06:03
302,leg,Quadriceps,172,2444,4.67,2025-02-21 14:40:24
261,leg,Hamstrings,384,4263,4.12,2025-03-17 22:48:23
703,hand,Biceps,69,3054,2.33,2025-03-24 21:24:27
48,arm,Quadriceps,480,3169,4.43,2025-02-25 18:47:52
807,leg,Hamstrings,328,3909,4.31,2025-03-26 08:14:48
841,leg,Hamstrings,130,1831,2.99,2025-02-09 09:04:46
204,arm,Biceps,255,2746,3.28,2025-02-09 08:15:06
159,hand,Gastrocnemius,415,2526,0.87,2025-03-23 04:16:33
577,hand,Quadriceps,378,1173,3.64,2025-03-11 13:37:17
908,hand,Deltoid,89,1010,1.19,2025-02-06 03:43:15
667,leg,Quadriceps,359,4517,4.9,2025-03-19 09:59:36
253,arm,Hamstrings,94,1752,4.44,2025-03-18 01:11:46
945,hand,Biceps,107,1302,4.16,2025-04-01 04:47:23
939,arm,Quadriceps,474,1847,2.11,2025-03-13 17:24:40
340,leg,Gastrocnemius,121,2246,1.0,2025-02-15 14:59:45
148,hand,Hamstrings,362,1310,2.5,2025-02-07 21:13:12
150,arm,Gastrocnemius,497,4082,4.51,2025-02-16 13:24:54
850,leg,Triceps,247,4242,2.3,2025-04-01 13:44:15
157,arm,Triceps,234,585,0.99,2025-02-23 02:49:01
893,hand,Hamstrings,142,2375,2.59,2025-02-27 17:13:35
517,leg,Quadriceps,354,1303,2.59,2025-02-18 20:06:00
358,hand,Deltoid,451,2619,3.1,2025-02-15 04:38:01
315,hand,Hamstrings,100,4799,0.62,2025-02-24 13:45:37
898,leg,Hamstrings,217,1152,3.91,2025-03-25 17:53:28
942,hand,Deltoid,484,3274,2.91,2025-03-25 01:52:44
816,arm,Biceps,308,2513,1.13,2025-03-25 03:05:04
315,hand,Quadriceps,419,3999,0.59,2025-03-13 08:23:51
986,leg,Quadriceps,105,2086,2.27,2025-02-13 05:23:27
570,hand,Gastrocnemius,313,3304,2.78,2025-03-03 12:28:55
369,leg,Gastrocnemius,415,3960,4.67,2025-03-06 10:59:23
296,leg,Triceps,286,1554,4.67,2025-02-09 06:30:14
556,leg,Hamstrings,376,2582,1.08,2025-03-30 13:57:42
101,hand,Biceps,274,2827,2.25,2025-04-02 13:02:49
297,leg,Gastrocnemius,156,1584,4.74,2025-03-22 22:47:12
681,leg,Hamstrings,210,4369,4.75,2025-02-23 10:54:08
589,arm,Biceps,422,2243,4.51,2025-04-01 22:36:06
196,arm,Deltoid,103,2886,2.62,2025-02-05 22:50:00
247,leg,Hamstrings,119,4089,3.38,2025-02-09 12:44:50
66,arm,Deltoid,87,506,2.97,2025-02-22 09:57:36
104,hand,Hamstrings,420,3218,1.99,2025-03-08 21:31:45
683,arm,Hamstrings,394,4421,3.79,2025-03-13 21:42:05
840,leg,Biceps,399,4918,3.89,2025-03-08 09:30:03
180,leg,Deltoid,461,545,1.63,2025-03-08 12:07:35
723,hand,Triceps,329,2314,4.61,2025-02-09 19:33:45
297,hand,Biceps,141,4058,0.65,2025-02-26 17:30:54
385,leg,Hamstrings,347,4150,3.82,2025-04-01 14:38:00
541,leg,Hamstrings,119,692,3.71,2025-03-24 21:40:44
980,arm,Deltoid,410,2304,2.79,2025-02-28 07:54:16
444,arm,Biceps,133,2469,2.6,2025-03-10 08:25:29
288,hand,Gastrocnemius,71,2236,2.84,2025-03-27 08:52:40
585,leg,Deltoid,366,3811,4.4,2025-02-14 22:18:12
72,leg,Quadriceps,61,4087,3.93,2025-02-04 05:57:53
860,leg,Deltoid,76,605,3.86,2025-03-23 07:34:29
330,hand,Hamstrings,469,3738,3.73,2025-04-02 22:20:03
915,arm,Biceps,129,4189,1.29,2025-02-01 13:26:49
348,leg,Hamstrings,485,1692,2.99,2025-02-01 01:23:11
341,hand,Triceps,309,4257,0.85,2025-02-20 02:27:44
167,leg,Hamstrings,491,1839,0.64,2025-03-05 21:25:48
75,arm,Triceps,279,4178,0.5,2025-03-18 06:39:44
894,hand,Hamstrings,222,4117,4.32,2025-02-13 12:16:53
242,hand,Triceps,231,750,3.08,2025-03-28 09:12:41
976,leg,Quadriceps,140,2712,2.89,2025-02-20 03:54:55
356,hand,Triceps,251,1313,3.98,2025-02-16 11:03:48
513,leg,Hamstrings,89,2901,1.0,2025-02-07 12:40:20
235,leg,Biceps,75,3017,4.17,2025-02-08 03:14:31
882,leg,Gastrocnemius,154,4595,1.71,2025-03-16 23:16:00
932,arm,Biceps,410,1905,4.54,2025-02-22 15:21:22
551,arm,Biceps,263,2399,1.67,2025-03-29 19:01:12
605,arm,Hamstrings,161,1558,3.54,2025-03-23 03:10:01
399,hand,Hamstrings,171,2271,2.04,2025-03-08 03:00:25
1,hand,Quadriceps,417,3551,1.13,2025-02-16 22:19:43
196,leg,Deltoid,374,3380,2.96,2025-03-16 07:03:25
13,hand,Deltoid,189,4510,1.04,2025-02-26 18:14:51
203,arm,Quadriceps,280,1405,0.96,2025-02-06 08:20:21
267,leg,Biceps,301,1263,1.21,2025-02-06 01:39:21
918,hand,Gastrocnemius,428,3080,0.87,2025-03-10 13:49:23
356,hand,Triceps,408,548,3.52,2025-03-22 15:34:18
839,hand,Hamstrings,251,2437,4.26,2025-02-05 01:53:23
939,leg,Deltoid,62,2413,1.88,2025-03-28 02:39:40
618,arm,Hamstrings,130,1381,0.61,2025-03-17 04:35:46
924,arm,Biceps,411,2837,0.59,2025-02-14 12:14:11
127,hand,Quadriceps,69,1799,1.77,2025-03-23 15:01:15
976,leg,Triceps,68,1072,3.27,2025-03-26 20:54:25
296,leg,Hamstrings,147,4269,3.1,2025-02-22 04:09:46
924,hand,Hamstrings,395,2018,2.78,2025-02-15 20:49:08
474,arm,Hamstrings,84,3228,0.59,2025-04-02 08:40:31
25,hand,Hamstrings,487,2012,1.48,2025-02-26 11:50:13
628,leg,Deltoid,395,3508,3.35,2025-02-09 18:23:58
159,hand,Hamstrings,447,1916,3.9,2025-03-12 07:48:19
809,leg,Deltoid,460,3775,2.14,2025-02-19 04:55:28
351,hand,Triceps,66,1073,3.67,2025-03-30 08:35:52
617,arm,Quadriceps,189,4922,4.77,2025-03-24 22:00:13
732,leg,Gastrocnemius,121,972,4.01,2025-03-26 10:42:43
929,hand,Gastrocnemius,110,3712,3.75,2025-02-27 03:22:04
674,leg,Deltoid,128,4622,4.69,2025-03-13 03:33:03
989,hand,Hamstrings,159,3234,1.8,2025-02-21 10:48:54
724,hand,Gastrocnemius,125,3599,2.61,2025-03-01 21:31:14
501,leg,Gastrocnemius,348,1469,2.19,2025-02-20 03:37:02
37,arm,Gastrocnemius,203,3424,3.2,2025-03-03 07:29:34
641,arm,Deltoid,301,536,3.71,2025-02-13 05:22:35
748,hand,Triceps,399,4225,4.06,2025-02-13 23:55:29
837,hand,Gastrocnemius,271,1704,4.0,2025-02-19 08:14:49
982,hand,Gastrocnemius,409,1745,1.14,2025-03-11 23:37:59
346,hand,Quadriceps,281,2495,2.24,2025-03-27 17:43:16
857,leg,Quadriceps,190,4420,1.42,2025-03-09 07:47:33
4,leg,Hamstrings,383,4897,3.72,2025-03-17 01:18:53
77,leg,Biceps,137,811,1.41,2025-02-06 21:51:41
935,arm,Quadriceps,491,2994,2.21,2025-02-25 18:30:43
745,arm,Deltoid,324,4050,1.37,2025-04-01 14:29:27
810,arm,Gastrocnemius,349,4748,4.83,2025-03-21 13:51:16
268,leg,Deltoid,94,3064,3.38,2025-02-03 14:35:52
195,leg,Biceps,218,4553,0.92,2025-02-04 04:06:36
322,arm,Biceps,55,4110,1.7,2025-03-25 12:07:53
35,arm,Deltoid,222,1803,3.11,2025-02-05 09:56:48
815,arm,Quadriceps,363,2735,2.56,2025-03-21 11:09:06
392,hand,Deltoid,246,4205,4.28,2025-02-10 05:07:50
207,hand,Deltoid,261,2555,0.68,2025-03-13 09:24:34
481,hand,Deltoid,193,2617,2.83,2025-03-13 22:52:14
529,arm,Triceps,154,1902,2.58,2025-03-28 20:53:13
601,hand,Gastrocnemius,402,2863,4.33,2025-03-06 06:50:08
245,leg,Deltoid,216,3372,0.93,2025-03-24 06:42:39
915,leg,Hamstrings,64,4921,0.5,2025-03-25 08:42:38
142,leg,Quadriceps,58,1573,0.67,2025-02-04 17:06:58
483,hand,Gastrocnemius,448,3198,4.76,2025-03-10 22:38:31
315,leg,Biceps,474,4150,3.35,2025-02-24 06:40:36
983,leg,Quadriceps,62,2801,1.46,2025-03-09 14:20:57
784,leg,Hamstrings,409,1550,2.8,2025-02-12 21:23:54
555,arm,Gastrocnemius,55,4323,4.69,2025-03-28 14:00:51
174,hand,Biceps,450,3546,1.23,2025-03-17 09:28:17
694,leg,Biceps,225,3698,4.0,2025-03-25 21:26:46
681,leg,Gastrocnemius,329,4323,4.15,2025-02-10 22:27:48
834,leg,Deltoid,413,2979,4.97,2025-02-06 14:13:44
560,hand,Quadriceps,159,1593,1.24,2025-02-26 00:42:32
436,hand,Deltoid,352,1223,0.76,2025-02-14 17:53:50
926,hand,Triceps,270,1090,3.07,2025-02-11 15:51:25
871,hand,Triceps,480,3545,3.37,2025-02-19 11:37:30
841,leg,Triceps,113,1760,4.84,2025-04-01 03:44:08
242,arm,Quadriceps,243,775,1.84,2025-03-15 03:33:59
111,arm,Biceps,438,1078,2.18,2025-02-28 08:17:08
659,hand,Deltoid,213,1429,3.69,2025-02-01 09:48:23
889,leg,Biceps,139,2101,3.42,2025-03-03 18:50:59
895,hand,Gastrocnemius,404,1418,4.14,2025-02-10 05:48:00
368,leg,Quadriceps,417,1639,0.96,2025-02-04 04:12:17
85,hand,Triceps,304,647,4.01,2025-03-06 19:16:00
306,hand,Gastrocnemius,102,1953,4.27,2025-03-08 15:00:50
59,arm,Triceps,266,1830,4.4,2025-03-11 12:49:03
316,hand,Quadriceps,114,750,0.75,2025-03-20 19:49:43
33,hand,Quadriceps,201,4422,2.03,2025-02-01 10:43:10
637,leg,Quadriceps,132,4904,3.58,2025-03-29 19:10:29
160,hand,Hamstrings,433,1048,1.54,2025-02-16 13:57:02
71,leg,Gastrocnemius,487,2942,2.65,2025-02-15 06:20:42
575,leg,Gastrocnemius,350,1527,1.39,2025-03-03 06:13:28
783,leg,Gastrocnemius,164,1164,2.06,2025-02-07 18:10:50
723,leg,Quadriceps,343,705,2.07,2025-02-12 18:20:22
469,arm,Triceps,434,2790,0.56,2025-03-13 09:04:42
429,hand,Biceps,258,1932,2.25,2025-03-28 21:43:38
111,arm,Gastrocnemius,468,2112,3.65,2025-02-23 05:35:14
299,hand,Quadriceps,72,2143,2.79,2025-03-02 10:09:45
69,arm,Triceps,154,1000,1.85,2025-03-02 04:23:01
402,leg,Hamstrings,464,3891,3.59,2025-02-28 02:10:36
447,hand,Biceps,189,4709,3.61,2025-02-21 23:07:29
501,leg,Gastrocnemius,314,4588,4.25,2025-03-25 10:44:40
434,arm,Quadriceps,350,2764,3.41,2025-03-10 21:23:13
868,leg,Triceps,244,4034,1.04,2025-03-21 19:43:47
213,leg,Hamstrings,282,4434,3.81,2025-02-05 15:52:04
213,arm,Biceps,209,4255,1.22,2025-03-10 06:54:43
614,leg,Deltoid,432,2119,3.5,2025-02-09 04:36:04
781,hand,Triceps,385,4188,3.44,2025-02-10 21:47:07
366,arm,Quadriceps,97,3338,3.24,2025-03-11 12:03:54
701,hand,Quadriceps,327,3930,1.99,2025-02-06 00:30:54
379,leg,Deltoid,463,4496,2.65,2025-02-28 22:06:00
161,hand,Biceps,53,3306,3.77,2025-03-26 21:14:53
505,leg,Quadriceps,475,3754,4.7,2025-03-26 00:45:16
887,arm,Hamstrings,248,2994,2.79,2025-02-03 18:37:32
408,hand,Hamstrings,293,3448,2.67,2025-04-02 22:19:27
58,leg,Gastrocnemius,293,2555,3.07,2025-02-24 03:19:32
81,hand,Quadriceps,433,745,4.9,2025-02-14 07:55:13
295,arm,Triceps,445,842,3.95,2025-03-27 11:58:28
429,leg,Quadriceps,410,2800,4.73,2025-03-05 20:33:55
728,hand,Biceps,297,1580,1.32,2025-03-05 01:14:22
347,leg,Deltoid,68,4794,4.09,2025-03-09 20:06:01
941,leg,Quadriceps,200,1308,0.73,2025-03-21 21:33:39
206,arm,Hamstrings,189,2307,3.34,2025-02-05 08:20:51
39,hand,Hamstrings,473,1926,3.64,2025-02-10 22:24:51
181,hand,Biceps,485,4775,0.68,2025-02-01 21:36:27
118,hand,Hamstrings,485,901,2.06,2025-03-04 04:00:48
661,hand,Biceps,420,4938,2.37,2025-03-03 06:21:31
702,leg,Triceps,384,3532,3.33,2025-02-07 23:11:41
402,leg,Quadriceps,97,1548,0.54,2025-02-15 20:48:15
162,hand,Triceps,182,929,3.35,2025-02-04 08:55:35
284,arm,Deltoid,118,2531,3.51,2025-02-03 21:02:50
548,leg,Deltoid,111,4525,2.04,2025-03-08 16:19:01
983,arm,Triceps,426,1211,3.68,2025-03-09 16:38:48
259,arm,Quadriceps,287,4678,1.46,2025-02-09 12:22:33
257,leg,Deltoid,200,1647,3.41,2025-03-31 16:50:22
598,leg,Triceps,174,2728,3.41,2025-02-25 09:16:28
121,leg,Quadriceps,402,4646,3.0,2025-02-10 18:25:59
409,hand,Quadriceps,374,2192,3.14,2025-02-11 19:29:39
311,arm,Gastrocnemius,373,3486,4.84,2025-03-16 19:17:29
919,hand,Hamstrings,309,1661,4.24,2025-03-02 00:59:07
852,leg,Biceps,357,2155,3.63,2025-02-09 09:59:53
834,arm,Biceps,241,1329,1.19,2025-03-17 16:49:10
762,hand,Hamstrings,145,3121,4.68,2025-02-11 03:11:51
985,hand,Hamstrings,378,1474,4.36,2025-03-19 19:54:15
510,hand,Biceps,184,1785,4.77,2025-02-23 23:46:53
26,hand,Biceps,225,1704,0.51,2025-02-24 15:50:42
814,arm,Quadriceps,371,3158,3.92,2025-03-29 15:36:39
181,arm,Deltoid,373,3021,1.43,2025-02-16 03:06:08
528,hand,Gastrocnemius,99,2858,0.84,2025-03-25 09:05:28
502,hand,Hamstrings,156,527,4.22,2025-02-07 13:47:35
369,leg,Deltoid,137,4301,1.68,2025-03-03 00:43:06
993,arm,Deltoid,315,1414,3.9,2025-02-06 19:59:28
993,leg,Gastrocnemius,370,3015,0.56,2025-02-02 07:53:27
927,arm,Gastrocnemius,457,2243,2.23,2025-02-16 21:16:46
846,hand,Deltoid,267,663,4.25,2025-02-07 10:04:05
389,hand,Triceps,140,1620,3.03,2025-02-13 18:32:05
378,arm,Triceps,144,1700,4.47,2025-02-12 11:27:51
624,leg,Quadriceps,452,4639,2.19,2025-03-30 11:38:03
638,leg,Triceps,163,625,3.12,2025-03-03 00:58:27
557,arm,Gastrocnemius,471,3501,1.13,2025-03-16 12:22:58
289,leg,Triceps,483,2496,1.96,2025-02-09 22:52:48
826,arm,Deltoid,144,1848,0.62,2025-02-16 06:09:01
792,leg,Quadriceps,443,1181,3.4,2025-03-14 15:37:30
808,arm,Biceps,436,2329,3.76,2025-02-17 06:02:34
143,arm,Triceps,133,1667,2.39,2025-03-22 06:55:40
961,hand,Gastrocnemius,113,1405,0.75,2025-03-13 06:36:48
969,leg,Deltoid,150,3666,4.35,2025-03-11 00:33:36
939,hand,Triceps,417,2832,4.5,2025-03-19 18:13:21
831,leg,Deltoid,234,3492,2.04,2025-04-01 03:27:26
54,leg,Quadriceps,446,1785,2.7,2025-04-01 00:01:50
891,arm,Gastrocnemius,388,1514,0.83,2025-02-22 12:25:39
742,hand,Triceps,126,3015,4.75,2025-03-19 07:56:18
402,leg,Biceps,123,3261,3.8,2025-02-07 16:17:16
81,hand,Biceps,346,3510,2.33,2025-02-10 11:03:25
103,arm,Deltoid,388,672,4.31,2025-03-09 10:31:54
19,arm,Deltoid,399,4428,4.9,2025-03-07 01:15:38
967,leg,Triceps,422,1458,1.71,2025-02-17 21:40:41
776,hand,Gastrocnemius,268,4449,2.88,2025-03-17 15:10:31
593,leg,Biceps,368,3441,2.11,2025-03-13 07:42:57
545,arm,Deltoid,236,2897,4.93,2025-02-22 12:37:47
496,leg,Hamstrings,464,519,1.98,2025-03-02 16:52:30
18,arm,Deltoid,56,2460,2.4,2025-03-12 16:43:40
212,arm,Gastrocnemius,409,4850,1.81,2025-02-01 04:13:03
273,hand,Deltoid,408,3747,2.37,2025-03-08 00:30:57
284,hand,Gastrocnemius,440,3681,1.43,2025-02-04 03:23:44
38,hand,Deltoid,172,2606,1.72,2025-02-16 14:00:23
983,hand,Biceps,374,3462,3.49,2025-03-03 06:56:43
545,leg,Hamstrings,191,4285,4.91,2025-02-13 19:18:21
539,leg,Quadriceps,314,2979,1.6,2025-02-13 07:48:39
491,leg,Triceps,134,1215,4.99,2025-02-20 13:55:58
256,leg,Biceps,53,1134,4.78,2025-03-27 15:38:09
151,leg,Deltoid,351,3211,4.08,2025-03-17 02:40:06
509,hand,Deltoid,376,3670,3.43,2025-02-05 15:36:02
910,hand,Hamstrings,427,1950,3.63,2025-02-16 14:02:39
913,arm,Gastrocnemius,307,4587,0.76,2025-03-02 11:37:21
977,arm,Gastrocnemius,174,4670,1.19,2025-02-06 03:38:47
702,arm,Deltoid,382,1733,4.8,2025-03-15 10:48:50
34,arm,Triceps,82,3260,4.27,2025-03-07 06:28:38
810,leg,Biceps,117,4491,1.66,2025-03-28 15:19:30
290,leg,Gastrocnemius,290,2699,3.23,2025-03-29 18:56:47
709,arm,Triceps,198,1754,3.28,2025-03-07 17:14:15
214,hand,Biceps,107,2352,2.69,2025-02-28 23:33:27
270,arm,Triceps,367,1093,3.0,2025-02-02 22:34:51
402,hand,Biceps,179,1855,2.82,2025-03-16 17:47:22
130,arm,Deltoid,226,4959,4.76,2025-03-10 05:44:39
936,hand,Hamstrings,275,2346,3.41,2025-02-18 16:15:57
320,arm,Deltoid,301,3564,3.75,2025-03-10 02:31:10
43,leg,Gastrocnemius,111,858,1.78,2025-02-04 04:13:20
39,arm,Quadriceps,385,1100,4.66,2025-02-27 07:49:04
817,arm,Biceps,396,4351,3.64,2025-03-15 13:41:07
892,leg,Triceps,217,3618,3.88,2025-03-22 21:54:08
543,leg,Deltoid,236,2609,2.16,2025-03-02 15:52:52
391,arm,Biceps,408,2306,3.73,2025-02-21 20:55:12
127,leg,Biceps,363,2372,4.55,2025-03-12 10:59:12
673,arm,Quadriceps,340,1570,1.86,2025-03-24 06:41:33
141,arm,Deltoid,349,1909,1.97,2025-02-02 22:54:25
973,leg,Biceps,437,3684,2.26,2025-03-14 09:59:45
235,arm,Biceps,82,4561,1.91,2025-02-23 06:52:32
50,hand,Gastrocnemius,64,3459,1.6,2025-02-02 22:05:51
549,arm,Hamstrings,500,4861,1.43,2025-03-05 11:08:00
583,arm,Triceps,282,4152,1.06,2025-02-05 11:41:00
12,hand,Deltoid,64,4950,3.46,2025-02-17 07:41:36
2,hand,Hamstrings,200,2292,4.76,2025-03-14 16:50:27
527,leg,Triceps,387,2622,1.25,2025-02-08 08:29:59
160,hand,Gastrocnemius,469,2197,4.98,2025-02-15 22:29:48
578,leg,Quadriceps,386,2720,3.96,2025-02-04 05:15:10
896,arm,Deltoid,392,4986,3.58,2025-03-21 23:15:54
231,leg,Deltoid,209,1661,3.93,2025-02-19 11:34:27
773,arm,Deltoid,387,661,1.82,2025-03-27 14:13:50
577,hand,Hamstrings,349,2748,3.1,2025-02-18 22:00:47
829,hand,Triceps,113,1287,4.7,2025-03-25 18:06:33
873,leg,Triceps,415,1889,1.28,2025-02-12 02:23:14
240,hand,Gastrocnemius,158,4423,4.39,2025-04-01 21:46:52
572,arm,Biceps,495,4497,1.97,2025-04-02 01:18:50
548,arm,Triceps,239,4685,2.61,2025-02-11 20:09:19
216,hand,Hamstrings,252,4320,0.83,2025-03-23 22:31:46
620,hand,Biceps,350,1051,1.36,2025-03-10 16:34:34
789,leg,Deltoid,206,4677,4.2,2025-03-09 04:54:06
495,leg,Quadriceps,186,4498,0.88,2025-03-09 21:00:19
250,leg,Triceps,82,639,3.82,2025-03-28 13:19:22
691,arm,Biceps,395,529,2.86,2025-03-09 08:27:54
711,hand,Gastrocnemius,418,3216,3.95,2025-03-25 02:20:16
235,hand,Gastrocnemius,88,4110,0.64,2025-03-09 04:13:25
651,leg,Biceps,291,3462,3.1,2025-02-01 12:46:27
408,leg,Hamstrings,210,1766,4.19,2025-04-01 00:38:17
684,arm,Deltoid,439,4415,2.57,2025-03-20 09:20:22
497,leg,Deltoid,86,4503,4.05,2025-02-18 16:38:20
249,hand,Triceps,202,836,3.41,2025-03-12 18:11:20
552,leg,Quadriceps,348,1193,2.79,2025-03-03 09:49:01
291,leg,Hamstrings,230,2548,2.78,2025-03-27 03:31:45
972,leg,Triceps,357,4857,1.85,2025-03-29 05:36:12
593,arm,Triceps,423,2590,3.77,2025-02-27 16:36:15
626,arm,Triceps,221,3178,1.45,2025-04-02 16:51:49
287,hand,Quadriceps,111,3964,1.52,2025-03-29 14:14:50
985,hand,Biceps,155,4687,3.96,2025-03-31 10:56:56
12,leg,Gastrocnemius,119,3625,4.82,2025-03-26 21:52:14
609,leg,Triceps,153,2781,1.42,2025-03-27 22:21:10
957,leg,Quadriceps,233,4281,2.59,2025-02-03 18:17:59
991,arm,Gastrocnemius,111,2653,2.98,2025-03-04 09:26:52
427,arm,Quadriceps,196,932,0.89,2025-03-19 22:52:22
146,arm,Quadriceps,231,4983,2.37,2025-02-05 04:57:58
323,arm,Deltoid,53,4776,1.11,2025-02-01 20:14:32
786,hand,Deltoid,364,4363,0.96,2025-03-12 10:00:16
808,leg,Triceps,112,2942,3.71,2025-02-13 20:24:13
965,leg,Gastrocnemius,394,3286,1.23,2025-03-17 04:57:09
945,arm,Deltoid,66,4277,3.74,2025-02-21 15:50:23
483,hand,Biceps,157,4473,4.15,2025-02-07 08:18:52
612,arm,Hamstrings,224,3092,2.29,2025-02-25 15:17:39
73,hand,Triceps,72,4131,4.11,2025-02-23 22:28:54
468,leg,Triceps,83,3487,3.32,2025-02-08 22:30:20
661,hand,Triceps,119,4991,2.08,2025-02-19 17:07:05
791,arm,Triceps,167,3264,2.12,2025-03-04 02:50:58
212,leg,Hamstrings,353,2253,0.89,2025-03-05 02:36:08
999,arm,Biceps,374,527,1.34,2025-02-21 13:46:54
870,leg,Triceps,252,3001,3.09,2025-02-08 01:36:25
894,hand,Hamstrings,92,1152,2.52,2025-02-21 06:21:47
238,arm,Gastrocnemius,75,1891,2.18,2025-02-13 20:57:18
675,hand,Deltoid,55,762,4.85,2025-03-01 02:44:50
563,hand,Biceps,380,4129,0.76,2025-02-13 02:38:06
885,arm,Quadriceps,260,4606,2.67,2025-03-22 15:35:07
112,leg,Quadriceps,408,2331,2.88,2025-02-25 09:01:24
448,leg,Hamstrings,334,2412,1.31,2025-03-14 19:33:24
87,hand,Deltoid,327,4388,0.75,2025-03-27 07:15:18
909,arm,Biceps,399,3049,2.59,2025-02-21 03:32:02
401,hand,Biceps,343,4974,3.2,2025-02-26 19:11:59
631,leg,Gastrocnemius,385,2820,4.77,2025-02-12 18:36:04
180,arm,Gastrocnemius,443,4017,4.13,2025-03-18 20:14:22
977,leg,Hamstrings,258,4911,4.86,2025-03-10 17:40:46
656,hand,Biceps,428,2033,1.86,2025-03-17 00:36:43
163,leg,Gastrocnemius,379,863,4.0,2025-03-14 19:56:51
708,arm,Hamstrings,255,3247,4.88,2025-03-24 22:28:54
261,leg,Deltoid,304,598,1.66,2025-02-18 11:28:53
630,arm,Biceps,168,1206,1.19,2025-02-17 09:08:59
507,arm,Deltoid,462,3745,2.19,2025-03-03 23:29:08
404,arm,Quadriceps,121,986,3.82,2025-03-20 02:08:41
187,leg,Gastrocnemius,123,3055,3.86,2025-03-12 18:47:39
763,arm,Hamstrings,183,2135,0.68,2025-02-21 09:56:58
752,arm,Hamstrings,219,1365,1.29,2025-02-06 23:57:38
851,leg,Gastrocnemius,367,2009,2.1,2025-02-17 13:31:29
751,hand,Biceps,293,3367,2.32,2025-03-13 01:02:56
708,arm,Deltoid,470,2257,4.39,2025-03-15 05:27:50
840,leg,Biceps,145,3017,3.48,2025-02-20 21:29:40
628,arm,Gastrocnemius,363,3208,3.15,2025-02-26 14:16:42
102,arm,Biceps,174,830,4.77,2025-02-10 02:44:43
208,leg,Deltoid,183,4378,4.34,2025-04-01 21:47:55
302,hand,Deltoid,147,2099,1.51,2025-02-28 00:29:45
626,leg,Gastrocnemius,444,3478,2.09,2025-03-29 23:52:08
475,leg,Deltoid,246,3763,1.89,2025-02-10 18:25:56
143,leg,Hamstrings,449,4115,4.64,2025-02-21 12:46:36
800,arm,Hamstrings,72,1949,1.16,2025-02-26 12:47:38
870,leg,Deltoid,130,1022,3.09,2025-02-02 22:07:27
29,hand,Biceps,125,3705,2.22,2025-03-22 20:01:45
223,arm,Quadriceps,316,1012,3.76,2025-02-05 04:39:50
534,arm,Deltoid,416,3360,4.25,2025-03-22 11:32:59
961,leg,Biceps,131,4614,0.82,2025-03-16 04:21:41
706,hand,Gastrocnemius,108,2598,0.95,2025-02-17 22:01:42
299,leg,Gastrocnemius,153,1347,4.62,2025-03-21 21:19:43
858,leg,Gastrocnemius,445,4786,1.72,2025-03-20 20:28:20
864,hand,Biceps,407,3537,1.94,2025-03-28 07:01:17
84,leg,Deltoid,434,3423,2.08,2025-03-02 02:34:33
713,arm,Biceps,381,1605,3.58,2025-03-02 01:47:50
602,hand,Quadriceps,326,1776,1.58,2025-02-14 10:22:21
63,leg,Quadriceps,217,3922,0.8,2025-02-20 21:15:32
692,leg,Triceps,80,2568,3.02,2025-03-02 21:04:07
999,arm,Hamstrings,287,4293,0.92,2025-02-04 17:44:31
817,leg,Biceps,375,3211,0.54,2025-03-11 08:31:57
999,arm,Biceps,443,1343,1.67,2025-02-20 09:24:40
662,leg,Biceps,51,3863,0.95,2025-03-31 08:17:08
621,arm,Quadriceps,270,3338,1.36,2025-02-01 03:47:30
544,hand,Biceps,332,1553,4.89,2025-02-11 11:19:42
267,hand,Triceps,303,3111,1.02,2025-03-16 19:59:17
884,leg,Triceps,345,1203,4.94,2025-02-07 11:39:30
956,leg,Gastrocnemius,441,4604,1.63,2025-02-21 12:28:15
261,arm,Biceps,170,4882,2.68,2025-03-23 20:28:20
712,leg,Quadriceps,116,576,1.04,2025-03-24 09:49:08
626,leg,Hamstrings,364,3874,0.97,2025-02-25 15:54:25
540,hand,Hamstrings,408,3462,2.44,2025-03-16 15:58:29
300,leg,Quadriceps,202,1847,3.7,2025-02-27 16:32:49
28,arm,Gastrocnemius,224,1256,4.15,2025-03-09 03:32:42
324,leg,Gastrocnemius,381,663,1.37,2025-03-27 21:03:00
363,leg,Hamstrings,179,4331,1.23,2025-03-02 05:40:55
138,arm,Biceps,175,1054,1.45,2025-03-18 19:12:36
273,arm,Biceps,57,3497,0.96,2025-03-12 11:04:15
715,leg,Deltoid,335,4653,3.18,2025-02-17 21:28:52
605,leg,Gastrocnemius,479,1046,1.92,2025-03-21 23:36:17
530,leg,Deltoid,352,991,2.35,2025-03-28 08:48:03
314,arm,Triceps,113,2442,0.52,2025-02-18 15:45:28
53,hand,Biceps,275,2717,3.4,2025-02-09 02:20:29
605,hand,Triceps,277,933,1.17,2025-03-02 21:14:55
459,hand,Hamstrings,226,4153,4.86,2025-02-26 09:56:08
414,hand,Gastrocnemius,341,3380,0.9,2025-02-18 04:09:03
637,leg,Quadriceps,316,1269,1.64,2025-02-01 10:33:17
500,hand,Quadriceps,71,2254,0.54,2025-03-09 22:34:44
919,leg,Triceps,335,3250,4.3,2025-03-11 05:10:14
890,leg,Deltoid,487,3866,4.88,2025-03-19 00:21:01
965,leg,Quadriceps,395,3321,2.3,2025-03-27 14:20:50
669,arm,Gastrocnemius,272,2966,4.65,2025-02-18 15:18:32
956,leg,Hamstrings,305,562,0.93,2025-03-16 20:37:04
275,arm,Hamstrings,262,2437,4.41,2025-03-17 03:55:22
624,leg,Biceps,339,2211,4.66,2025-02-07 00:36:40
540,hand,Biceps,120,3734,3.1,2025-02-16 15:47:40
737,arm,Biceps,258,4569,2.74,2025-03-13 14:35:11
585,arm,Biceps,197,3055,4.85,2025-04-02 16:41:26
385,hand,Triceps,483,4573,4.35,2025-02-07 11:16:06
282,arm,Quadriceps,162,1852,1.79,2025-04-02 18:48:29
41,arm,Quadriceps,153,2852,2.1,2025-02-13 17:38:47
693,arm,Gastrocnemius,96,1896,4.26,2025-03-24 06:33:43
397,leg,Triceps,340,4000,0.85,2025-03-30 02:58:41
374,leg,Deltoid,450,4394,2.04,2025-03-16 21:32:31
868,hand,Deltoid,278,3693,3.89,2025-03-21 03:54:37
731,arm,Gastrocnemius,459,4745,4.46,2025-02-11 04:18:20
625,arm,Quadriceps,118,2716,3.48,2025-03-19 04:20:48
51,arm,Quadriceps,132,4769,2.88,2025-03-29 16:53:35
716,hand,Biceps,161,3720,2.68,2025-02-23 00:52:14
96,arm,Hamstrings,237,518,1.01,2025-02-10 01:54:15
308,arm,Biceps,322,3996,2.49,2025-02-16 22:23:35
755,leg,Hamstrings,349,1122,3.0,2025-02-22 02:33:22
284,arm,Biceps,240,4073,3.18,2025-03-11 18:38:17
448,leg,Hamstrings,366,3493,4.73,2025-02-11 01:17:40
54,leg,Deltoid,53,2029,0.56,2025-03-03 05:16:11
78,arm,Hamstrings,497,2315,1.18,2025-03-24 02:05:48
335,arm,Gastrocnemius,107,4936,3.77,2025-02-16 13:40:25
253,hand,Triceps,140,3968,4.98,2025-03-15 10:33:45
611,hand,Hamstrings,152,2646,0.68,2025-03-09 22:51:56
608,leg,Quadriceps,248,1286,1.04,2025-02-21 20:37:01
174,leg,Deltoid,144,1716,4.98,2025-02-17 02:49:55
960,leg,Gastrocnemius,145,3031,3.32,2025-02-02 04:55:12
536,hand,Quadriceps,67,4197,2.29,2025-02-05 22:16:54
545,leg,Quadriceps,404,2954,2.08,2025-02-05 19:37:04
269,leg,Hamstrings,401,1901,3.02,2025-02-15 00:10:20
413,arm,Hamstrings,230,4321,0.74,2025-02-28 08:43:37
744,hand,Deltoid,148,2385,2.94,2025-03-14 08:24:50
389,leg,Quadriceps,411,4439,3.87,2025-03-24 15:19:52
242,arm,Deltoid,265,4974,2.99,2025-02-19 04:41:53
819,hand,Biceps,339,4018,2.71,2025-02-03 21:19:27
302,hand,Quadriceps,451,1279,2.68,2025-03-29 01:02:56
753,leg,Gastrocnemius,419,3170,1.06,2025-02-16 08:06:46
426,arm,Hamstrings,302,3926,3.33,2025-03-24 19:33:51
995,arm,Deltoid,367,4589,2.64,2025-03-13 17:06:51
603,arm,Gastrocnemius,441,4178,4.35,2025-03-18 15:50:03
506,hand,Hamstrings,406,2326,2.94,2025-02-15 17:28:18
302,leg,Triceps,333,4412,2.79,2025-02-16 09:40:42
141,leg,Hamstrings,151,2367,4.33,2025-03-22 05:23:00
890,hand,Quadriceps,498,1159,5.0,2025-03-30 13:29:10
470,arm,Hamstrings,182,3932,1.26,2025-02-25 13:28:32
998,hand,Deltoid,475,740,3.28,2025-02-14 06:07:07
110,hand,Hamstrings,106,1754,3.44,2025-03-04 10:47:22
529,hand,Gastrocnemius,286,4796,1.81,2025-02-27 00:35:44
910,hand,Deltoid,468,1793,3.12,2025-03-15 06:01:35
159,arm,Deltoid,476,4036,0.57,2025-03-07 07:25:04
161,arm,Hamstrings,424,2320,1.43,2025-03-06 12:01:56
839,leg,Hamstrings,301,4163,1.38,2025-02-04 16:19:43
956,hand,Biceps,219,825,2.77,2025-03-03 03:33:49
564,arm,Quadriceps,344,2087,1.13,2025-02-10 17:48:07
479,hand,Gastrocnemius,203,1016,3.47,2025-02-19 06:27:58
719,leg,Hamstrings,355,4884,3.53,2025-03-14 18:48:24
83,leg,Triceps,464,4890,1.94,2025-02-20 21:37:52
576,arm,Deltoid,275,867,0.55,2025-02-13 23:56:53
644,leg,Hamstrings,306,1514,3.51,2025-03-13 22:00:10
56,leg,Deltoid,472,1678,3.19,2025-03-31 16:07:38
557,leg,Hamstrings,340,1273,3.38,2025-02-16 08:30:16
113,leg,Triceps,87,4517,0.53,2025-02-22 20:56:41
624,hand,Quadriceps,102,3152,3.73,2025-03-07 01:36:47
37,leg,Biceps,232,2068,1.7,2025-03-16 02:32:18
943,hand,Biceps,124,745,4.08,2025-03-16 21:39:42
930,arm,Biceps,413,3229,1.49,2025-03-18 14:04:40
7,leg,Biceps,164,865,0.68,2025-03-02 20:34:42
183,hand,Hamstrings,404,3275,2.43,2025-02-22 12:21:48
406,leg,Biceps,105,3497,4.5,2025-03-16 18:22:25
750,leg,Gastrocnemius,448,2244,2.65,2025-03-11 12:20:41
91,arm,Triceps,327,2527,4.57,2025-03-03 18:39:42
979,leg,Quadriceps,225,3421,1.13,2025-02-15 23:23:40
851,arm,Biceps,74,4534,3.9,2025-03-22 03:00:52
934,arm,Quadriceps,179,4743,1.53,2025-03-23 03:49:26
868,arm,Gastrocnemius,134,1700,2.24,2025-03-09 04:24:47
1000,hand,Hamstrings,433,3589,3.87,2025-02-22 12:23:34
278,arm,Quadriceps,476,3150,3.12,2025-03-05 21:35:42
486,hand,Quadriceps,440,2293,1.13,2025-03-27 20:57:37
23,hand,Quadriceps,332,2388,4.97,2025-02-03 02:12:22
427,hand,Gastrocnemius,215,1602,4.21,2025-03-10 06:45:50
759,leg,Triceps,83,2183,3.1,2025-03-03 01:41:18
546,leg,Deltoid,236,4250,2.68,2025-02-20 07:21:06
83,hand,Quadriceps,158,1235,4.81,2025-04-02 07:57:37
128,hand,Gastrocnemius,80,2530,4.58,2025-03-21 15:14:39
945,leg,Deltoid,494,860,0.57,2025-03-23 21:18:38
326,leg,Hamstrings,268,806,1.53,2025-02-28 16:50:25
132,arm,Hamstrings,407,517,1.59,2025-03-14 12:30:12
643,arm,Hamstrings,302,2393,3.5,2025-03-27 01:56:50
993,arm,Triceps,127,3104,4.97,2025-02-06 06:48:52
329,hand,Gastrocnemius,218,4329,4.51,2025-03-31 21:52:01
453,arm,Hamstrings,344,1434,4.89,2025-02-07 15:09:16
279,hand,Quadriceps,438,1555,3.86,2025-03-18 13:28:04
550,arm,Biceps,207,4486,3.3,2025-03-16 01:10:50
695,hand,Hamstrings,209,3873,1.39,2025-03-30 16:19:04
224,arm,Gastrocnemius,69,2893,2.48,2025-02-15 16:19:30
774,hand,Hamstrings,490,4500,1.85,2025-03-07 11:55:54
32,arm,Quadriceps,408,1159,3.96,2025-03-16 20:37:18
242,leg,Quadriceps,212,1974,4.85,2025-03-14 01:27:18
463,hand,Hamstrings,295,4319,2.19,2025-03-24 22:29:56
267,arm,Deltoid,439,2664,3.13,2025-03-22 10:00:35
989,hand,Deltoid,197,1911,0.72,2025-03-12 07:42:39
733,leg,Deltoid,296,2207,2.08,2025-03-18 02:30:18
210,arm,Hamstrings,280,3147,4.96,2025-03-04 05:35:07
991,leg,Biceps,338,4825,2.22,2025-02-15 03:32:46
194,arm,Deltoid,54,2419,2.91,2025-03-28 08:10:15
799,hand,Quadriceps,354,3713,2.31,2025-02-17 15:56:28
816,leg,Quadriceps,320,4862,1.25,2025-03-27 16:25:36
949,leg,Biceps,274,3922,4.02,2025-03-16 18:23:51
366,hand,Triceps,246,2489,3.73,2025-02-02 06:01:39
788,arm,Gastrocnemius,481,2196,4.61,2025-03-18 05:28:29
748,arm,Biceps,57,1444,4.54,2025-02-22 20:03:02
895,leg,Hamstrings,470,2804,2.56,2025-03-13 02:37:09
783,hand,Deltoid,438,3668,1.26,2025-02-03 10:29:40
756,leg,Deltoid,72,4217,3.89,2025-03-11 09:57:14
867,arm,Quadriceps,202,2098,3.63,2025-03-10 19:56:03
75,hand,Quadriceps,173,605,2.56,2025-03-29 10:07:47
734,leg,Deltoid,296,794,1.71,2025-03-04 05:21:36
653,leg,Deltoid,317,4828,3.87,2025-02-23 05:26:09
419,leg,Hamstrings,441,1287,1.32,2025-02-27 20:16:06
838,leg,Hamstrings,124,3690,0.67,2025-03-28 20:19:52
27,leg,Deltoid,138,3694,2.48,2025-04-02 23:29:55
780,hand,Triceps,283,619,0.67,2025-03-08 09:18:26
114,leg,Hamstrings,151,1684,0.9,2025-03-14 08:23:31
370,arm,Triceps,231,2652,1.33,2025-03-14 08:54:04
332,leg,Quadriceps,407,2321,4.21,2025-02-07 17:33:18
940,hand,Hamstrings,285,3290,4.21,2025-02-28 21:06:25
538,hand,Biceps,62,4243,3.55,2025-02-20 20:46:32
496,leg,Quadriceps,257,1794,2.33,2025-03-12 20:37:13
864,arm,Quadriceps,202,1273,1.88,2025-02-27 00:16:27
940,hand,Deltoid,392,4588,4.43,2025-02-22 20:42:56
759,leg,Triceps,208,4166,1.61,2025-02-19 18:13:19
804,arm,Triceps,169,2750,0.86,2025-02-03 19:56:31
901,hand,Deltoid,181,2148,2.04,2025-02-09 14:38:52
318,hand,Hamstrings,187,1379,1.7,2025-03-12 10:11:28
372,arm,Gastrocnemius,64,3104,2.48,2025-03-28 23:51:37
544,arm,Hamstrings,467,2983,2.08,2025-02-17 22:50:18
103,leg,Biceps,148,3933,0.52,2025-02-25 01:51:01
399,arm,Triceps,433,3770,1.84,2025-03-18 05:32:58
761,hand,Gastrocnemius,160,1104,1.54,2025-03-19 12:58:29
710,arm,Quadriceps,313,1749,4.28,2025-02-04 15:34:35
392,arm,Hamstrings,142,1082,1.63,2025-03-19 02:12:12
175,leg,Quadriceps,97,831,2.64,2025-02-24 02:24:45
284,hand,Triceps,363,4393,2.76,2025-03-13 15:30:29
461,hand,Quadriceps,383,4297,3.53,2025-02-26 18:05:42
136,leg,Quadriceps,156,4125,3.06,2025-03-07 17:55:32
809,hand,Quadriceps,79,959,3.88,2025-02-08 02:01:45
854,arm,Deltoid,335,3797,2.87,2025-02-26 21:27:37
251,leg,Quadriceps,444,1902,0.86,2025-03-25 14:13:52
498,arm,Triceps,482,1521,0.95,2025-02-15 17:43:11
938,hand,Deltoid,267,2264,3.51,2025-02-04 14:01:24
892,arm,Deltoid,283,3167,4.84,2025-02-21 00:41:03
349,leg,Quadriceps,360,3133,3.8,2025-02-08 09:46:18
116,arm,Biceps,312,4014,1.44,2025-03-06 10:10:56
520,leg,Quadriceps,379,1453,3.54,2025-02-26 14:01:38
752,hand,Hamstrings,418,2230,3.39,2025-03-29 06:11:58
825,hand,Deltoid,155,2217,3.02,2025-02-11 17:50:26
169,arm,Quadriceps,428,3719,2.9,2025-03-15 16:50:58
486,leg,Hamstrings,367,4169,4.38,2025-02-26 03:38:52
135,hand,Biceps,183,3804,3.36,2025-03-01 00:58:16
244,leg,Biceps,84,4524,3.82,2025-02-03 19:56:57
395,leg,Biceps,360,1506,3.11,2025-03-03 22:43:48
560,leg,Gastrocnemius,178,3016,0.78,2025-03-15 06:21:27
880,hand,Gastrocnemius,107,636,1.81,2025-02-23 00:58:58
970,leg,Hamstrings,497,2676,1.39,2025-03-03 16:05:41
431,hand,Gastrocnemius,123,973,2.6,2025-03-02 04:40:52
738,leg,Biceps,160,4367,2.08,2025-02-22 03:47:41
371,hand,Gastrocnemius,431,2996,3.82,2025-02-28 02:38:44
465,hand,Gastrocnemius,397,4094,4.59,2025-03-16 20:55:59
141,leg,Deltoid,321,4712,4.88,2025-03-26 03:56:42
903,arm,Deltoid,67,565,1.11,2025-02-03 20:53:53
435,arm,Deltoid,405,4022,2.55,2025-02-19 09:39:35
366,leg,Quadriceps,357,1504,3.04,2025-03-29 03:04:54
656,leg,Hamstrings,439,817,4.09,2025-03-07 14:30:35
542,hand,Biceps,471,3879,1.42,2025-03-08 23:47:46
72,hand,Biceps,112,779,0.56,2025-03-17 01:52:20
790,arm,Triceps,144,4787,0.79,2025-02-24 10:55:55
889,leg,Biceps,392,3349,2.95,2025-02-11 06:58:02
946,leg,Triceps,326,1590,0.61,2025-02-23 00:21:25
670,hand,Quadriceps,377,1336,1.27,2025-03-12 21:10:16
549,hand,Biceps,427,4409,4.32,2025-03-28 15:54:54
850,leg,Biceps,204,3463,4.29,2025-03-11 04:14:41
414,leg,Gastrocnemius,356,3299,1.88,2025-03-01 14:16:44
901,arm,Hamstrings,415,1244,0.75,2025-03-06 04:52:08
892,hand,Quadriceps,345,3179,2.76,2025-02-20 08:16:59
226,hand,Hamstrings,292,2242,1.02,2025-03-17 06:57:34
56,hand,Gastrocnemius,196,1049,4.5,2025-03-12 03:01:14
918,hand,Hamstrings,103,1834,1.51,2025-03-24 12:25:37
169,arm,Quadriceps,465,812,1.17,2025-03-21 19:34:56
820,arm,Hamstrings,147,3463,4.15,2025-03-09 05:03:31
633,hand,Deltoid,315,654,2.27,2025-02-02 16:07:28
896,leg,Deltoid,171,1842,3.11,2025-02-10 17:28:41
298,leg,Quadriceps,227,4872,2.35,2025-03-07 08:38:14
19,hand,Quadriceps,289,1246,0.66,2025-02-05 05:24:55
894,leg,Deltoid,193,1166,2.94,2025-02-18 23:10:01
163,leg,Biceps,203,736,3.85,2025-03-09 08:59:58
915,hand,Deltoid,146,1998,1.01,2025-02-02 06:14:51
25,hand,Quadriceps,299,589,4.01,2025-04-01 18:55:05
318,hand,Biceps,64,3876,1.63,2025-03-13 11:43:14
187,leg,Gastrocnemius,167,3447,4.75,2025-02-04 12:17:56
845,arm,Gastrocnemius,182,3413,1.13,2025-03-24 01:43:58
976,leg,Quadriceps,112,1985,4.68,2025-02-06 12:04:26
741,hand,Triceps,413,3474,3.67,2025-03-29 09:00:27
755,arm,Quadriceps,146,4034,3.04,2025-03-04 08:15:17
397,leg,Biceps,384,4982,2.34,2025-02-01 12:51:00
460,arm,Biceps,146,3388,3.69,2025-02-06 07:03:09
746,hand,Hamstrings,323,4679,4.67,2025-02-14 14:32:19
103,arm,Quadriceps,266,2956,0.77,2025-03-19 20:14:50
701,arm,Gastrocnemius,67,1704,4.98,2025-03-20 15:11:30
325,hand,Triceps,76,3267,0.68,2025-03-13 09:01:09
209,leg,Triceps,386,4691,2.81,2025-03-12 05:52:45
947,hand,Hamstrings,117,1057,0.72,2025-03-26 15:39:14
348,hand,Hamstrings,262,3726,2.01,2025-03-17 21:45:59
868,hand,Gastrocnemius,230,2719,0.68,2025-02-09 16:07:44
144,arm,Deltoid,397,1211,2.54,2025-03-07 22:05:26
387,leg,Biceps,429,4510,3.21,2025-02-07 22:10:52
389,hand,Deltoid,419,3116,0.82,2025-03-19 02:17:53
371,leg,Deltoid,326,612,3.4,2025-02-06 15:35:24
433,arm,Triceps,445,4221,3.27,2025-02-25 17:19:05
792,leg,Gastrocnemius,223,4874,3.53,2025-02-24 13:46:24
953,arm,Deltoid,196,659,5.0,2025-03-09 07:34:05
297,hand,Biceps,499,610,4.56,2025-02-15 10:01:52
828,leg,Deltoid,256,3511,0.54,2025-02-27 08:24:47
436,leg,Quadriceps,473,899,3.55,2025-02-19 22:13:56
896,leg,Biceps,295,4527,4.94,2025-03-24 04:28:57
516,arm,Hamstrings,131,831,4.68,2025-02-16 16:29:21
722,arm,Hamstrings,251,4990,2.6,2025-02-13 03:36:06
258,hand,Biceps,282,4146,3.06,2025-02-01 05:20:29
912,hand,Quadriceps,322,4887,3.51,2025-03-08 22:06:11
787,arm,Quadriceps,269,3532,4.16,2025-03-31 14:32:56
225,hand,Hamstrings,421,1533,4.69,2025-03-08 03:25:35
929,leg,Gastrocnemius,463,2305,1.05,2025-03-20 12:37:07
836,hand,Hamstrings,80,2496,3.88,2025-02-20 12:08:38
272,leg,Hamstrings,168,2549,1.84,2025-03-24 13:32:07
564,hand,Gastrocnemius,241,4088,3.3,2025-03-18 06:14:33
92,hand,Triceps,136,4056,0.72,2025-03-03 20:25:06
740,arm,Triceps,94,3547,2.55,2025-02-13 15:02:31
959,leg,Deltoid,68,4686,2.21,2025-02-16 08:06:09
4,leg,Quadriceps,51,3973,0.76,2025-02-26 12:04:58
114,leg,Triceps,448,3112,3.79,2025-02-12 11:30:27
497,leg,Biceps,338,873,2.53,2025-02-25 22:01:37
448,hand,Biceps,58,4195,4.48,2025-03-11 15:58:18
676,arm,Deltoid,347,4320,4.67,2025-03-14 08:11:28
526,leg,Gastrocnemius,147,1402,3.35,2025-03-07 01:48:13
406,arm,Triceps,355,657,3.69,2025-03-16 10:52:42
549,hand,Hamstrings,319,836,4.31,2025-03-20 09:55:01
993,leg,Deltoid,236,557,1.15,2025-03-29 22:11:25
685,arm,Hamstrings,190,3792,3.94,2025-02-07 02:51:36
623,hand,Deltoid,89,3336,1.4,2025-03-09 01:41:11
318,hand,Hamstrings,222,4083,0.98,2025-02-18 17:04:39
476,leg,Quadriceps,460,2681,2.91,2025-02-23 12:16:51
894,arm,Hamstrings,277,2467,2.72,2025-02-28 17:06:05
386,hand,Biceps,453,4387,2.12,2025-02-28 15:24:34
118,hand,Triceps,271,3912,2.35,2025-02-02 03:01:54
688,hand,Gastrocnemius,122,2007,0.85,2025-03-24 14:45:22
340,arm,Quadriceps,493,2707,3.34,2025-02-03 21:06:49
540,leg,Deltoid,80,2098,3.34,2025-03-02 07:37:30
914,hand,Hamstrings,424,1545,2.22,2025-03-05 21:03:20
529,leg,Hamstrings,224,3412,1.93,2025-03-27 09:31:09
133,leg,Quadriceps,300,3087,2.12,2025-02-18 02:08:11
43,hand,Gastrocnemius,420,1513,1.82,2025-03-18 02:43:45
679,hand,Triceps,490,4355,0.64,2025-02-18 03:54:48
328,hand,Hamstrings,214,3612,3.1,2025-02-11 18:02:47
322,hand,Biceps,421,4360,4.19,2025-03-12 19:59:21
514,arm,Quadriceps,368,4740,4.44,2025-03-07 00:42:14
557,hand,Biceps,411,2111,3.72,2025-03-31 11:13:19
390,leg,Quadriceps,168,3611,3.18,2025-03-06 08:15:29
241,arm,Gastrocnemius,301,894,4.62,2025-02-16 08:06:08
477,arm,Biceps,274,2194,2.76,2025-02-25 06:35:30
759,leg,Deltoid,247,4863,2.4,2025-03-02 21:39:11
744,hand,Triceps,469,4819,2.46,2025-02-07 13:49:11
619,leg,Hamstrings,140,1902,1.54,2025-03-24 04:11:06
40,hand,Hamstrings,148,1291,1.82,2025-02-19 12:54:35
894,hand,Biceps,394,3623,2.58,2025-02-10 13:28:46
963,leg,Triceps,421,967,2.46,2025-03-19 00:53:34
429,leg,Deltoid,186,4456,3.82,2025-02-25 12:00:15
981,arm,Deltoid,338,563,1.06,2025-02-20 07:04:53
54,hand,Biceps,235,1237,3.1,2025-02-04 13:03:50
664,arm,Hamstrings,105,1614,2.58,2025-03-24 10:10:46
809,leg,Gastrocnemius,65,4514,0.94,2025-03-19 02:47:58
334,hand,Biceps,126,3176,1.78,2025-02-06 06:30:35
728,leg,Biceps,392,3263,0.97,2025-03-22 21:49:27
635,hand,Hamstrings,452,3283,1.55,2025-02-09 07:35:20
379,arm,Biceps,374,1721,2.78,2025-03-08 01:55:11
450,arm,Gastrocnemius,331,3433,0.81,2025-03-15 11:44:47
24,leg,Deltoid,123,4726,4.19,2025-02-18 22:17:11
373,hand,Hamstrings,242,2500,2.06,2025-03-21 09:05:05
447,arm,Biceps,346,2873,1.02,2025-02-21 06:24:28
292,leg,Gastrocnemius,491,1629,0.84,2025-03-29 06:24:30
15,hand,Biceps,190,4734,3.26,2025-03-28 01:35:19
519,hand,Triceps,198,3420,3.74,2025-03-03 11:07:27
441,arm,Triceps,167,634,1.29,2025-04-01 00:50:23
774,hand,Hamstrings,105,3276,2.78,2025-02-12 22:39:29
67,hand,Biceps,329,2535,2.71,2025-03-16 07:11:40
470,arm,Hamstrings,282,1418,0.98,2025-02-01 12:07:25
3,hand,Gastrocnemius,343,820,0.7,2025-03-25 19:30:59
366,arm,Triceps,361,2322,0.88,2025-03-10 18:31:55
647,arm,Quadriceps,426,2649,3.71,2025-02-17 11:00:03
580,leg,Gastrocnemius,169,4394,1.8,2025-03-16 13:05:32
37,arm,Deltoid,144,4709,1.87,2025-03-05 11:14:39
935,hand,Triceps,483,1116,0.86,2025-02-24 17:22:31
377,hand,Biceps,296,4730,2.16,2025-03-27 14:59:20
722,leg,Biceps,364,705,3.32,2025-02-25 03:12:31
257,hand,Hamstrings,470,4567,1.09,2025-03-14 05:45:28
846,leg,Triceps,310,1563,3.84,2025-03-04 15:30:12
459,hand,Triceps,356,4478,1.5,2025-03-19 05:03:22
194,hand,Biceps,54,796,3.92,2025-03-05 15:28:21
955,arm,Biceps,245,3653,0.89,2025-02-07 18:14:07
412,arm,Gastrocnemius,436,4537,0.64,2025-03-06 05:59:38
986,leg,Triceps,234,3628,1.02,2025-03-27 11:05:32
998,hand,Deltoid,179,3580,4.32,2025-02-12 03:59:03
18,hand,Quadriceps,58,1016,4.03,2025-02-09 03:01:52
458,hand,Hamstrings,152,3267,1.94,2025-03-21 15:09:23
136,arm,Deltoid,412,3569,3.17,2025-03-27 22:49:17
871,arm,Gastrocnemius,430,1730,2.88,2025-03-07 17:31:59
902,hand,Deltoid,55,4295,4.38,2025-03-23 22:19:29
781,leg,Biceps,168,2790,2.26,2025-02-24 08:36:25
996,hand,Quadriceps,170,3229,0.88,2025-03-30 19:44:26
650,leg,Triceps,71,2384,4.28,2025-03-21 03:35:13
592,hand,Deltoid,217,1087,3.95,2025-03-07 21:26:24
409,arm,Gastrocnemius,410,4725,1.18,2025-02-01 07:08:24
571,leg,Quadriceps,388,3696,4.03,2025-02-11 04:02:33
18,leg,Gastrocnemius,193,2283,2.13,2025-02-18 22:16:25
904,hand,Gastrocnemius,168,700,4.66,2025-02-22 01:54:56
198,arm,Quadriceps,395,1148,4.94,2025-03-29 14:01:01
608,arm,Gastrocnemius,399,942,1.94,2025-03-17 19:48:00
829,arm,Deltoid,156,4224,0.82,2025-03-25 12:59:36
900,arm,Triceps,390,2317,3.76,2025-03-30 06:30:15
39,arm,Gastrocnemius,369,1851,2.0,2025-03-19 12:04:08
406,arm,Quadriceps,293,4961,3.45,2025-02-07 11:08:46
73,hand,Hamstrings,84,2538,1.41,2025-02-09 09:15:54
862,hand,Hamstrings,384,4878,0.6,2025-03-04 16:40:56
322,arm,Biceps,312,1559,4.87,2025-03-02 11:22:55
338,leg,Hamstrings,126,3887,3.39,2025-02-18 07:05:11
862,leg,Biceps,97,2609,1.39,2025-02-03 14:19:46
174,arm,Biceps,145,4321,4.78,2025-03-16 21:50:09
972,arm,Biceps,186,4886,0.62,2025-03-31 01:35:57
353,hand,Gastrocnemius,217,1548,3.96,2025-02-10 07:39:15
993,arm,Gastrocnemius,218,3646,0.77,2025-02-20 11:09:54
120,arm,Biceps,467,1940,2.65,2025-02-03 15:15:55
187,leg,Hamstrings,247,1786,4.44,2025-02-05 16:01:50
326,hand,Deltoid,400,3959,1.57,2025-03-29 22:51:02
3,arm,Deltoid,223,1855,4.39,2025-02-16 22:37:46
594,hand,Deltoid,308,2080,2.96,2025-03-27 02:45:39
321,leg,Quadriceps,329,3285,2.12,2025-03-24 11:00:05
141,leg,Biceps,269,4045,0.54,2025-03-06 17:19:17
890,leg,Triceps,110,1193,2.92,2025-04-01 00:43:26
877,leg,Quadriceps,241,1429,2.69,2025-02-02 09:22:40
658,arm,Deltoid,172,4898,4.66,2025-02-05 07:56:18
762,leg,Hamstrings,223,2506,1.29,2025-02-08 04:30:10
914,hand,Quadriceps,221,1608,4.58,2025-03-24 08:30:01
42,arm,Gastrocnemius,386,2872,3.2,2025-03-29 06:31:35
174,hand,Quadriceps,211,2420,4.71,2025-03-03 13:09:03
250,leg,Quadriceps,216,1124,1.33,2025-02-15 08:02:45
250,hand,Quadriceps,315,4272,2.37,2025-03-09 11:24:18
58,arm,Hamstrings,85,1020,4.23,2025-02-18 05:12:14
2,leg,Quadriceps,293,669,4.43,2025-03-05 18:00:52
809,arm,Deltoid,389,1004,3.72,2025-02-03 15:28:35
489,leg,Triceps,407,4045,4.05,2025-02-28 07:42:43
594,leg,Deltoid,158,1495,1.29,2025-03-02 05:11:24
423,leg,Gastrocnemius,488,1265,2.26,2025-03-30 01:48:06
814,hand,Biceps,277,4596,2.55,2025-02-16 11:18:09
43,hand,Hamstrings,482,4852,4.16,2025-02-28 02:52:53
228,arm,Biceps,391,4778,2.78,2025-03-07 16:22:36
909,leg,Biceps,291,2890,2.56,2025-02-06 04:44:00
138,hand,Quadriceps,203,1325,1.1,2025-02-03 21:30:34
922,leg,Deltoid,435,2502,4.87,2025-02-22 04:33:42
85,leg,Biceps,121,3764,3.18,2025-03-14 12:03:57
579,hand,Gastrocnemius,110,3165,0.5,2025-03-29 05:31:38
166,hand,Triceps,242,4805,4.5,2025-02-01 10:16:52
411,leg,Triceps,500,4638,1.76,2025-02-12 00:49:09
716,leg,Hamstrings,227,4862,1.99,2025-02-19 20:14:21
136,leg,Biceps,442,4041,1.97,2025-03-24 13:41:58
556,arm,Biceps,134,2674,2.11,2025-03-26 21:41:50
792,hand,Triceps,385,3589,1.23,2025-03-12 14:01:27
792,leg,Quadriceps,63,1384,3.8,2025-02-07 19:09:07
359,hand,Deltoid,467,3789,4.05,2025-03-06 13:43:54
419,hand,Quadriceps,435,3581,2.66,2025-03-08 18:42:10
221,hand,Triceps,205,1322,4.94,2025-02-18 13:07:55
496,hand,Hamstrings,244,1985,2.27,2025-02-20 01:29:10
760,leg,Biceps,280,1262,3.69,2025-03-04 21:30:08
181,leg,Quadriceps,438,4580,2.67,2025-02-18 01:09:54
851,hand,Gastrocnemius,460,570,0.94,2025-03-31 13:06:28
471,arm,Quadriceps,290,3010,3.25,2025-03-16 04:12:36
964,arm,Deltoid,75,4544,1.4,2025-04-01 08:15:08
459,hand,Hamstrings,318,4789,1.97,2025-02-02 07:46:26
100,leg,Deltoid,340,2565,4.79,2025-02-25 17:21:43
993,hand,Hamstrings,462,2587,3.21,2025-02-13 19:06:11
834,arm,Deltoid,170,2671,2.59,2025-02-03 18:27:43
368,leg,Gastrocnemius,106,4449,3.24,2025-03-27 06:29:21
966,arm,Triceps,137,2036,1.78,2025-03-28 11:20:31
554,leg,Hamstrings,447,2513,1.02,2025-03-24 12:24:14
491,hand,Biceps,328,2045,2.62,2025-03-26 13:57:00
670,leg,Gastrocnemius,179,3053,1.46,2025-03-04 23:49:43
918,hand,Quadriceps,316,2762,4.47,2025-02-26 00:17:01
804,arm,Hamstrings,117,3422,1.24,2025-03-25 21:09:48
55,hand,Quadriceps,54,3195,4.13,2025-02-20 13:54:08
485,leg,Biceps,278,3634,3.47,2025-03-01 07:10:17
237,arm,Triceps,239,3302,1.21,2025-03-30 19:50:34
99,leg,Deltoid,54,1585,1.14,2025-03-27 12:05:25
836,hand,Triceps,104,4364,3.16,2025-02-10 06:45:58
336,leg,Gastrocnemius,179,2378,4.41,2025-03-08 08:25:34
179,hand,Deltoid,211,4841,2.13,2025-02-27 03:06:58
868,leg,Gastrocnemius,238,638,3.91,2025-03-11 02:25:28
520,leg,Deltoid,255,946,2.67,2025-03-21 07:12:12
818,hand,Gastrocnemius,479,1824,3.04,2025-03-28 20:59:14
154,hand,Gastrocnemius,416,1099,2.07,2025-03-01 21:59:35
96,hand,Biceps,286,2537,3.11,2025-02-08 23:15:54
929,arm,Biceps,119,2863,4.26,2025-02-18 05:26:36
919,arm,Biceps,105,2982,2.04,2025-02-19 17:10:08
687,arm,Deltoid,467,2659,1.61,2025-03-15 14:20:19
523,hand,Quadriceps,455,905,2.44,2025-02-01 19:58:46
466,hand,Gastrocnemius,269,2094,4.85,2025-02-02 06:04:09
977,hand,Hamstrings,404,1342,4.32,2025-03-26 03:11:05
413,hand,Hamstrings,357,3111,1.47,2025-02-25 20:57:10
716,hand,Gastrocnemius,500,3105,4.64,2025-02-06 21:39:56
410,leg,Quadriceps,408,3831,2.27,2025-03-04 23:58:24
764,arm,Hamstrings,114,2327,3.05,2025-03-26 17:12:16
38,arm,Quadriceps,458,2150,4.14,2025-03-11 17:54:16
810,hand,Hamstrings,289,949,4.21,2025-02-04 16:39:01
991,hand,Deltoid,191,3982,3.39,2025-03-11 23:36:45
102,leg,Triceps,257,4093,3.52,2025-02-16 14:31:26
188,leg,Biceps,74,4212,1.83,2025-02-19 22:13:18
161,leg,Hamstrings,495,4710,3.52,2025-03-23 01:09:08
789,arm,Quadriceps,79,3505,2.37,2025-03-13 02:45:04
72,hand,Hamstrings,493,2797,1.65,2025-02-06 20:43:27
368,hand,Quadriceps,446,3958,0.99,2025-03-05 03:16:48
846,arm,Deltoid,133,2366,2.3,2025-03-17 22:48:16
197,leg,Hamstrings,272,2486,3.31,2025-02-24 13:10:19
239,hand,Quadriceps,236,4604,2.97,2025-03-06 04:14:00
180,hand,Triceps,485,4257,0.74,2025-03-31 20:25:00
360,leg,Deltoid,196,3321,2.88,2025-02-03 23:17:30
137,leg,Triceps,85,3532,3.22,2025-03-25 11:00:14
480,hand,Quadriceps,485,5000,4.4,2025-03-30 09:02:43
112,hand,Triceps,95,3408,2.59,2025-03-10 07:15:11
203,arm,Biceps,222,2732,2.2,2025-04-02 12:56:23
1000,arm,Triceps,410,4443,3.88,2025-03-22 03:01:57
92,arm,Hamstrings,340,2772,4.06,2025-02-17 09:22:34
796,hand,Hamstrings,112,3898,4.3,2025-02-12 15:49:38
449,hand,Hamstrings,341,771,2.18,2025-03-22 05:28:24
544,hand,Biceps,335,1681,1.28,2025-02-16 06:09:10
190,arm,Triceps,394,4744,0.65,2025-03-25 03:13:08
2,leg,Hamstrings,50,2633,4.04,2025-03-02 15:41:06
379,hand,Biceps,122,855,2.16,2025-02-18 06:54:11
589,arm,Hamstrings,289,4229,0.86,2025-03-18 15:31:02
613,arm,Biceps,312,1119,3.47,2025-03-20 02:15:26
908,leg,Triceps,60,4867,1.48,2025-02-11 10:40:20
883,hand,Gastrocnemius,130,1159,1.21,2025-02-02 10:58:46
930,arm,Gastrocnemius,105,2377,0.57,2025-02-15 05:40:56
251,arm,Quadriceps,94,511,1.15,2025-03-03 03:08:25
279,hand,Triceps,275,1836,2.67,2025-03-13 02:10:39
984,leg,Biceps,135,557,3.63,2025-02-14 11:42:16
369,hand,Biceps,134,2864,4.64,2025-03-14 01:31:34
701,hand,Deltoid,430,2399,4.24,2025-03-06 05:22:10
638,hand,Biceps,213,659,4.56,2025-03-09 16:10:40
746,arm,Hamstrings,278,1502,2.89,2025-04-02 01:42:56
63,leg,Deltoid,251,4791,4.31,2025-03-29 06:59:21
514,hand,Gastrocnemius,450,4722,4.57,2025-02-18 22:49:11
385,arm,Triceps,302,4245,2.45,2025-03-05 06:03:36
959,hand,Hamstrings,98,1886,4.65,2025-03-07 03:37:09
978,leg,Deltoid,189,1177,1.24,2025-02-25 07:55:46
549,hand,Triceps,351,2700,4.93,2025-02-26 05:00:47
909,hand,Triceps,319,2325,2.1,2025-02-20 14:39:20
198,arm,Hamstrings,421,4198,0.79,2025-02-26 08:34:25
461,leg,Gastrocnemius,342,1952,2.61,2025-02-03 15:33:57
975,leg,Deltoid,329,1728,4.15,2025-02-15 10:03:50
63,arm,Hamstrings,195,3745,4.48,2025-03-13 06:19:16
760,hand,Gastrocnemius,54,3786,3.52,2025-03-27 09:01:48
491,hand,Quadriceps,380,4858,4.14,2025-02-21 11:00:58
983,arm,Hamstrings,291,3994,0.68,2025-03-02 17:26:55
662,hand,Deltoid,457,3722,4.16,2025-03-21 12:11:49
464,arm,Hamstrings,50,2644,2.52,2025-02-14 12:33:25
463,hand,Gastrocnemius,352,3657,2.35,2025-03-08 05:31:32
561,leg,Deltoid,231,3734,0.69,2025-02-08 05:06:15
455,hand,Triceps,363,4835,1.16,2025-02-21 21:31:54
798,leg,Gastrocnemius,59,4730,4.05,2025-03-08 09:56:06
96,arm,Deltoid,88,3220,1.28,2025-03-07 22:51:44
656,arm,Triceps,210,2523,1.42,2025-03-03 13:58:02
19,hand,Hamstrings,329,4794,1.46,2025-03-26 01:41:36
467,hand,Biceps,50,4365,3.64,2025-04-01 19:01:55
339,leg,Triceps,416,2160,4.71,2025-03-16 17:30:58
383,hand,Gastrocnemius,71,925,1.92,2025-03-22 19:12:26
959,leg,Triceps,78,4744,3.97,2025-02-26 13:55:27
252,arm,Deltoid,165,3658,2.2,2025-02-15 03:09:57
835,arm,Gastrocnemius,451,3304,1.34,2025-03-20 04:17:09
58,leg,Gastrocnemius,230,585,4.55,2025-02-19 11:02:35
296,hand,Triceps,343,1428,2.79,2025-03-07 00:13:23
385,arm,Hamstrings,415,1100,3.24,2025-02-28 22:15:48
621,arm,Quadriceps,341,3868,1.97,2025-03-06 02:13:36
320,leg,Deltoid,171,2281,1.52,2025-02-27 16:40:15
659,leg,Hamstrings,300,1530,3.28,2025-03-21 00:11:31
657,leg,Quadriceps,463,4775,1.13,2025-02-20 17:38:08
482,arm,Triceps,306,4489,3.18,2025-02-22 05:22:02
450,leg,Quadriceps,402,2791,3.99,2025-03-07 09:46:03
283,leg,Triceps,380,607,1.1,2025-03-18 23:55:13
388,arm,Deltoid,165,1129,2.65,2025-03-31 07:20:04
424,arm,Quadriceps,422,3519,0.67,2025-03-11 08:16:02
670,arm,Quadriceps,117,3934,4.6,2025-02-17 13:53:15
304,arm,Hamstrings,316,1788,2.05,2025-03-24 19:23:51
830,leg,Biceps,132,4311,3.79,2025-03-22 03:14:40
617,leg,Biceps,400,3188,1.87,2025-03-28 00:11:52
158,hand,Triceps,92,1786,3.31,2025-02-28 09:00:14
409,hand,Gastrocnemius,300,3348,0.92,2025-02-24 13:46:43
9,arm,Gastrocnemius,105,1482,0.7,2025-03-29 13:30:59
866,leg,Gastrocnemius,179,845,2.97,2025-02-22 22:44:02
79,leg,Hamstrings,238,2099,2.18,2025-02-16 01:43:23
509,leg,Biceps,250,693,2.16,2025-03-01 06:52:29
262,hand,Hamstrings,477,766,2.56,2025-03-02 14:58:21
948,leg,Triceps,154,967,2.33,2025-02-26 03:54:37
23,hand,Deltoid,124,4875,4.26,2025-03-01 19:30:53
703,hand,Deltoid,124,1611,2.54,2025-03-22 08:47:48
937,leg,Deltoid,284,1605,4.8,2025-02-03 13:37:04
984,hand,Quadriceps,496,3792,2.77,2025-02-10 00:11:19
229,hand,Gastrocnemius,229,2852,4.78,2025-02-05 12:19:18
30,arm,Triceps,486,2068,1.22,2025-04-02 14:07:47
994,arm,Triceps,315,2900,4.58,2025-02-20 11:12:43
298,hand,Gastrocnemius,221,568,4.47,2025-02-11 05:37:08
137,arm,Gastrocnemius,402,696,3.46,2025-04-01 15:56:46
351,arm,Biceps,219,4407,4.43,2025-02-26 18:53:11
14,leg,Triceps,245,2667,4.04,2025-03-05 05:51:43
338,hand,Triceps,411,4914,4.89,2025-03-18 18:54:52
470,arm,Hamstrings,231,1216,4.35,2025-02-23 20:19:15
127,leg,Deltoid,183,519,1.08,2025-02-05 19:23:49
506,leg,Biceps,230,3144,4.01,2025-02-01 06:00:53
921,arm,Biceps,283,3392,1.79,2025-02-25 13:43:19
175,arm,Gastrocnemius,245,1923,3.08,2025-02-25 05:02:47
22,leg,Triceps,333,1835,4.36,2025-02-01 22:24:47
651,leg,Hamstrings,472,4276,3.05,2025-03-31 13:50:49
631,leg,Biceps,144,2772,3.79,2025-02-20 18:07:51
485,hand,Hamstrings,334,3102,3.52,2025-04-01 05:45:32
789,hand,Triceps,208,3278,0.77,2025-02-03 06:53:03
317,leg,Hamstrings,297,2293,4.62,2025-04-02 04:34:07
31,leg,Gastrocnemius,449,4290,0.69,2025-04-02 10:33:04
107,leg,Hamstrings,116,1331,3.06,2025-03-20 08:49:21
459,arm,Gastrocnemius,460,1797,0.98,2025-03-25 16:36:07
533,arm,Hamstrings,227,4520,3.9,2025-02-04 04:51:06
804,hand,Quadriceps,233,2150,1.81,2025-03-25 12:02:38
1000,leg,Triceps,385,1971,1.13,2025-03-24 09:02:23
514,leg,Deltoid,433,3192,3.93,2025-02-15 04:41:04
372,hand,Biceps,284,3465,4.61,2025-02-28 08:08:26
994,hand,Hamstrings,375,4536,2.7,2025-02-06 09:53:10
184,leg,Quadriceps,207,1930,2.88,2025-02-19 02:31:49
145,arm,Triceps,234,2454,2.79,2025-03-03 02:55:32
13,hand,Quadriceps,349,3609,3.79,2025-02-06 12:36:57
688,arm,Gastrocnemius,132,4094,0.75,2025-02-18 22:39:00
541,hand,Biceps,474,2631,2.47,2025-04-02 22:09:10
475,arm,Biceps,300,2898,3.1,2025-03-28 14:38:23
491,hand,Deltoid,373,1309,4.37,2025-02-11 07:00:56
320,leg,Quadriceps,158,2233,2.03,2025-02-05 13:52:11
145,arm,Biceps,317,3788,2.98,2025-02-18 13:44:00
185,hand,Hamstrings,113,2646,0.69,2025-02-14 01:13:05
796,leg,Quadriceps,491,3685,1.94,2025-02-16 12:53:35
650,hand,Deltoid,315,2435,0.76,2025-02-22 05:30:10
937,hand,Quadriceps,274,3346,0.69,2025-02-09 04:17:44
548,hand,Quadriceps,170,3411,4.08,2025-02-13 08:48:30
876,arm,Biceps,485,1515,3.86,2025-03-24 20:23:13
991,hand,Biceps,325,2851,3.37,2025-03-31 03:38:11
274,hand,Biceps,380,4207,2.1,2025-03-28 07:38:25
238,leg,Triceps,268,3611,4.54,2025-03-01 14:31:28
859,arm,Hamstrings,307,2337,2.66,2025-02-22 11:16:01
643,leg,Quadriceps,71,1645,3.41,2025-03-20 00:37:03
835,hand,Hamstrings,108,5000,1.08,2025-02-27 00:50:16
866,leg,Gastrocnemius,98,1943,4.65,2025-02-25 20:47:56
994,hand,Quadriceps,264,1824,1.22,2025-02-16 16:20:01
377,arm,Gastrocnemius,130,3661,0.7,2025-03-20 07:38:51
593,leg,Triceps,232,1978,2.51,2025-02-02 01:31:06
307,leg,Gastrocnemius,300,1236,1.7,2025-03-14 10:11:29
807,arm,Gastrocnemius,360,606,2.88,2025-03-22 14:25:51
214,leg,Hamstrings,104,2870,2.23,2025-02-21 08:48:17
970,arm,Gastrocnemius,255,1588,4.13,2025-03-17 05:05:11
711,arm,Gastrocnemius,417,2714,4.71,2025-03-15 02:40:09
42,arm,Biceps,185,3716,2.16,2025-03-17 07:01:12
594,arm,Gastrocnemius,90,3702,3.14,2025-02-07 09:03:38
142,arm,Biceps,284,3573,1.6,2025-03-08 14:15:46
241,hand,Gastrocnemius,81,1541,3.31,2025-03-22 19:20:21
16,hand,Biceps,302,2380,1.99,2025-03-21 06:50:48
182,leg,Biceps,179,4674,2.58,2025-02-10 04:05:48
882,hand,Quadriceps,146,1501,3.61,2025-03-17 07:55:20
685,leg,Gastrocnemius,302,569,4.15,2025-03-18 21:18:22
258,arm,Hamstrings,434,4311,3.0,2025-02-14 10:02:53
931,arm,Biceps,284,4310,4.88,2025-02-11 17:24:45
149,leg,Biceps,141,1550,2.31,2025-02-27 00:07:18
834,hand,Hamstrings,251,1408,1.04,2025-02-08 17:04:00
219,hand,Biceps,372,2775,4.91,2025-03-08 16:36:40
766,leg,Hamstrings,171,3318,1.94,2025-03-05 02:42:56
441,leg,Deltoid,232,4488,4.57,2025-03-19 04:12:10
973,hand,Deltoid,98,1469,2.51,2025-03-04 10:13:59
323,hand,Triceps,497,2244,1.65,2025-03-29 11:24:13
594,arm,Biceps,338,2061,4.4,2025-02-24 21:15:37
983,leg,Triceps,365,1511,2.88,2025-03-18 02:44:09
51,leg,Hamstrings,459,525,4.27,2025-02-21 15:20:58
934,arm,Quadriceps,384,782,0.77,2025-03-28 14:08:28
791,hand,Deltoid,350,1895,3.73,2025-03-26 23:03:30
230,hand,Quadriceps,190,4277,1.02,2025-02-06 14:39:20
149,arm,Quadriceps,207,509,1.14,2025-03-07 09:03:04
920,hand,Quadriceps,432,3269,2.17,2025-02-04 06:34:00
300,hand,Gastrocnemius,429,633,1.99,2025-03-05 19:48:18
922,hand,Gastrocnemius,122,4711,2.79,2025-02-04 12:32:43
747,leg,Hamstrings,231,2174,4.62,2025-02-28 19:46:31
174,arm,Biceps,112,4401,2.58,2025-03-02 21:39:27
888,arm,Biceps,133,3080,1.17,2025-03-13 20:52:02
756,leg,Deltoid,195,2215,0.73,2025-03-07 02:02:04
61,leg,Triceps,482,3096,1.49,2025-02-15 14:30:05
306,arm,Hamstrings,348,3338,3.02,2025-03-24 18:28:01
911,hand,Gastrocnemius,313,2675,3.4,2025-03-10 23:51:15
819,hand,Quadriceps,180,2988,3.76,2025-03-28 02:10:00
904,leg,Gastrocnemius,236,3631,2.21,2025-03-24 12:57:59
664,hand,Gastrocnemius,257,1699,3.01,2025-02-28 11:06:44
934,leg,Deltoid,176,1820,4.9,2025-04-01 15:27:47
293,hand,Gastrocnemius,113,771,2.73,2025-03-22 05:28:46
595,hand,Hamstrings,403,2200,0.74,2025-02-27 02:00:33
743,hand,Gastrocnemius,256,3480,0.93,2025-03-11 06:44:29
625,leg,Biceps,187,4315,1.77,2025-03-07 05:20:19
600,arm,Biceps,420,4234,4.26,2025-02-04 05:25:08
204,leg,Quadriceps,304,1705,4.73,2025-02-03 07:04:06
988,arm,Triceps,452,1747,4.53,2025-02-01 16:41:13
504,hand,Gastrocnemius,472,1726,4.1,2025-04-01 19:17:17
815,leg,Gastrocnemius,374,3937,3.52,2025-03-31 00:08:11
891,arm,Triceps,498,1163,1.53,2025-02-08 20:01:47
115,arm,Biceps,96,1686,4.59,2025-02-24 05:26:14
888,arm,Biceps,66,3363,2.44,2025-02-11 15:33:53
891,hand,Deltoid,490,4418,1.79,2025-03-03 09:57:38
825,hand,Biceps,231,4459,1.6,2025-03-30 08:33:57
535,leg,Hamstrings,65,1063,0.81,2025-02-08 08:16:53
389,leg,Hamstrings,57,1622,3.43,2025-02-12 01:02:28
949,arm,Gastrocnemius,230,3510,2.14,2025-03-03 07:54:30
711,arm,Quadriceps,150,830,2.72,2025-03-21 01:44:17
537,arm,Quadriceps,465,952,3.54,2025-02-17 05:17:03
202,arm,Quadriceps,445,3825,1.47,2025-03-21 05:59:17
299,arm,Deltoid,164,2365,1.93,2025-03-17 14:27:31
948,hand,Gastrocnemius,455,3428,1.65,2025-02-08 23:17:24
229,arm,Biceps,327,3617,4.75,2025-03-07 20:39:22
174,arm,Gastrocnemius,299,1637,1.41,2025-02-08 05:03:17
602,leg,Deltoid,119,2383,3.44,2025-03-16 03:33:03
917,leg,Quadriceps,414,4363,2.14,2025-03-22 03:38:36
945,hand,Hamstrings,333,4848,1.32,2025-03-06 00:20:26
382,arm,Hamstrings,497,1429,2.35,2025-02-12 14:23:43
460,leg,Deltoid,115,2687,0.61,2025-03-02 03:03:19
682,hand,Deltoid,123,3900,3.09,2025-04-01 08:17:05
813,hand,Hamstrings,413,1101,1.9,2025-02-05 06:22:20
906,arm,Quadriceps,202,2049,4.66,2025-03-07 15:45:30
941,leg,Quadriceps,183,1903,0.6,2025-03-27 02:14:33
398,hand,Deltoid,492,2148,3.15,2025-02-26 16:08:44
525,leg,Triceps,198,3163,3.82,2025-03-21 10:16:50
73,hand,Gastrocnemius,307,2763,3.74,2025-02-06 17:38:58
997,leg,Gastrocnemius,237,2244,3.94,2025-02-23 01:14:09
919,hand,Gastrocnemius,444,2978,3.27,2025-03-10 12:24:43
760,arm,Triceps,120,2373,3.63,2025-04-02 05:43:03
702,arm,Deltoid,187,1060,0.69,2025-02-23 17:16:14
536,arm,Hamstrings,292,4586,0.96,2025-03-18 11:14:04
709,arm,Quadriceps,478,4764,3.89,2025-02-04 01:51:41
684,leg,Quadriceps,242,2351,1.61,2025-03-07 18:50:53
817,arm,Hamstrings,430,590,0.77,2025-03-28 12:52:10
597,hand,Biceps,200,3612,0.59,2025-03-04 03:26:31
981,leg,Hamstrings,320,1004,0.91,2025-02-04 05:19:43
690,leg,Hamstrings,410,1686,1.53,2025-03-20 22:22:10
683,leg,Quadriceps,227,4743,4.83,2025-02-23 22:17:48
441,hand,Hamstrings,439,1415,2.22,2025-03-08 17:00:13
21,arm,Quadriceps,202,2795,2.21,2025-03-07 15:07:21
214,hand,Deltoid,135,3374,4.78,2025-03-11 16:47:23
790,leg,Biceps,461,784,4.81,2025-02-28 22:43:48
255,hand,Triceps,224,2952,4.99,2025-03-01 22:36:48
22,hand,Hamstrings,483,536,1.22,2025-02-01 21:16:24
263,leg,Hamstrings,284,1527,3.98,2025-03-14 21:56:50
564,leg,Deltoid,371,4151,1.0,2025-02-27 23:45:38
322,arm,Triceps,431,4904,2.6,2025-02-19 10:26:59
228,arm,Deltoid,63,3741,1.4,2025-02-20 15:04:06
426,leg,Biceps,444,2337,4.94,2025-02-02 13:09:22
679,leg,Biceps,264,4190,1.03,2025-03-29 02:00:55
73,hand,Biceps,304,2663,4.91,2025-02-07 00:16:12
400,arm,Deltoid,203,1403,2.34,2025-02-21 05:16:16
664,leg,Deltoid,386,1268,1.83,2025-03-08 06:34:45
247,arm,Triceps,339,2239,2.43,2025-03-16 03:41:00
865,hand,Gastrocnemius,398,1382,1.22,2025-02-10 18:20:42
352,arm,Triceps,165,980,4.02,2025-03-28 07:05:09
295,arm,Gastrocnemius,127,4589,2.78,2025-03-17 02:22:30
515,arm,Biceps,72,4688,1.73,2025-03-14 09:17:22
802,arm,Quadriceps,117,3949,3.45,2025-03-27 06:22:48
988,arm,Deltoid,470,1453,1.96,2025-02-06 02:12:13
422,leg,Deltoid,116,943,0.78,2025-02-11 06:24:54
641,hand,Biceps,137,2318,1.98,2025-02-03 16:40:26
142,hand,Triceps,487,780,3.85,2025-03-26 22:00:33
712,arm,Biceps,193,1088,3.04,2025-03-14 05:21:42
744,hand,Triceps,200,4284,4.99,2025-02-07 15:46:13
826,leg,Quadriceps,191,1126,4.65,2025-02-21 14:12:32
173,leg,Biceps,185,4764,1.23,2025-02-13 09:54:20
797,leg,Quadriceps,145,2637,3.04,2025-02-28 17:55:24
650,hand,Triceps,119,3924,2.58,2025-03-08 05:27:47
824,leg,Triceps,312,3857,3.87,2025-04-01 22:12:22
260,hand,Biceps,464,1026,4.91,2025-03-02 12:09:46
59,arm,Triceps,379,3373,2.72,2025-02-21 16:25:37
1000,hand,Biceps,242,3862,2.16,2025-03-10 17:35:37
710,hand,Hamstrings,382,2769,0.77,2025-02-02 22:18:47
904,hand,Deltoid,341,3036,2.75,2025-03-09 13:13:33
249,arm,Triceps,60,898,3.59,2025-03-06 08:31:11
506,leg,Biceps,428,4053,1.62,2025-02-12 02:10:13
612,hand,Gastrocnemius,237,1301,3.61,2025-03-24 01:53:40
204,leg,Triceps,439,1402,1.71,2025-03-05 14:14:09
347,arm,Quadriceps,166,3535,1.66,2025-03-16 06:57:40
385,leg,Gastrocnemius,107,922,2.23,2025-02-24 21:45:06
434,leg,Gastrocnemius,52,1674,3.91,2025-03-29 02:54:27
566,arm,Hamstrings,449,2636,4.62,2025-03-22 07:36:00
417,arm,Triceps,111,3597,2.69,2025-03-28 06:39:17
411,arm,Hamstrings,114,1065,4.87,2025-03-15 14:06:12
632,hand,Quadriceps,340,4431,3.65,2025-03-06 19:05:29
782,hand,Biceps,453,3617,3.04,2025-03-04 00:00:34
301,leg,Biceps,231,4976,1.5,2025-02-04 15:26:51
583,hand,Hamstrings,467,3853,2.22,2025-03-27 04:35:11
702,hand,Gastrocnemius,244,2585,4.91,2025-02-11 13:55:10
742,arm,Biceps,242,937,4.7,2025-02-13 19:24:11
840,arm,Deltoid,227,4258,2.93,2025-02-22 09:49:13
434,hand,Triceps,470,4732,0.99,2025-02-05 04:59:26
267,leg,Hamstrings,64,3238,3.75,2025-03-26 07:20:10
787,leg,Quadriceps,426,625,3.24,2025-02-16 01:41:20
643,leg,Triceps,423,3456,0.89,2025-03-28 18:27:21
961,hand,Deltoid,290,4656,2.48,2025-02-14 06:45:21
563,hand,Quadriceps,361,3443,2.94,2025-03-12 22:29:45
564,arm,Deltoid,294,1833,3.52,2025-02-27 16:15:29
369,leg,Deltoid,53,3768,3.39,2025-02-16 15:24:16
558,arm,Gastrocnemius,403,4134,2.66,2025-02-10 16:40:10
601,leg,Triceps,102,1902,1.4,2025-03-17 19:15:52
582,arm,Biceps,226,4305,3.32,2025-02-12 03:02:17
444,leg,Quadriceps,369,3101,2.07,2025-03-21 20:37:55
857,leg,Hamstrings,204,2322,4.62,2025-03-18 07:01:06
265,leg,Biceps,100,918,3.97,2025-03-14 22:42:31
392,hand,Biceps,73,2863,0.63,2025-02-03 14:14:58
940,hand,Gastrocnemius,90,4067,4.81,2025-02-28 02:37:29
464,arm,Gastrocnemius,52,1271,4.84,2025-03-01 01:56:22
896,arm,Triceps,285,3933,1.89,2025-03-29 06:02:06
370,leg,Quadriceps,178,4971,3.41,2025-03-21 12:14:20
545,arm,Deltoid,171,2605,3.36,2025-02-25 22:23:55
539,arm,Quadriceps,446,3191,1.48,2025-02-16 15:34:08
464,arm,Hamstrings,144,2177,2.12,2025-02-17 15:46:02
694,leg,Quadriceps,405,4501,4.49,2025-03-16 10:34:48
449,leg,Hamstrings,418,1032,2.41,2025-02-26 06:08:48
250,leg,Hamstrings,234,2195,4.1,2025-03-21 19:47:58
615,hand,Biceps,215,3492,0.74,2025-03-18 06:49:04
57,hand,Quadriceps,454,3396,1.78,2025-03-02 18:18:55
1000,hand,Biceps,230,3265,2.15,2025-03-18 10:26:25
668,hand,Deltoid,262,706,1.68,2025-02-13 23:45:51
373,arm,Gastrocnemius,71,1044,2.85,2025-02-28 22:52:19
136,hand,Gastrocnemius,443,1890,4.17,2025-02-06 15:09:04
691,hand,Biceps,354,1281,1.25,2025-03-05 09:18:11
303,arm,Triceps,73,4240,1.85,2025-02-26 07:19:43
31,leg,Hamstrings,136,1794,2.65,2025-03-04 19:59:22
691,arm,Deltoid,359,1181,2.09,2025-02-26 19:02:45
517,hand,Hamstrings,433,620,4.37,2025-03-15 16:28:40
574,leg,Hamstrings,334,4666,4.37,2025-03-21 02:06:08
513,hand,Biceps,287,4531,4.31,2025-02-04 13:04:12
741,hand,Hamstrings,491,2913,3.7,2025-02-22 11:52:36
758,arm,Deltoid,126,750,2.99,2025-03-07 03:58:14
894,hand,Deltoid,444,1079,2.26,2025-03-11 14:22:58
495,arm,Triceps,136,2754,1.33,2025-03-17 00:50:53
831,arm,Deltoid,460,3034,3.17,2025-02-05 19:37:17
149,hand,Biceps,180,1094,0.86,2025-02-27 21:18:31
694,leg,Quadriceps,230,865,2.44,2025-03-04 13:43:27
606,leg,Gastrocnemius,380,863,1.1,2025-02-22 06:52:59
7,leg,Triceps,278,1869,1.66,2025-04-01 21:14:59
470,hand,Hamstrings,434,1941,4.34,2025-03-16 08:16:52
384,hand,Triceps,139,4985,3.32,2025-02-28 00:06:03
126,leg,Hamstrings,500,3420,2.4,2025-03-20 20:09:06
490,hand,Gastrocnemius,406,4050,1.49,2025-02-13 04:37:15
841,arm,Deltoid,243,1820,3.98,2025-02-13 08:26:24
593,hand,Hamstrings,178,2063,1.53,2025-02-13 20:46:23
700,leg,Quadriceps,348,4171,4.17,2025-02-24 09:20:58
419,arm,Deltoid,240,3798,4.52,2025-02-18 04:00:01
273,hand,Quadriceps,108,2013,3.26,2025-03-14 11:22:00
824,hand,Quadriceps,400,1700,0.68,2025-02-26 22:25:32
921,leg,Hamstrings,439,1631,4.54,2025-03-31 07:52:33
104,arm,Biceps,190,1873,4.07,2025-02-21 03:05:30
158,arm,Hamstrings,265,4813,2.09,2025-02-24 22:26:24
556,arm,Hamstrings,302,1309,4.59,2025-02-06 21:10:21
881,arm,Gastrocnemius,60,4758,4.49,2025-02-06 03:18:40
695,hand,Deltoid,109,2378,1.06,2025-03-17 14:41:01
413,leg,Hamstrings,268,2709,1.62,2025-02-10 16:00:08
829,arm,Triceps,94,3759,0.52,2025-02-01 22:20:58
451,arm,Gastrocnemius,312,1984,1.44,2025-02-20 01:43:12
132,leg,Quadriceps,430,2934,0.84,2025-02-17 01:36:08
899,leg,Quadriceps,351,3332,2.34,2025-04-02 10:01:57
715,leg,Hamstrings,149,2815,3.39,2025-03-10 22:36:59
881,hand,Gastrocnemius,166,1295,4.72,2025-02-11 20:15:12
295,arm,Gastrocnemius,83,1426,3.82,2025-02-27 06:30:40
951,arm,Gastrocnemius,249,2299,4.12,2025-02-07 00:29:24
966,hand,Deltoid,335,1196,1.93,2025-03-29 17:07:11
500,hand,Quadriceps,457,1848,0.64,2025-02-15 15:12:11
157,leg,Deltoid,73,1647,4.59,2025-03-03 12:36:20
833,arm,Biceps,483,2964,4.79,2025-02-27 07:56:04
454,hand,Triceps,408,609,0.84,2025-03-06 05:20:36
813,arm,Gastrocnemius,458,4582,4.78,2025-02-12 14:45:19
755,leg,Triceps,273,3703,2.84,2025-03-19 03:16:33
983,hand,Biceps,161,2426,1.01,2025-02-26 23:06:50
8,arm,Triceps,50,2661,2.92,2025-02-25 00:58:12
587,leg,Triceps,134,4452,4.19,2025-02-03 13:41:05
690,arm,Hamstrings,356,3531,3.13,2025-02-11 11:54:18
994,arm,Biceps,385,666,1.18,2025-03-22 01:46:43
55,arm,Deltoid,116,3743,3.74,2025-03-09 10:43:23
330,leg,Triceps,344,4071,1.73,2025-02-09 23:22:29
131,leg,Triceps,190,3451,1.74,2025-02-18 10:43:08
829,leg,Triceps,263,4560,4.51,2025-03-18 16:33:53
337,arm,Hamstrings,149,4154,4.05,2025-03-17 15:08:18
749,hand,Quadriceps,306,1435,1.61,2025-03-14 12:55:21
84,hand,Deltoid,241,2648,1.47,2025-03-11 01:10:05
48,hand,Hamstrings,130,4942,3.85,2025-02-08 16:36:00
351,hand,Quadriceps,353,1664,2.27,2025-02-27 00:34:23
157,arm,Deltoid,346,2004,4.94,2025-03-19 22:10:45
371,hand,Quadriceps,77,3700,1.18,2025-03-20 10:51:04
571,arm,Gastrocnemius,363,4801,3.64,2025-03-13 16:57:33
406,hand,Biceps,94,1362,3.92,2025-02-17 23:01:58
518,leg,Triceps,491,2371,3.48,2025-02-27 10:19:59
443,leg,Hamstrings,416,4735,4.12,2025-03-11 20:37:59
754,leg,Triceps,172,3456,1.99,2025-03-30 10:40:53
958,leg,Hamstrings,395,4096,1.48,2025-02-07 04:07:08
312,arm,Hamstrings,315,3979,3.67,2025-03-21 17:22:39
743,hand,Hamstrings,434,517,2.15,2025-03-17 14:32:05
937,arm,Deltoid,107,2414,2.82,2025-03-15 04:06:52
790,arm,Hamstrings,202,2848,1.01,2025-02-07 20:17:44
586,hand,Hamstrings,453,3047,3.64,2025-03-22 22:13:54
348,arm,Biceps,398,1287,4.75,2025-02-05 23:06:15
210,arm,Quadriceps,488,542,2.36,2025-03-04 15:29:37
27,arm,Quadriceps,91,4221,2.9,2025-03-25 14:42:25
632,arm,Triceps,264,1913,0.9,2025-03-30 13:26:43
405,hand,Hamstrings,181,3361,2.51,2025-03-09 20:55:07
961,arm,Triceps,62,4522,3.81,2025-02-21 15:55:39
170,leg,Deltoid,304,651,1.22,2025-02-24 01:09:55
898,hand,Gastrocnemius,267,1314,4.6,2025-03-08 12:21:29
114,leg,Biceps,290,3837,0.85,2025-02-13 06:36:42
826,hand,Quadriceps,478,4651,1.19,2025-02-24 14:17:02
76,arm,Deltoid,226,4090,3.61,2025-03-31 10:55:01
504,hand,Deltoid,476,4045,3.12,2025-03-12 18:30:39
717,arm,Biceps,473,1699,4.2,2025-04-01 14:52:23
963,hand,Quadriceps,449,4773,3.81,2025-03-26 05:43:39
22,arm,Hamstrings,186,4700,1.5,2025-02-09 00:22:15
482,leg,Deltoid,278,2121,3.96,2025-03-19 20:00:17
740,arm,Hamstrings,347,4705,0.95,2025-03-12 23:40:40
611,arm,Deltoid,318,4247,3.16,2025-03-22 06:10:58
322,arm,Hamstrings,67,3148,4.76,2025-02-28 23:42:03
954,hand,Deltoid,460,2757,2.63,2025-03-09 01:00:32
310,leg,Hamstrings,154,3775,4.65,2025-03-15 20:34:14
854,arm,Quadriceps,135,916,1.73,2025-03-23 13:12:39
286,hand,Triceps,311,2340,3.72,2025-03-11 12:10:53
581,arm,Biceps,275,606,3.23,2025-03-17 11:04:07
19,leg,Triceps,421,1287,0.61,2025-03-21 10:03:41
980,hand,Triceps,492,725,0.7,2025-03-07 20:34:13
189,leg,Hamstrings,73,1655,0.95,2025-02-11 22:04:11
136,hand,Biceps,439,4785,4.79,2025-02-28 13:57:14
917,hand,Gastrocnemius,499,1935,2.73,2025-02-03 17:53:55
864,arm,Quadriceps,467,2908,1.66,2025-03-08 17:23:22
197,hand,Deltoid,132,505,0.86,2025-03-23 06:20:43
278,arm,Biceps,284,2701,1.15,2025-03-01 08:05:21
491,hand,Gastrocnemius,258,839,1.78,2025-03-06 15:16:39
891,leg,Hamstrings,398,2390,2.57,2025-03-05 00:37:28
849,leg,Biceps,413,4267,4.95,2025-02-21 12:48:05
678,arm,Gastrocnemius,326,2541,4.26,2025-03-13 12:47:41
190,leg,Gastrocnemius,376,4344,1.55,2025-03-11 03:45:25
81,arm,Deltoid,380,4717,1.94,2025-02-28 18:43:10
190,arm,Gastrocnemius,257,1372,4.25,2025-03-22 22:00:19
989,arm,Triceps,431,2669,4.92,2025-02-09 19:41:01
220,hand,Biceps,215,3779,3.84,2025-02-09 03:13:03
344,arm,Quadriceps,131,3115,3.22,2025-02-04 05:51:21
424,leg,Quadriceps,130,624,3.67,2025-02-20 21:30:31
66,hand,Triceps,478,3750,3.9,2025-03-19 21:19:08
27,hand,Triceps,109,4881,2.5,2025-03-13 07:14:37
916,leg,Gastrocnemius,376,4250,0.82,2025-02-14 23:01:57
300,arm,Gastrocnemius,281,1023,1.86,2025-02-14 22:39:40
895,arm,Triceps,368,1299,2.56,2025-02-21 12:19:29
452,hand,Triceps,302,3010,2.53,2025-02-18 13:34:01
992,arm,Hamstrings,391,4100,1.24,2025-03-20 21:33:57
632,hand,Triceps,162,817,2.87,2025-02-03 03:13:51
687,leg,Deltoid,343,1437,2.27,2025-03-12 00:58:34
408,leg,Gastrocnemius,127,4625,1.51,2025-02-05 07:48:09
48,arm,Triceps,413,925,0.6,2025-04-01 11:17:59
673,leg,Hamstrings,341,861,4.23,2025-03-29 09:01:42
606,arm,Biceps,214,1064,3.67,2025-02-25 16:43:47
154,leg,Biceps,163,4768,4.03,2025-02-16 07:12:23
628,hand,Deltoid,213,2409,3.41,2025-02-15 05:56:46
610,leg,Biceps,427,3712,1.69,2025-03-14 12:40:48
883,hand,Deltoid,226,2936,4.88,2025-03-09 15:58:21
457,leg,Hamstrings,301,1532,2.82,2025-03-24 08:19:04
47,hand,Gastrocnemius,288,1997,0.93,2025-03-25 00:31:32
193,arm,Gastrocnemius,351,3484,0.95,2025-02-04 23:28:58
269,leg,Gastrocnemius,179,1777,3.67,2025-02-08 00:55:57
416,hand,Gastrocnemius,110,1558,1.42,2025-03-18 18:30:00
118,leg,Triceps,322,2803,0.87,2025-02-22 05:05:16
647,arm,Triceps,248,709,0.66,2025-03-30 05:33:03
115,hand,Quadriceps,453,3123,4.8,2025-02-19 11:34:50
667,hand,Quadriceps,124,1747,2.94,2025-02-28 15:13:08
475,hand,Biceps,134,2086,2.9,2025-03-14 21:28:14
386,leg,Biceps,348,2677,3.81,2025-02-23 16:48:17
685,hand,Deltoid,52,1064,3.95,2025-03-01 17:42:56
416,arm,Biceps,270,1973,4.24,2025-03-13 15:06:42
214,hand,Quadriceps,358,3046,0.73,2025-03-19 13:36:14
264,leg,Hamstrings,237,1217,3.68,2025-02-25 07:10:21
306,leg,Biceps,389,2058,3.43,2025-03-21 02:34:30
506,arm,Quadriceps,184,2560,3.25,2025-02-27 09:54:29
650,hand,Biceps,253,2526,3.37,2025-03-25 16:43:06
904,leg,Biceps,50,2465,3.35,2025-03-04 10:06:00
562,leg,Quadriceps,281,3071,3.7,2025-03-22 19:31:52
878,hand,Triceps,458,1619,3.03,2025-03-06 17:11:39
85,leg,Quadriceps,269,4045,4.38,2025-03-29 09:19:01
246,hand,Hamstrings,439,1335,1.96,2025-03-09 02:24:32
849,arm,Hamstrings,94,3328,3.22,2025-03-24 09:49:17
884,arm,Gastrocnemius,200,663,2.81,2025-03-22 23:16:48
207,hand,Biceps,366,3203,4.6,2025-03-28 16:38:46
942,leg,Biceps,186,2585,2.46,2025-02-15 17:35:24
996,arm,Gastrocnemius,193,1532,4.62,2025-03-26 10:56:03
147,leg,Triceps,158,4565,1.68,2025-03-24 16:45:49
20,hand,Triceps,112,2827,1.19,2025-03-21 06:41:33
324,arm,Quadriceps,80,3358,1.48,2025-02-08 01:41:09
800,arm,Deltoid,290,2011,1.46,2025-02-16 18:02:12
709,arm,Biceps,102,2286,0.91,2025-03-15 12:10:22
649,arm,Gastrocnemius,165,1429,1.3,2025-03-30 09:42:17
948,leg,Triceps,158,4491,4.37,2025-02-08 08:18:06
520,hand,Triceps,101,3103,0.64,2025-03-26 04:22:11
486,arm,Quadriceps,137,3749,2.44,2025-03-06 14:50:13
250,arm,Hamstrings,320,1600,4.18,2025-02-10 07:33:57
822,arm,Triceps,219,4646,1.35,2025-03-03 01:37:42
114,leg,Hamstrings,344,2715,3.29,2025-02-12 17:55:46
813,arm,Biceps,133,3337,2.59,2025-03-30 14:25:31
925,leg,Hamstrings,101,1692,3.2,2025-02-10 03:37:26
517,leg,Hamstrings,130,4989,3.57,2025-02-17 15:21:42
205,arm,Triceps,316,964,2.43,2025-02-10 08:37:18
887,hand,Triceps,235,1351,4.0,2025-03-11 15:22:00
604,hand,Biceps,125,1420,2.51,2025-04-01 11:36:01
838,hand,Deltoid,210,630,0.88,2025-03-20 14:01:23
96,leg,Quadriceps,160,1905,4.89,2025-03-07 00:29:17
311,arm,Quadriceps,348,4095,2.68,2025-02-20 05:57:05
561,hand,Quadriceps,62,4053,0.94,2025-03-09 13:48:11
734,leg,Hamstrings,85,2913,4.37,2025-03-25 11:19:15
402,leg,Hamstrings,452,2879,4.48,2025-03-21 15:04:09
348,leg,Gastrocnemius,325,2665,2.79,2025-03-19 12:19:43
441,hand,Gastrocnemius,469,1743,4.66,2025-04-01 03:11:28
46,arm,Deltoid,404,1720,1.23,2025-03-14 06:19:30
48,leg,Biceps,292,4970,2.36,2025-03-23 22:41:23
754,leg,Gastrocnemius,156,1179,3.84,2025-02-15 23:12:26
23,leg,Gastrocnemius,319,4126,2.44,2025-03-05 09:46:41
344,hand,Triceps,371,3664,2.18,2025-03-18 12:01:12
500,leg,Gastrocnemius,213,923,3.73,2025-02-12 16:02:37
579,hand,Hamstrings,112,1366,4.55,2025-04-02 02:07:23
143,hand,Deltoid,342,4311,4.28,2025-02-16 19:34:47
664,leg,Triceps,174,1654,3.83,2025-02-24 23:56:11
171,hand,Quadriceps,433,3737,2.66,2025-03-03 08:30:31
39,hand,Quadriceps,403,726,0.91,2025-03-05 15:48:42
542,arm,Quadriceps,113,2692,4.46,2025-03-15 15:23:14
626,hand,Gastrocnemius,52,603,3.07,2025-02-22 06:37:47
954,hand,Quadriceps,316,3935,4.74,2025-03-11 07:46:15
217,hand,Biceps,485,548,3.75,2025-02-13 04:31:13
555,leg,Triceps,491,3323,3.45,2025-02-28 19:57:10
894,leg,Hamstrings,409,3156,4.21,2025-02-04 16:31:30
906,hand,Deltoid,77,3189,1.06,2025-03-24 22:02:03
373,hand,Biceps,345,3915,2.68,2025-02-08 07:36:09
743,leg,Gastrocnemius,423,3426,4.72,2025-02-15 09:40:38
933,arm,Biceps,428,3422,1.35,2025-02-19 13:18:06
819,leg,Quadriceps,122,3623,2.07,2025-02-11 11:22:52
576,leg,Quadriceps,419,3026,0.53,2025-03-08 22:00:53
414,hand,Quadriceps,269,2069,2.55,2025-02-11 23:05:48
281,arm,Quadriceps,146,1245,1.74,2025-03-12 06:17:32
863,hand,Hamstrings,165,1287,2.43,2025-02-18 06:17:07
700,hand,Gastrocnemius,332,2225,4.66,2025-03-26 01:23:04
626,hand,Deltoid,252,2176,1.28,2025-03-12 14:24:47
670,arm,Gastrocnemius,200,4669,2.24,2025-02-07 19:24:15
300,leg,Deltoid,115,4607,2.81,2025-03-05 17:10:06
266,leg,Gastrocnemius,496,1153,2.06,2025-03-09 14:12:15
951,arm,Quadriceps,76,578,1.64,2025-03-18 04:46:14
144,arm,Deltoid,140,3157,3.19,2025-03-22 10:28:31
815,leg,Biceps,178,1328,1.52,2025-03-11 06:53:08
131,leg,Biceps,321,1711,4.56,2025-02-24 19:30:59
660,leg,Triceps,480,3341,1.13,2025-03-21 10:24:13
203,hand,Gastrocnemius,302,2433,3.15,2025-03-03 05:27:34
303,hand,Hamstrings,383,1388,2.76,2025-03-10 10:11:24
168,hand,Gastrocnemius,405,3341,3.69,2025-03-26 17:51:53
63,leg,Quadriceps,327,1563,0.95,2025-03-16 06:21:36
144,hand,Gastrocnemius,387,3557,3.31,2025-02-22 20:38:21
712,hand,Triceps,57,1825,1.96,2025-02-02 19:59:49
489,arm,Deltoid,389,1470,1.04,2025-03-01 04:28:22
165,arm,Gastrocnemius,235,4719,1.46,2025-02-09 02:37:06
884,hand,Biceps,289,853,3.12,2025-03-09 20:57:14
127,leg,Gastrocnemius,74,1646,3.12,2025-03-21 23:36:18
69,arm,Triceps,287,4680,1.2,2025-02-25 01:20:20
263,arm,Deltoid,320,554,0.86,2025-02-17 19:33:59
983,arm,Deltoid,336,1807,1.4,2025-03-18 03:00:43
791,leg,Quadriceps,470,4011,4.39,2025-03-19 10:53:04
74,leg,Deltoid,411,1910,1.08,2025-03-13 07:08:30
129,hand,Hamstrings,394,4667,2.83,2025-03-01 15:53:40
674,leg,Quadriceps,272,2272,3.26,2025-02-06 02:31:02
399,leg,Hamstrings,478,3207,4.7,2025-02-08 11:03:39
741,leg,Triceps,320,1438,4.51,2025-03-23 11:22:53
339,arm,Deltoid,229,4928,1.04,2025-02-13 03:33:59
638,hand,Hamstrings,465,1817,1.46,2025-03-09 20:25:06
788,arm,Hamstrings,354,747,4.76,2025-03-24 04:32:53
782,hand,Biceps,238,1267,3.43,2025-02-03 21:18:48
864,arm,Deltoid,139,3268,0.86,2025-02-09 04:28:39
711,arm,Deltoid,192,1632,3.72,2025-03-30 00:47:17
10,arm,Gastrocnemius,165,2582,1.67,2025-02-24 19:04:08
358,hand,Biceps,315,2815,4.59,2025-04-01 08:20:05
795,arm,Gastrocnemius,461,3667,1.87,2025-02-26 18:20:17
60,arm,Triceps,307,3401,3.22,2025-03-08 08:50:03
690,leg,Triceps,129,613,1.96,2025-02-10 01:26:05
36,hand,Triceps,290,1030,1.73,2025-02-05 11:01:21
418,leg,Biceps,251,2099,4.56,2025-02-02 09:30:29
788,leg,Gastrocnemius,117,780,1.24,2025-03-02 23:44:17
917,leg,Biceps,465,1877,2.24,2025-02-27 09:05:00
295,leg,Deltoid,318,1658,4.25,2025-03-23 11:46:14
725,leg,Quadriceps,326,1822,1.0,2025-02-24 00:04:57
117,hand,Deltoid,245,612,1.0,2025-02-17 08:47:08
5,leg,Hamstrings,455,573,3.07,2025-02-15 09:35:58
828,arm,Deltoid,424,2881,0.99,2025-02-07 01:52:33
560,hand,Gastrocnemius,196,4505,2.22,2025-03-25 17:30:51
815,hand,Gastrocnemius,432,2088,4.77,2025-03-05 09:41:06
348,arm,Gastrocnemius,334,1734,3.66,2025-03-09 22:30:04
217,hand,Hamstrings,198,1729,0.72,2025-02-11 17:54:38
71,hand,Hamstrings,228,4863,4.46,2025-03-19 13:31:26
557,leg,Biceps,91,3474,1.68,2025-03-26 21:44:58
750,leg,Hamstrings,108,3730,2.75,2025-03-05 07:02:18
675,arm,Gastrocnemius,161,1137,1.14,2025-03-18 18:53:19
526,hand,Hamstrings,364,3324,4.11,2025-03-01 19:17:04
425,leg,Triceps,109,1415,4.85,2025-03-22 09:27:05
541,leg,Triceps,104,4811,2.52,2025-03-26 08:02:03
735,arm,Gastrocnemius,66,3115,0.69,2025-02-04 07:34:32
883,leg,Biceps,149,1390,3.2,2025-03-26 16:47:03
162,hand,Deltoid,150,4917,3.39,2025-02-18 16:42:09
207,leg,Gastrocnemius,344,3133,3.44,2025-03-17 17:55:34
607,leg,Deltoid,121,1550,2.8,2025-03-03 00:34:04
528,arm,Deltoid,330,3736,2.36,2025-02-22 18:55:35
73,hand,Triceps,98,3981,2.74,2025-02-27 00:15:48
716,arm,Quadriceps,381,1440,0.99,2025-03-21 21:48:40
260,leg,Biceps,169,1486,2.12,2025-02-07 06:02:51
182,arm,Gastrocnemius,421,991,3.24,2025-03-30 01:45:39
234,hand,Quadriceps,147,2576,4.7,2025-03-22 03:39:35
649,leg,Hamstrings,279,2676,2.85,2025-03-22 05:28:48
345,arm,Triceps,441,686,1.29,2025-02-15 07:07:48
388,hand,Gastrocnemius,315,3880,2.85,2025-03-04 20:43:41
436,hand,Hamstrings,406,2707,4.72,2025-02-05 06:40:01
496,leg,Quadriceps,341,790,1.05,2025-03-20 10:04:21
454,leg,Hamstrings,317,1912,4.32,2025-02-05 10:45:33
894,hand,Quadriceps,297,4022,3.67,2025-02-09 09:05:24
879,hand,Hamstrings,95,1425,4.57,2025-02-23 00:47:10
633,arm,Deltoid,350,4818,3.52,2025-03-26 23:55:08
821,leg,Quadriceps,297,606,4.65,2025-02-27 21:18:29
249,arm,Triceps,392,4196,2.07,2025-03-06 09:19:53
909,leg,Triceps,443,1288,1.14,2025-02-15 14:51:17
425,arm,Hamstrings,475,2010,4.09,2025-03-09 16:45:30
491,hand,Triceps,227,634,3.47,2025-02-07 08:09:11
128,leg,Gastrocnemius,306,4005,4.97,2025-02-27 19:36:02
9,leg,Triceps,380,1253,4.54,2025-02-01 15:24:56
126,leg,Deltoid,69,808,2.25,2025-03-09 12:26:03
14,arm,Gastrocnemius,222,2436,1.59,2025-03-28 23:40:25
34,hand,Triceps,487,3135,2.9,2025-03-20 11:31:55
888,arm,Quadriceps,197,4904,0.97,2025-03-24 01:40:13
306,leg,Gastrocnemius,327,1205,4.56,2025-02-09 09:33:51
895,hand,Quadriceps,210,1904,1.71,2025-02-20 19:06:50
274,hand,Gastrocnemius,490,2400,3.06,2025-03-14 22:02:47
401,leg,Triceps,310,4624,2.99,2025-04-01 03:41:38
399,hand,Triceps,340,3727,1.78,2025-03-03 12:48:26
52,leg,Hamstrings,480,1263,3.83,2025-03-16 02:54:16
333,leg,Gastrocnemius,143,1454,2.46,2025-03-17 16:21:31
206,hand,Triceps,222,1929,0.58,2025-03-05 02:05:02
195,leg,Deltoid,76,4125,2.16,2025-02-07 00:32:27
381,hand,Biceps,495,3915,3.16,2025-03-31 13:31:02
499,hand,Gastrocnemius,290,3072,2.91,2025-02-18 16:20:40
773,arm,Biceps,334,819,4.85,2025-02-18 04:24:47
392,hand,Hamstrings,127,2222,4.68,2025-02-02 15:31:59
369,leg,Quadriceps,390,4959,4.96,2025-02-11 23:01:30
940,arm,Deltoid,361,4151,4.2,2025-02-08 07:05:22
41,arm,Gastrocnemius,97,3217,4.4,2025-03-03 20:51:10
655,hand,Triceps,232,2770,4.74,2025-02-08 05:41:00
473,arm,Quadriceps,234,1042,1.06,2025-03-18 09:18:02
10,hand,Hamstrings,499,3048,3.96,2025-03-31 09:13:50
955,leg,Gastrocnemius,129,4599,3.45,2025-02-03 18:14:54
639,hand,Biceps,180,3963,3.46,2025-03-22 08:18:46
891,hand,Gastrocnemius,266,4013,3.16,2025-02-01 03:02:21
829,hand,Biceps,222,4450,2.82,2025-03-04 18:47:31
489,leg,Gastrocnemius,161,3307,0.88,2025-02-10 10:42:31
599,hand,Biceps,332,3018,3.37,2025-03-09 06:15:31
36,leg,Quadriceps,134,4819,1.55,2025-02-24 01:43:32
328,arm,Gastrocnemius,251,3777,1.08,2025-02-16 08:35:36
408,arm,Gastrocnemius,493,3219,4.74,2025-02-14 16:37:19
652,leg,Gastrocnemius,266,3091,1.07,2025-03-07 22:02:57
61,leg,Deltoid,401,3334,1.56,2025-03-31 12:56:38
708,arm,Deltoid,284,1496,1.16,2025-03-30 21:17:03
25,hand,Gastrocnemius,273,3991,2.97,2025-03-01 13:01:04
505,leg,Hamstrings,321,4172,4.58,2025-02-12 19:12:54
560,leg,Hamstrings,161,1969,3.25,2025-02-19 20:35:45
773,leg,Gastrocnemius,372,1522,3.4,2025-03-19 09:56:25
611,arm,Gastrocnemius,240,4774,0.89,2025-04-02 03:30:22
397,leg,Triceps,218,1280,4.86,2025-02-14 23:44:52
161,arm,Biceps,127,3081,4.6,2025-03-04 06:58:09
292,hand,Quadriceps,65,3572,1.49,2025-02-13 18:55:46
11,leg,Hamstrings,359,1682,4.82,2025-02-17 18:55:11
803,arm,Deltoid,397,4887,2.04,2025-02-12 19:13:19
162,leg,Triceps,362,4502,2.4,2025-03-05 01:43:22
546,leg,Hamstrings,256,3454,2.64,2025-03-08 21:40:58
736,leg,Deltoid,438,1421,4.24,2025-03-10 22:39:51
568,arm,Hamstrings,170,2614,1.9,2025-03-21 22:36:05
482,arm,Triceps,414,1161,1.24,2025-03-13 01:32:15
155,arm,Triceps,247,2930,2.0,2025-02-14 10:55:22
844,hand,Triceps,312,1457,2.53,2025-03-07 15:57:59
38,hand,Triceps,85,4914,2.47,2025-02-05 02:33:52
314,leg,Biceps,265,999,3.5,2025-03-15 06:38:26
719,hand,Biceps,458,3342,4.62,2025-03-24 10:43:25
429,leg,Biceps,227,985,2.27,2025-03-10 00:54:20
176,arm,Deltoid,342,3488,2.98,2025-03-16 17:36:46
893,leg,Deltoid,231,2305,3.16,2025-03-12 05:11:08
120,hand,Quadriceps,419,3366,3.6,2025-03-16 10:14:45
82,arm,Hamstrings,368,3664,1.51,2025-03-12 14:34:11
940,hand,Biceps,354,3077,0.53,2025-02-28 15:48:57
507,leg,Triceps,197,2846,3.92,2025-03-18 15:01:00
133,leg,Hamstrings,448,1545,3.56,2025-03-19 03:51:30
140,hand,Deltoid,421,2999,2.64,2025-03-25 18:34:20
563,hand,Triceps,474,4811,4.22,2025-03-27 23:35:52
307,leg,Gastrocnemius,479,1977,1.91,2025-02-24 09:38:02
327,hand,Gastrocnemius,81,3920,0.59,2025-02-20 00:22:33
485,arm,Gastrocnemius,361,549,3.35,2025-02-19 07:57:40
219,arm,Gastrocnemius,169,3448,4.25,2025-02-18 18:52:45
78,leg,Gastrocnemius,76,658,2.34,2025-03-29 19:18:24
758,hand,Quadriceps,489,3148,1.98,2025-02-25 02:59:09
375,hand,Biceps,189,4694,4.3,2025-03-26 05:17:04
859,arm,Gastrocnemius,219,2992,4.62,2025-02-11 01:33:44
848,arm,Gastrocnemius,275,947,3.81,2025-03-19 00:03:04
764,hand,Quadriceps,318,1166,3.82,2025-03-08 22:31:24
535,leg,Deltoid,234,1031,4.91,2025-02-01 01:22:15
323,leg,Hamstrings,204,1201,2.33,2025-03-31 02:48:03
587,leg,Hamstrings,271,4481,2.06,2025-02-11 19:06:42
957,hand,Hamstrings,80,2835,1.97,2025-03-07 12:41:36
452,leg,Triceps,116,4665,4.33,2025-02-19 12:19:00
657,leg,Quadriceps,460,2909,1.53,2025-03-09 17:29:42
276,arm,Gastrocnemius,465,1879,0.74,2025-03-25 09:28:38
122,arm,Deltoid,438,2453,3.9,2025-03-18 19:56:40
507,arm,Hamstrings,311,2410,4.35,2025-03-09 07:44:38
600,arm,Triceps,232,2819,4.7,2025-03-21 15:12:54
732,arm,Hamstrings,170,3566,1.98,2025-02-20 03:51:55
980,hand,Triceps,266,1922,1.4,2025-03-09 22:51:03
301,arm,Gastrocnemius,162,2763,3.65,2025-03-03 06:58:50
298,hand,Biceps,150,870,2.09,2025-03-16 13:55:47
543,leg,Hamstrings,463,4574,2.15,2025-03-21 12:40:05
277,hand,Quadriceps,93,2262,4.18,2025-03-09 02:41:42
276,leg,Triceps,326,4915,2.73,2025-04-02 10:01:52
573,hand,Deltoid,480,4229,4.6,2025-02-15 22:55:42
370,hand,Deltoid,427,4838,2.34,2025-02-25 00:33:18
48,arm,Quadriceps,418,3916,1.68,2025-03-31 22:19:38
289,hand,Biceps,132,4061,2.9,2025-03-05 00:31:57
852,hand,Deltoid,275,1651,4.28,2025-03-14 03:48:49
486,leg,Triceps,199,589,4.85,2025-03-03 13:16:51
233,hand,Hamstrings,223,1692,1.55,2025-02-21 13:36:38
943,leg,Gastrocnemius,284,2058,4.0,2025-02-23 20:03:31
200,leg,Hamstrings,409,930,3.93,2025-02-08 19:36:32
96,hand,Gastrocnemius,225,4224,3.14,2025-04-01 21:37:28
623,arm,Biceps,203,944,4.33,2025-02-14 18:58:08
311,arm,Quadriceps,71,1229,2.25,2025-03-25 22:11:05
573,hand,Quadriceps,233,2067,3.82,2025-02-24 21:31:36
828,arm,Quadriceps,227,2277,2.15,2025-02-01 13:15:01
340,hand,Deltoid,411,2337,0.83,2025-03-13 03:31:39
686,hand,Triceps,492,1972,3.82,2025-03-27 10:06:14
444,leg,Quadriceps,113,1135,1.27,2025-03-18 07:20:18
12,hand,Triceps,234,4114,1.41,2025-02-22 23:34:43
444,arm,Quadriceps,156,3711,4.31,2025-03-25 22:33:52
30,hand,Quadriceps,223,4272,4.64,2025-02-18 20:51:41
750,hand,Hamstrings,270,3897,4.68,2025-02-10 12:48:24
548,hand,Quadriceps,132,1063,3.74,2025-02-23 10:19:33
534,arm,Deltoid,213,1780,1.89,2025-03-01 13:42:23
171,arm,Hamstrings,260,3176,0.68,2025-02-01 02:52:33
442,arm,Deltoid,274,2168,3.36,2025-02-25 23:19:58
128,leg,Triceps,272,1181,3.65,2025-03-22 13:55:14
56,arm,Deltoid,98,3271,3.57,2025-03-15 14:18:52
541,hand,Biceps,220,3686,3.92,2025-02-03 01:45:15
240,hand,Biceps,486,2944,3.97,2025-03-05 10:36:45
765,hand,Triceps,396,977,2.3,2025-02-21 07:06:02
985,leg,Deltoid,364,3021,4.24,2025-03-06 11:43:30
872,arm,Gastrocnemius,53,2645,0.54,2025-03-03 12:26:26
233,arm,Hamstrings,102,1643,1.49,2025-03-22 12:19:35
40,leg,Deltoid,460,1212,0.66,2025-02-15 06:35:41
64,hand,Hamstrings,174,3032,4.05,2025-03-18 05:22:10
208,arm,Biceps,404,3193,2.01,2025-02-02 09:19:45
613,hand,Triceps,442,4789,3.73,2025-02-07 03:36:58
888,hand,Gastrocnemius,188,724,4.57,2025-03-27 18:09:12
264,arm,Deltoid,135,3227,4.01,2025-03-25 21:02:16
653,arm,Hamstrings,164,604,2.01,2025-02-21 22:28:09
144,hand,Hamstrings,368,1103,2.4,2025-02-24 03:15:47
739,leg,Gastrocnemius,282,2843,3.64,2025-03-24 12:17:36
434,arm,Triceps,490,3079,1.05,2025-03-10 23:23:08
716,leg,Hamstrings,195,2247,1.13,2025-03-06 23:42:33
505,hand,Triceps,236,3630,1.96,2025-02-18 21:29:06
515,leg,Gastrocnemius,246,4308,3.76,2025-03-14 02:12:49
64,hand,Quadriceps,430,693,1.07,2025-02-19 06:53:00
270,arm,Gastrocnemius,477,1667,1.9,2025-03-05 17:37:31
858,hand,Hamstrings,439,3668,1.96,2025-02-18 21:06:43
565,leg,Quadriceps,97,1012,4.4,2025-02-06 06:17:55
170,leg,Biceps,143,4836,2.85,2025-03-09 06:25:05
11,hand,Quadriceps,434,3798,3.43,2025-03-01 10:19:30
572,hand,Gastrocnemius,354,3128,2.95,2025-02-28 19:15:02
529,arm,Biceps,293,4062,4.17,2025-03-12 22:01:22
414,arm,Biceps,315,3361,2.34,2025-03-14 22:38:58
805,hand,Quadriceps,291,3913,0.64,2025-02-14 22:14:32
256,arm,Gastrocnemius,303,3218,3.03,2025-03-30 10:50:36
539,leg,Quadriceps,294,4560,3.47,2025-02-10 09:21:36
274,hand,Biceps,55,3524,3.78,2025-03-27 08:34:36
694,hand,Quadriceps,395,1641,2.92,2025-03-31 06:48:33
158,hand,Deltoid,88,4104,1.79,2025-02-01 21:50:31
200,arm,Deltoid,440,1311,1.61,2025-03-15 14:49:05
997,arm,Deltoid,141,2488,4.22,2025-03-19 20:35:42
992,leg,Gastrocnemius,289,4226,3.57,2025-02-14 01:00:22
860,leg,Hamstrings,246,3677,1.82,2025-02-20 14:54:09
369,leg,Gastrocnemius,132,2373,4.16,2025-02-04 11:15:49
214,arm,Quadriceps,263,3336,4.73,2025-03-28 22:45:19
733,leg,Biceps,78,4026,2.36,2025-02-04 23:20:40
505,leg,Triceps,67,1169,1.76,2025-02-14 03:31:48
948,hand,Deltoid,267,4781,1.43,2025-03-15 08:08:35
142,hand,Deltoid,346,2713,0.99,2025-02-18 11:26:19
481,leg,Quadriceps,96,1110,4.16,2025-04-01 20:38:14
242,hand,Hamstrings,243,2625,0.73,2025-02-22 22:16:18
267,arm,Gastrocnemius,196,4869,0.56,2025-02-18 09:19:53
665,arm,Quadriceps,310,4477,3.14,2025-03-07 16:29:01
469,leg,Hamstrings,388,4546,2.99,2025-03-28 09:12:30
842,hand,Deltoid,145,1587,2.52,2025-03-11 18:12:05
925,hand,Hamstrings,366,678,2.72,2025-04-01 06:03:41
85,leg,Triceps,213,4676,1.24,2025-03-31 16:42:00
204,leg,Biceps,79,1904,1.84,2025-03-11 20:54:18
14,arm,Quadriceps,500,902,1.83,2025-04-02 02:41:05
144,arm,Hamstrings,75,3174,4.64,2025-03-22 11:25:57
311,arm,Deltoid,313,2638,1.34,2025-03-02 04:24:04
379,hand,Hamstrings,390,3434,1.66,2025-04-01 10:41:31
448,arm,Gastrocnemius,119,1774,2.82,2025-02-26 06:57:23
962,leg,Biceps,247,4273,4.87,2025-02-27 13:08:33
302,arm,Biceps,296,2167,2.69,2025-02-06 20:57:31
658,leg,Quadriceps,465,649,1.82,2025-02-08 07:53:31
976,hand,Deltoid,211,1158,2.54,2025-02-15 20:48:53
956,leg,Hamstrings,343,4643,3.01,2025-03-27 03:54:26
998,hand,Quadriceps,470,2909,2.7,2025-04-02 08:48:30
550,leg,Biceps,371,1638,0.74,2025-02-12 11:38:04
343,hand,Gastrocnemius,399,3145,3.64,2025-02-21 00:49:18
984,arm,Hamstrings,120,2248,4.37,2025-02-02 15:47:49
54,arm,Deltoid,356,4620,2.11,2025-02-12 04:41:59
624,leg,Biceps,314,2745,3.94,2025-03-27 05:45:58
769,arm,Quadriceps,347,1190,1.97,2025-04-02 22:27:01
796,hand,Hamstrings,452,2083,3.78,2025-02-17 08:09:24
974,arm,Hamstrings,317,1323,2.33,2025-03-06 17:48:26
926,hand,Deltoid,141,2646,2.1,2025-03-18 02:56:35
454,hand,Deltoid,119,4916,4.76,2025-04-01 23:07:44
84,hand,Triceps,192,890,1.47,2025-03-03 15:36:20
634,arm,Triceps,392,4095,3.76,2025-03-18 22:07:55
801,hand,Quadriceps,142,2790,1.39,2025-02-15 10:42:36
412,leg,Hamstrings,337,2080,3.23,2025-03-07 19:47:40
280,arm,Deltoid,467,2265,2.14,2025-03-11 18:33:45
112,arm,Quadriceps,249,3418,2.49,2025-03-30 11:01:45
854,leg,Gastrocnemius,406,1909,4.55,2025-03-14 19:08:17
24,leg,Triceps,218,4048,3.12,2025-02-07 21:49:09
344,leg,Deltoid,147,2876,3.49,2025-04-02 15:21:50
421,arm,Hamstrings,258,3147,1.33,2025-03-26 14:57:03
995,hand,Quadriceps,243,4392,3.6,2025-03-29 13:17:58
253,arm,Triceps,408,991,2.55,2025-03-30 19:26:30
899,leg,Quadriceps,497,698,2.37,2025-03-24 13:53:07
75,arm,Triceps,362,1600,0.61,2025-03-18 04:21:46
23,leg,Gastrocnemius,449,1292,2.68,2025-02-13 00:00:34
744,hand,Hamstrings,129,662,0.76,2025-02-06 10:04:24
234,arm,Triceps,458,2854,3.26,2025-03-07 05:43:15
305,arm,Triceps,214,4304,3.13,2025-03-10 02:25:54
852,leg,Biceps,341,3304,3.76,2025-02-18 22:39:58
197,leg,Quadriceps,364,4198,3.83,2025-02-13 03:37:33
294,hand,Biceps,341,4251,2.97,2025-02-11 23:43:27
509,arm,Quadriceps,237,4419,4.59,2025-02-23 21:40:12
765,arm,Deltoid,82,1323,2.91,2025-03-25 01:56:03
832,arm,Gastrocnemius,409,1070,3.47,2025-02-25 08:00:54
511,arm,Quadriceps,181,799,2.57,2025-03-10 02:22:50
104,leg,Biceps,105,4992,4.22,2025-02-19 09:45:54
91,leg,Hamstrings,144,714,4.64,2025-02-05 04:23:47
920,hand,Triceps,178,3957,1.82,2025-02-26 05:12:29
5,leg,Biceps,55,2085,3.63,2025-02-10 18:40:42
671,leg,Biceps,241,4188,2.24,2025-03-18 14:25:05
868,hand,Gastrocnemius,266,3903,1.69,2025-03-25 08:09:00
324,arm,Deltoid,448,3816,3.99,2025-03-24 02:58:54
135,hand,Biceps,188,772,3.23,2025-03-30 22:12:15
715,hand,Gastrocnemius,89,4740,1.81,2025-03-28 06:14:26
343,arm,Deltoid,178,2625,2.9,2025-03-09 00:53:13
52,leg,Deltoid,136,3379,3.91,2025-02-07 01:30:56
273,leg,Deltoid,248,4184,2.14,2025-02-17 09:06:09
719,arm,Biceps,52,2892,2.44,2025-02-12 17:25:52
398,arm,Deltoid,330,2902,2.82,2025-02-02 08:44:59
115,arm,Deltoid,267,1390,3.04,2025-03-25 08:23:36
771,hand,Triceps,262,760,4.24,2025-03-04 00:08:38
681,arm,Triceps,109,4991,4.81,2025-02-06 03:22:15
342,arm,Hamstrings,146,1011,4.16,2025-02-14 10:33:54
289,hand,Triceps,298,589,0.76,2025-03-17 14:39:05
623,hand,Biceps,404,2158,2.95,2025-02-19 18:57:09
651,hand,Gastrocnemius,262,3508,4.27,2025-02-12 01:31:39
592,hand,Biceps,300,2909,3.66,2025-03-04 21:50:34
725,hand,Quadriceps,481,1545,2.49,2025-04-02 20:48:01
359,leg,Hamstrings,299,727,4.2,2025-02-03 06:33:38
270,arm,Triceps,461,3663,2.34,2025-02-15 02:12:54
295,leg,Triceps,342,3483,2.47,2025-02-11 23:31:37
861,hand,Gastrocnemius,206,3978,1.16,2025-03-08 17:23:52
612,hand,Gastrocnemius,95,4672,2.93,2025-03-26 18:31:38
546,hand,Biceps,463,1770,2.79,2025-03-13 05:46:35
433,leg,Triceps,241,4587,4.42,2025-02-10 04:48:57
197,arm,Deltoid,225,1015,3.45,2025-03-20 22:57:56
530,arm,Triceps,359,1342,4.07,2025-03-14 21:50:25
950,arm,Quadriceps,73,3574,0.69,2025-02-18 15:30:16
399,arm,Deltoid,444,3933,4.82,2025-02-19 05:37:58
756,hand,Hamstrings,363,3851,1.83,2025-03-15 02:00:20
448,arm,Hamstrings,84,3990,4.49,2025-02-27 15:30:17
132,leg,Biceps,452,4136,2.56,2025-02-08 10:18:16
830,arm,Triceps,131,4739,1.96,2025-03-09 21:48:43
926,leg,Hamstrings,295,3061,4.73,2025-02-23 19:02:14
236,hand,Hamstrings,334,2655,1.81,2025-04-02 23:12:13
584,leg,Triceps,135,4087,3.64,2025-02-23 08:22:12
521,leg,Hamstrings,122,3703,2.79,2025-03-30 22:05:50
371,hand,Biceps,485,4130,4.79,2025-03-03 01:34:52
125,arm,Deltoid,139,1028,4.71,2025-02-18 08:38:59
186,arm,Hamstrings,245,4303,0.54,2025-03-13 08:21:25
590,arm,Triceps,369,2050,1.14,2025-03-12 16:57:52
609,arm,Gastrocnemius,293,3539,4.28,2025-03-13 21:46:43
566,hand,Biceps,365,2966,3.19,2025-03-26 00:21:21
925,hand,Hamstrings,266,2040,2.54,2025-02-17 21:22:46
788,hand,Deltoid,57,4857,3.37,2025-02-23 07:09:25
989,leg,Biceps,447,2767,4.0,2025-02-14 19:46:44
618,leg,Hamstrings,478,3056,3.23,2025-03-18 03:58:32
788,hand,Quadriceps,314,3063,2.96,2025-03-16 15:41:02
97,hand,Biceps,120,3903,1.85,2025-03-04 03:33:09
177,hand,Triceps,89,3658,0.99,2025-02-15 15:20:35
222,leg,Deltoid,229,2233,4.34,2025-02-18 10:45:28
676,hand,Gastrocnemius,61,503,3.85,2025-03-01 01:38:55
950,leg,Deltoid,292,565,4.14,2025-03-18 23:10:02
670,leg,Quadriceps,363,2679,4.22,2025-02-15 18:54:55
821,hand,Quadriceps,149,2601,2.1,2025-02-28 08:10:23
694,arm,Hamstrings,123,3277,2.36,2025-02-03 05:00:05
298,hand,Triceps,399,1576,2.73,2025-03-20 03:43:14
792,leg,Biceps,57,1906,3.68,2025-03-23 13:52:13
450,leg,Biceps,253,4518,3.96,2025-03-29 06:02:15
58,hand,Biceps,56,4288,1.06,2025-02-14 01:44:14
78,leg,Triceps,453,912,0.9,2025-02-20 20:14:27
190,hand,Hamstrings,287,1220,1.81,2025-02-03 09:04:35
9,leg,Biceps,338,4820,3.58,2025-03-22 12:09:50
751,leg,Triceps,172,4609,4.17,2025-02-16 04:23:06
796,arm,Quadriceps,113,4031,2.51,2025-03-08 09:24:43
450,arm,Deltoid,67,2885,1.52,2025-04-01 21:30:30
838,hand,Deltoid,477,4075,4.38,2025-02-21 05:39:53
23,hand,Hamstrings,314,1362,1.51,2025-02-06 00:44:06
406,arm,Triceps,87,3774,2.7,2025-02-24 22:42:28
975,leg,Biceps,360,2634,4.54,2025-03-04 19:35:17
179,arm,Biceps,419,4351,0.95,2025-04-01 03:02:14
430,leg,Deltoid,330,4956,3.28,2025-03-31 00:11:11
807,hand,Triceps,351,1037,2.4,2025-02-25 05:37:53
614,hand,Triceps,88,2902,4.13,2025-03-26 01:59:45
701,leg,Deltoid,390,2013,0.68,2025-03-18 14:01:18
579,hand,Triceps,295,4908,1.02,2025-03-25 20:47:45
745,hand,Triceps,346,941,1.82,2025-02-16 19:24:16
895,arm,Hamstrings,225,1431,3.32,2025-03-09 21:30:03
592,arm,Triceps,231,1458,4.96,2025-03-25 04:07:27
193,hand,Triceps,209,686,3.63,2025-02-18 16:59:25
292,hand,Quadriceps,152,1674,4.11,2025-03-12 03:17:19
778,hand,Quadriceps,449,3418,1.28,2025-03-17 18:44:00
709,hand,Biceps,352,928,4.21,2025-03-04 02:26:24
278,arm,Deltoid,408,3526,4.14,2025-03-13 04:27:10
855,leg,Quadriceps,69,3912,2.07,2025-03-18 06:14:09
11,leg,Hamstrings,269,3538,1.87,2025-03-31 08:09:17
462,arm,Hamstrings,408,1705,1.21,2025-03-10 17:16:24
74,hand,Quadriceps,143,1811,3.73,2025-03-29 09:41:25
637,arm,Triceps,302,1139,1.2,2025-03-12 13:36:14
997,arm,Hamstrings,495,3763,1.87,2025-03-22 19:00:54
675,leg,Gastrocnemius,221,2218,1.74,2025-03-31 05:15:06
555,arm,Quadriceps,431,3957,2.29,2025-02-13 10:11:03
466,arm,Triceps,371,3620,3.13,2025-03-08 14:21:52
166,leg,Hamstrings,95,548,3.72,2025-02-08 07:21:00
177,leg,Biceps,255,2757,3.39,2025-02-21 04:42:30
417,arm,Quadriceps,79,3268,2.9,2025-02-06 00:46:00
357,hand,Gastrocnemius,119,3888,4.44,2025-02-21 23:18:30
490,hand,Deltoid,64,4998,2.81,2025-03-11 16:43:26
351,arm,Quadriceps,272,2349,3.26,2025-03-28 00:19:20
285,arm,Quadriceps,295,909,0.73,2025-03-09 19:23:01
137,hand,Quadriceps,252,4530,1.76,2025-03-22 20:11:31
757,leg,Triceps,59,1674,2.15,2025-03-10 20:27:21
902,arm,Deltoid,431,2407,3.49,2025-03-13 14:14:03
308,arm,Biceps,360,1903,4.99,2025-03-07 22:36:06
399,leg,Triceps,220,4021,1.89,2025-03-21 18:24:26
844,hand,Deltoid,347,3316,4.02,2025-02-25 17:06:47
241,hand,Gastrocnemius,273,4200,0.83,2025-02-14 13:53:45
84,hand,Gastrocnemius,497,3286,3.79,2025-04-02 16:14:36
926,leg,Triceps,163,4488,3.43,2025-03-22 11:22:40
218,hand,Hamstrings,418,4300,0.88,2025-02-12 15:12:10
424,hand,Biceps,189,862,3.52,2025-03-30 23:22:53
53,arm,Gastrocnemius,440,2274,4.98,2025-02-15 03:25:42
204,arm,Biceps,267,3209,3.0,2025-03-24 03:37:47
886,leg,Biceps,134,1689,4.23,2025-02-19 02:47:17
950,arm,Hamstrings,161,2313,2.56,2025-03-07 02:53:29
366,arm,Deltoid,131,1850,2.22,2025-02-21 11:43:14
190,hand,Hamstrings,139,4392,1.15,2025-02-24 20:34:30
288,hand,Quadriceps,168,554,3.85,2025-03-14 02:08:27
806,hand,Biceps,258,3749,4.66,2025-03-05 23:36:15
876,hand,Deltoid,131,1219,4.34,2025-03-05 05:32:11
719,arm,Biceps,469,2806,3.46,2025-02-17 12:25:54
206,hand,Deltoid,398,2507,1.6,2025-02-13 16:47:18
476,arm,Deltoid,366,1052,4.34,2025-03-11 21:56:46
664,arm,Hamstrings,405,4239,4.36,2025-03-10 20:08:02
151,hand,Hamstrings,65,703,2.73,2025-02-18 22:05:52
763,leg,Quadriceps,293,1308,3.89,2025-03-24 20:01:03
690,arm,Gastrocnemius,437,2054,4.7,2025-03-14 06:28:23
46,leg,Biceps,429,2718,0.92,2025-03-28 08:36:14
396,arm,Biceps,73,1865,1.59,2025-02-16 16:36:10
320,arm,Biceps,281,3255,4.71,2025-03-24 12:25:14
272,leg,Hamstrings,71,3104,2.0,2025-04-02 10:26:52
983,leg,Quadriceps,221,1127,3.1,2025-02-06 17:18:51
784,leg,Biceps,320,3321,2.72,2025-03-18 17:37:35
231,arm,Quadriceps,309,1181,4.11,2025-02-15 16:07:20
1,arm,Deltoid,403,2718,1.82,2025-02-19 12:37:57
40,hand,Hamstrings,104,3690,4.83,2025-02-01 05:58:17
741,arm,Hamstrings,156,801,3.51,2025-02-23 14:05:41
252,arm,Deltoid,411,1699,0.66,2025-03-08 19:51:56
850,leg,Deltoid,437,1700,3.97,2025-03-20 14:28:30
567,arm,Hamstrings,373,1578,1.99,2025-03-18 19:17:26
167,leg,Deltoid,95,2291,3.09,2025-02-02 16:00:24
932,leg,Hamstrings,119,795,4.91,2025-02-08 17:58:25
553,hand,Quadriceps,150,1681,2.23,2025-02-20 07:17:35
125,hand,Gastrocnemius,170,4547,4.14,2025-03-12 18:24:51
433,leg,Deltoid,472,1781,4.5,2025-02-04 05:00:08
180,hand,Hamstrings,464,2570,4.32,2025-02-07 18:02:19
555,hand,Triceps,53,4702,3.22,2025-02-06 17:47:55
880,leg,Gastrocnemius,298,2238,3.98,2025-02-15 13:58:14
941,arm,Biceps,270,3721,2.72,2025-03-31 15:20:06
89,arm,Gastrocnemius,389,4398,1.39,2025-02-18 20:11:37
549,hand,Quadriceps,292,4991,0.73,2025-03-28 21:35:12
238,leg,Biceps,435,1305,2.09,2025-03-25 11:39:46
343,arm,Gastrocnemius,148,2298,1.53,2025-03-14 22:56:40
350,arm,Triceps,259,1121,3.1,2025-02-04 16:50:20
158,hand,Deltoid,185,2195,2.74,2025-02-24 08:05:13
917,arm,Deltoid,458,1793,4.15,2025-02-09 04:48:26
474,hand,Hamstrings,498,3763,2.37,2025-03-29 21:48:06
692,leg,Triceps,111,4992,1.87,2025-03-03 04:08:43
416,hand,Hamstrings,72,1890,1.73,2025-03-23 14:19:07
674,leg,Quadriceps,357,2288,1.31,2025-02-15 23:54:46
970,arm,Hamstrings,436,3029,1.07,2025-02-20 06:31:15
855,arm,Hamstrings,71,727,4.73,2025-03-06 05:37:13
585,leg,Biceps,54,4889,3.52,2025-03-24 21:24:27
176,arm,Hamstrings,64,1215,1.54,2025-02-26 17:24:21
479,leg,Deltoid,180,4678,1.8,2025-03-15 13:34:00
805,hand,Quadriceps,327,3257,4.9,2025-03-10 02:23:34
36,arm,Gastrocnemius,118,884,2.75,2025-02-09 08:16:09
329,hand,Triceps,385,2008,2.1,2025-02-14 11:38:27
137,arm,Deltoid,303,3217,4.18,2025-02-07 16:22:03
415,arm,Hamstrings,117,2502,3.39,2025-02-27 20:22:13
774,leg,Biceps,79,1959,1.81,2025-02-16 07:08:04
657,hand,Gastrocnemius,352,1105,2.02,2025-03-02 08:02:48
919,arm,Deltoid,162,4783,1.58,2025-03-06 17:55:33
443,leg,Triceps,64,1956,4.13,2025-02-13 21:48:44
561,hand,Gastrocnemius,466,3610,1.25,2025-03-12 22:25:15
408,leg,Triceps,450,4752,2.92,2025-03-17 21:54:43
668,leg,Biceps,221,4682,3.91,2025-02-16 23:13:23
376,leg,Biceps,262,4265,3.42,2025-02-22 04:58:09
473,leg,Hamstrings,371,4917,2.66,2025-02-06 21:56:18
441,leg,Quadriceps,448,1990,4.51,2025-03-30 01:59:24
676,leg,Biceps,184,2667,4.89,2025-02-25 20:53:00
910,leg,Deltoid,171,3425,1.99,2025-03-12 14:37:06
524,leg,Biceps,367,3042,4.23,2025-03-16 04:55:34
288,leg,Hamstrings,453,4972,1.6,2025-04-01 02:37:25
976,hand,Quadriceps,400,3194,2.83,2025-03-06 11:24:39
562,leg,Hamstrings,494,1710,2.96,2025-02-11 14:14:53
85,leg,Hamstrings,342,2843,2.4,2025-03-31 13:11:50
719,leg,Triceps,71,3252,2.36,2025-03-14 23:08:50
989,hand,Deltoid,176,4431,1.56,2025-03-24 21:22:57
270,leg,Deltoid,484,3447,3.01,2025-03-02 02:32:10
738,arm,Hamstrings,484,2447,3.55,2025-02-24 05:20:22
170,arm,Hamstrings,219,4945,0.78,2025-02-06 13:00:59
149,leg,Quadriceps,241,1196,2.64,2025-03-08 09:52:14
383,arm,Triceps,406,4525,3.99,2025-03-21 19:17:09
520,leg,Deltoid,422,2794,4.73,2025-03-12 00:18:56
995,arm,Deltoid,117,1979,2.34,2025-02-11 07:28:03
533,leg,Triceps,470,4385,3.47,2025-02-11 00:18:42
439,hand,Quadriceps,62,1732,2.99,2025-03-20 02:18:38
293,arm,Hamstrings,295,3015,3.91,2025-02-23 06:10:05
139,arm,Hamstrings,246,2447,1.56,2025-03-14 09:05:53
775,arm,Quadriceps,248,1736,1.23,2025-02-11 16:42:31
587,hand,Deltoid,317,1346,4.2,2025-03-09 06:41:58
714,hand,Triceps,430,2214,3.36,2025-03-19 17:21:38
709,hand,Biceps,410,2115,0.99,2025-03-26 06:19:43
725,hand,Triceps,358,599,4.83,2025-03-08 01:37:53
883,hand,Hamstrings,255,3928,2.45,2025-02-22 04:47:55
608,arm,Hamstrings,127,1464,4.6,2025-03-26 12:15:52
27,arm,Deltoid,160,854,1.82,2025-03-23 06:49:11
674,hand,Biceps,249,4723,4.76,2025-03-19 21:04:04
576,leg,Triceps,133,2235,1.02,2025-04-02 19:50:32
758,arm,Deltoid,446,4130,0.89,2025-03-04 03:24:44
689,arm,Deltoid,461,1694,4.23,2025-02-13 19:30:26
946,leg,Biceps,150,980,1.68,2025-03-01 01:20:25
346,hand,Biceps,226,3281,3.19,2025-03-03 08:24:40
825,hand,Deltoid,441,4399,0.62,2025-03-31 15:42:11
829,hand,Deltoid,310,2005,3.7,2025-03-02 22:19:49
605,leg,Biceps,112,4267,4.83,2025-03-13 14:28:31
818,hand,Deltoid,449,1731,2.45,2025-03-11 13:25:58
710,hand,Deltoid,323,1454,3.88,2025-03-25 02:27:06
584,hand,Biceps,190,1627,3.22,2025-02-16 17:45:48
23,leg,Gastrocnemius,500,730,1.75,2025-02-18 04:42:27
330,leg,Hamstrings,73,2038,1.48,2025-02-05 17:52:35
94,leg,Gastrocnemius,184,2298,3.83,2025-03-24 02:44:23
368,arm,Biceps,263,1587,4.46,2025-03-26 03:15:47
833,hand,Hamstrings,479,2982,4.64,2025-04-02 20:49:45
879,leg,Triceps,314,510,4.57,2025-03-02 16:57:21
88,leg,Hamstrings,324,2908,2.76,2025-02-22 03:32:04
105,hand,Hamstrings,77,4663,1.98,2025-03-09 17:41:12
779,arm,Gastrocnemius,216,4885,3.59,2025-03-22 19:54:28
409,leg,Gastrocnemius,314,2270,1.32,2025-03-18 08:23:51
62,hand,Triceps,436,1771,2.83,2025-03-04 10:07:20
596,hand,Deltoid,469,4665,4.28,2025-02-23 14:59:34
81,arm,Hamstrings,171,4665,2.18,2025-02-23 18:38:42
234,arm,Deltoid,136,2623,0.69,2025-02-22 13:49:29
940,hand,Gastrocnemius,80,1004,1.47,2025-03-27 20:33:32
14,hand,Gastrocnemius,455,985,0.78,2025-03-04 19:04:43
313,arm,Deltoid,298,2395,1.38,2025-02-17 01:03:53
88,leg,Hamstrings,278,4771,3.99,2025-02-07 09:12:37
332,arm,Hamstrings,137,3902,4.56,2025-03-26 05:07:16
608,hand,Biceps,323,2696,4.36,2025-02-25 11:11:04
217,hand,Triceps,134,1842,4.02,2025-03-24 00:52:11
789,hand,Deltoid,267,3644,2.91,2025-02-25 20:10:09
409,arm,Hamstrings,414,2072,1.29,2025-02-15 18:49:20
297,arm,Deltoid,63,657,1.27,2025-02-05 19:52:33
878,hand,Quadriceps,350,3867,3.76,2025-02-13 06:49:31
632,hand,Quadriceps,475,4961,3.39,2025-03-03 11:12:09
462,arm,Triceps,61,3964,3.42,2025-03-30 16:26:43
792,leg,Triceps,140,800,3.38,2025-02-28 10:21:01
111,arm,Deltoid,260,1788,4.16,2025-02-28 14:21:22
981,leg,Deltoid,163,2541,0.64,2025-02-21 17:28:06
457,arm,Biceps,488,1796,1.46,2025-02-18 11:53:41
175,arm,Gastrocnemius,258,731,4.93,2025-03-22 03:08:22
12,arm,Triceps,402,3919,1.93,2025-03-05 15:54:44
993,leg,Biceps,163,3457,3.81,2025-02-16 10:21:13
107,leg,Hamstrings,89,4276,4.46,2025-03-18 11:23:28
270,hand,Hamstrings,178,1107,1.24,2025-03-13 18:12:00
432,leg,Biceps,276,3503,1.29,2025-03-15 20:58:58
236,hand,Biceps,441,2055,1.86,2025-03-18 15:11:31
535,leg,Gastrocnemius,289,2750,1.05,2025-02-19 07:09:44
438,hand,Biceps,319,1373,4.52,2025-03-12 08:03:42
905,hand,Triceps,297,2885,0.67,2025-02-24 09:18:09
623,hand,Biceps,278,2931,0.86,2025-03-09 11:04:16
208,arm,Biceps,470,4922,1.22,2025-03-30 12:58:33
798,leg,Gastrocnemius,371,2850,1.11,2025-03-21 05:28:11
339,hand,Hamstrings,132,4713,1.0,2025-02-22 21:12:04
598,hand,Hamstrings,153,1679,2.19,2025-03-19 19:56:46
185,arm,Quadriceps,294,2383,2.85,2025-03-14 14:50:07
184,hand,Gastrocnemius,194,1890,3.06,2025-03-08 10:37:05
727,leg,Triceps,231,716,2.96,2025-02-10 22:32:01
616,hand,Quadriceps,288,2613,2.84,2025-03-04 02:55:34
53,leg,Hamstrings,413,2889,3.74,2025-03-27 16:13:39
448,hand,Biceps,159,4009,1.19,2025-02-03 17:39:34
688,hand,Biceps,357,2764,3.77,2025-04-02 16:56:11
271,leg,Quadriceps,165,1953,1.34,2025-02-24 10:22:19
739,arm,Gastrocnemius,310,1530,0.61,2025-03-17 13:22:42
124,arm,Gastrocnemius,333,3273,3.61,2025-03-15 05:43:52
237,hand,Quadriceps,128,739,0.52,2025-03-04 15:04:08
596,hand,Biceps,477,4875,2.51,2025-03-01 07:25:05
185,hand,Hamstrings,355,4608,2.31,2025-02-14 21:07:14
764,leg,Biceps,288,2902,2.24,2025-03-13 15:02:39
347,leg,Quadriceps,276,4495,0.96,2025-02-20 01:04:28
404,arm,Quadriceps,183,4769,1.76,2025-03-07 08:38:17
995,leg,Deltoid,81,4732,4.17,2025-03-23 14:11:08
307,arm,Deltoid,310,4619,3.02,2025-02-18 08:21:49
278,leg,Triceps,104,507,3.14,2025-02-28 15:19:34
482,leg,Hamstrings,110,3791,4.02,2025-02-03 10:47:15
443,leg,Gastrocnemius,431,1596,3.23,2025-02-21 02:17:51
280,hand,Triceps,70,4199,2.36,2025-03-07 22:25:31
992,hand,Triceps,472,537,3.84,2025-03-02 11:32:44
966,arm,Biceps,492,4427,2.09,2025-02-04 23:11:54
96,hand,Deltoid,391,1688,3.13,2025-02-04 05:33:50
302,leg,Triceps,401,4795,1.3,2025-03-16 16:57:37
351,leg,Hamstrings,267,3966,0.51,2025-03-20 13:50:29
572,arm,Gastrocnemius,108,2508,1.74,2025-02-21 10:44:20
547,arm,Biceps,79,1534,0.83,2025-03-01 05:09:11
293,arm,Gastrocnemius,249,2726,1.63,2025-02-13 00:20:06
63,hand,Quadriceps,439,2019,2.17,2025-02-08 15:07:55
133,arm,Hamstrings,258,2050,2.53,2025-02-19 07:34:00
44,hand,Hamstrings,307,3923,3.92,2025-02-13 03:17:02
368,leg,Deltoid,97,4196,4.77,2025-02-13 16:21:20
60,leg,Quadriceps,485,4830,3.35,2025-03-07 20:25:31
708,arm,Triceps,58,4856,1.66,2025-03-19 13:59:31
350,arm,Gastrocnemius,162,4688,2.71,2025-02-11 00:06:39
246,arm,Hamstrings,225,3553,2.6,2025-02-23 23:52:50
699,arm,Hamstrings,98,3069,2.19,2025-02-08 06:14:45
336,arm,Hamstrings,89,3422,3.84,2025-02-11 05:30:11
775,arm,Quadriceps,193,4857,2.45,2025-02-23 08:46:40
22,hand,Triceps,425,2373,3.02,2025-02-06 17:10:38
643,arm,Hamstrings,343,2120,2.19,2025-02-24 01:08:27
265,arm,Deltoid,86,4242,1.69,2025-03-03 17:42:21
623,arm,Deltoid,80,1769,4.73,2025-02-25 21:34:51
510,arm,Gastrocnemius,167,3881,2.92,2025-03-27 10:51:08
380,leg,Deltoid,500,4512,2.78,2025-03-22 08:37:11
970,leg,Gastrocnemius,93,4825,3.22,2025-03-10 11:22:53
491,arm,Biceps,324,2804,2.9,2025-03-18 15:21:56
318,hand,Quadriceps,241,2720,0.94,2025-02-27 18:47:39
451,hand,Hamstrings,111,3312,4.62,2025-03-05 13:50:41
815,leg,Triceps,71,4380,1.61,2025-03-20 06:02:01
54,leg,Hamstrings,295,4921,2.96,2025-03-24 20:40:08
946,arm,Biceps,497,805,3.53,2025-03-30 20:17:44
59,arm,Hamstrings,354,3688,4.36,2025-02-03 13:32:07
272,arm,Gastrocnemius,287,1833,3.95,2025-03-31 10:29:41
477,arm,Triceps,96,1265,4.64,2025-03-04 06:11:45
134,arm,Hamstrings,225,3921,2.41,2025-03-12 16:39:16
845,leg,Deltoid,306,1811,2.8,2025-03-22 10:38:04
106,hand,Deltoid,331,867,2.52,2025-03-13 06:29:15
655,leg,Biceps,472,1296,4.91,2025-02-26 02:53:56
158,arm,Quadriceps,420,4894,2.18,2025-02-16 07:17:24
642,arm,Biceps,385,2240,2.91,2025-02-13 22:28:31
516,hand,Hamstrings,422,3046,0.93,2025-03-16 13:35:29
863,leg,Triceps,498,3589,3.89,2025-02-04 00:52:09
926,arm,Triceps,469,3996,4.3,2025-02-02 12:13:12
22,arm,Gastrocnemius,486,2502,4.2,2025-03-04 13:01:22
410,arm,Biceps,266,736,2.42,2025-03-03 14:28:43
505,arm,Hamstrings,338,2304,2.16,2025-03-01 07:13:46
796,arm,Triceps,441,2513,2.93,2025-03-08 22:02:17
44,arm,Quadriceps,264,3781,3.68,2025-02-22 00:41:47
815,arm,Hamstrings,142,4416,1.42,2025-03-25 14:31:59
374,leg,Triceps,220,1596,3.96,2025-03-26 03:36:27
522,arm,Quadriceps,148,628,1.81,2025-02-22 21:39:01
946,arm,Hamstrings,66,1430,2.7,2025-02-04 12:54:19
186,hand,Biceps,113,3324,3.12,2025-02-01 03:54:01
722,arm,Gastrocnemius,253,3198,4.33,2025-03-29 14:12:01
984,leg,Biceps,52,1679,2.88,2025-02-22 07:47:41
89,leg,Triceps,90,534,4.54,2025-03-17 10:41:20
832,arm,Triceps,465,1037,1.39,2025-03-19 08:53:13
497,arm,Quadriceps,492,4067,3.42,2025-03-28 09:28:47
148,arm,Hamstrings,369,3165,2.59,2025-03-26 08:13:10
87,arm,Biceps,438,1577,0.95,2025-03-17 20:19:38
887,hand,Deltoid,277,3444,1.48,2025-04-02 17:34:20
979,arm,Quadriceps,367,1813,3.26,2025-02-11 14:49:08
44,arm,Hamstrings,410,868,3.74,2025-03-19 18:04:52
795,arm,Biceps,126,1275,2.12,2025-03-26 01:55:39
967,arm,Deltoid,456,3172,3.67,2025-02-12 12:04:58
733,leg,Deltoid,300,1908,4.98,2025-02-04 04:33:45
19,leg,Hamstrings,337,1909,1.22,2025-03-22 11:14:22
444,arm,Quadriceps,447,1134,4.66,2025-03-27 22:16:47
313,leg,Biceps,471,2460,3.13,2025-03-30 05:06:02
90,leg,Biceps,260,3087,0.71,2025-03-26 00:20:18
126,leg,Hamstrings,498,1018,4.98,2025-02-28 11:14:26
559,leg,Triceps,143,1568,4.33,2025-02-21 16:35:41
576,leg,Deltoid,299,729,3.33,2025-03-12 23:21:39
64,leg,Deltoid,225,521,2.94,2025-03-02 00:51:04
474,leg,Triceps,426,2096,2.66,2025-02-24 04:24:22
748,hand,Gastrocnemius,373,2317,4.51,2025-02-08 11:25:44
152,arm,Gastrocnemius,409,3653,4.53,2025-02-01 13:10:25
514,hand,Deltoid,261,1358,3.73,2025-03-20 16:00:07
991,hand,Deltoid,297,3157,1.92,2025-03-19 13:59:42
529,arm,Gastrocnemius,445,2290,2.32,2025-02-14 03:48:48
757,leg,Quadriceps,104,2982,1.68,2025-03-03 19:55:50
517,arm,Triceps,271,2378,2.08,2025-03-10 06:16:01
418,leg,Gastrocnemius,135,4548,3.97,2025-03-01 00:54:19
93,leg,Triceps,82,738,3.41,2025-02-22 18:16:48
731,hand,Gastrocnemius,451,2372,2.18,2025-02-13 11:55:49
801,leg,Deltoid,108,1744,2.81,2025-03-11 03:59:26
144,hand,Deltoid,264,1376,4.77,2025-02-22 06:33:38
739,hand,Hamstrings,432,4088,0.54,2025-02-10 11:46:41
272,hand,Triceps,288,1199,1.36,2025-03-31 18:43:04
561,arm,Quadriceps,369,4744,4.86,2025-02-16 21:18:48
626,leg,Hamstrings,434,1614,3.36,2025-02-07 13:33:34
321,leg,Triceps,184,3336,4.63,2025-03-05 10:12:30
358,arm,Deltoid,287,2374,2.97,2025-03-19 23:46:44
626,arm,Deltoid,113,1330,1.63,2025-03-16 12:57:31
266,hand,Quadriceps,482,2234,2.42,2025-03-26 00:56:36
235,hand,Deltoid,223,581,2.27,2025-03-15 14:45:24
717,arm,Deltoid,163,4898,4.2,2025-03-21 09:09:49
966,leg,Hamstrings,147,2094,2.8,2025-03-30 21:52:47
913,arm,Gastrocnemius,102,1840,2.97,2025-03-06 14:09:19
388,leg,Biceps,64,2498,2.54,2025-02-21 00:02:20
302,hand,Quadriceps,254,3910,0.98,2025-03-31 07:27:20
145,arm,Triceps,365,2513,1.87,2025-03-17 13:10:54
947,hand,Gastrocnemius,307,1368,1.35,2025-02-23 16:34:28
971,leg,Hamstrings,337,3547,1.02,2025-02-17 09:24:56
121,leg,Deltoid,62,4694,0.52,2025-02-20 12:58:40
975,hand,Quadriceps,201,728,4.99,2025-03-11 06:51:11
205,arm,Quadriceps,405,2536,2.64,2025-03-03 20:58:36
738,leg,Quadriceps,461,2260,2.45,2025-03-28 02:05:03
857,hand,Deltoid,393,2905,4.87,2025-04-02 04:30:48
670,arm,Triceps,58,1707,4.36,2025-02-26 10:30:14
990,leg,Triceps,220,4180,3.07,2025-03-21 15:06:00
445,hand,Hamstrings,167,3410,3.38,2025-03-17 10:14:36
451,leg,Hamstrings,350,1641,1.6,2025-02-09 10:38:07
54,arm,Biceps,176,4903,0.94,2025-03-25 23:48:08
846,leg,Gastrocnemius,450,1431,4.55,2025-02-25 18:55:34
890,arm,Biceps,299,4767,4.29,2025-02-02 05:40:13
752,leg,Gastrocnemius,397,709,3.21,2025-02-28 14:09:02
294,arm,Biceps,310,3733,4.9,2025-02-23 12:11:45
47,arm,Quadriceps,427,1717,3.82,2025-02-08 00:31:23
10,leg,Biceps,394,4947,3.18,2025-03-31 19:06:47
757,arm,Triceps,456,4406,4.03,2025-03-18 13:55:52
267,leg,Deltoid,63,3549,4.92,2025-03-25 07:49:57
109,arm,Quadriceps,292,2200,2.53,2025-03-09 03:04:03
737,hand,Gastrocnemius,278,4888,2.78,2025-03-16 11:14:58
740,arm,Biceps,311,3315,0.66,2025-03-11 15:08:03
806,leg,Quadriceps,479,603,3.98,2025-02-19 07:58:57
297,arm,Deltoid,317,2241,1.05,2025-02-05 18:03:30
992,arm,Triceps,370,3743,3.51,2025-02-27 15:28:22
511,leg,Triceps,266,4614,4.36,2025-02-09 17:54:24
545,leg,Deltoid,475,3516,3.37,2025-03-04 04:38:05
619,hand,Biceps,259,1608,2.13,2025-03-06 01:50:59
863,leg,Quadriceps,321,4598,3.78,2025-03-23 12:56:06
253,arm,Triceps,132,3733,3.64,2025-03-13 09:28:45
622,hand,Hamstrings,275,2007,2.81,2025-04-01 05:17:36
880,hand,Biceps,462,2235,3.16,2025-03-11 23:15:38
573,hand,Triceps,497,2970,1.94,2025-03-02 13:51:52
407,hand,Gastrocnemius,397,4575,4.07,2025-02-15 14:53:30
845,hand,Deltoid,169,3022,2.08,2025-03-24 10:20:18
188,hand,Hamstrings,178,3846,0.51,2025-03-05 23:03:54
134,leg,Triceps,469,4900,1.5,2025-03-26 16:50:32
662,arm,Quadriceps,100,2125,2.21,2025-02-04 10:57:37
27,hand,Deltoid,199,2290,1.61,2025-02-16 01:39:15
985,arm,Quadriceps,162,638,2.32,2025-03-26 11:19:26
27,arm,Deltoid,252,4759,4.21,2025-02-24 14:55:57
158,leg,Hamstrings,293,4859,3.84,2025-03-07 15:32:20
48,leg,Hamstrings,478,4319,1.47,2025-02-15 09:12:32
351,hand,Deltoid,101,2601,3.93,2025-03-01 22:40:52
642,leg,Triceps,422,1530,4.75,2025-03-22 11:27:30
860,hand,Biceps,209,2543,3.51,2025-03-20 16:09:43
72,hand,Gastrocnemius,172,600,4.38,2025-03-15 11:21:12
202,arm,Biceps,480,2284,3.11,2025-02-08 06:35:21
704,hand,Triceps,474,879,1.99,2025-03-31 00:54:43
427,hand,Triceps,336,4423,2.39,2025-03-02 15:01:10
17,arm,Triceps,68,2558,0.67,2025-04-02 21:41:20
864,arm,Hamstrings,334,1001,2.14,2025-03-01 02:55:51
421,hand,Gastrocnemius,404,542,4.21,2025-02-20 15:54:12
290,leg,Deltoid,479,925,3.94,2025-02-13 03:46:51
457,hand,Gastrocnemius,241,4885,3.02,2025-03-22 00:58:38
85,hand,Gastrocnemius,105,3310,4.54,2025-04-01 11:13:37
601,leg,Hamstrings,115,3967,2.6,2025-03-15 09:57:42
547,leg,Gastrocnemius,359,2452,4.69,2025-02-18 14:12:31
316,hand,Triceps,261,740,3.57,2025-02-23 15:00:14
102,leg,Quadriceps,399,1120,4.05,2025-03-29 07:31:43
160,arm,Hamstrings,232,2599,3.44,2025-02-06 03:26:56
443,arm,Hamstrings,320,903,0.8,2025-02-10 00:11:36
652,leg,Hamstrings,166,1915,2.95,2025-03-20 00:23:46
33,leg,Quadriceps,234,1243,1.0,2025-03-15 22:36:16
618,leg,Triceps,464,2848,0.8,2025-02-04 10:54:09
920,arm,Triceps,126,2280,0.77,2025-03-13 00:09:18
553,leg,Quadriceps,222,545,0.77,2025-03-01 17:41:33
981,arm,Deltoid,183,2371,4.73,2025-03-06 19:39:32
746,hand,Deltoid,293,3595,3.6,2025-02-10 23:38:10
17,arm,Biceps,210,1578,4.76,2025-02-24 07:49:29
69,hand,Biceps,287,3490,3.87,2025-03-17 12:14:44
373,leg,Deltoid,197,2270,1.95,2025-02-01 08:53:45
999,hand,Quadriceps,411,4024,4.51,2025-03-14 01:26:15
450,arm,Triceps,160,2945,1.73,2025-03-01 02:53:23
198,hand,Biceps,343,1149,3.99,2025-04-02 22:21:47
81,arm,Deltoid,362,934,4.45,2025-02-24 22:18:23
490,leg,Gastrocnemius,109,1571,1.79,2025-02-21 13:29:35
522,leg,Hamstrings,294,2075,4.45,2025-02-20 19:14:11
537,leg,Quadriceps,341,1560,3.41,2025-02-17 00:39:40
611,hand,Biceps,69,1659,3.08,2025-03-15 15:10:31
740,arm,Hamstrings,413,4485,2.8,2025-03-28 00:44:35
922,hand,Hamstrings,81,4684,3.78,2025-03-23 02:29:58
126,hand,Triceps,230,1449,1.34,2025-03-18 10:45:20
648,hand,Deltoid,93,4781,1.01,2025-03-10 07:43:43
39,hand,Triceps,85,1840,2.2,2025-02-19 18:38:12
980,leg,Triceps,461,3375,3.33,2025-02-09 20:14:50
677,hand,Hamstrings,282,3333,1.22,2025-02-20 01:13:57
863,hand,Hamstrings,225,4803,1.04,2025-03-06 10:03:43
870,leg,Quadriceps,102,1951,3.72,2025-03-01 22:55:37
269,hand,Biceps,175,3342,2.75,2025-02-03 07:53:07
539,leg,Deltoid,435,3848,2.42,2025-03-22 08:58:50
238,arm,Hamstrings,71,3472,3.27,2025-02-26 03:12:20
682,arm,Biceps,250,1184,1.96,2025-02-24 04:00:30
289,hand,Gastrocnemius,398,2473,4.76,2025-03-06 06:27:09
316,hand,Deltoid,226,2820,0.66,2025-02-09 04:04:34
546,leg,Biceps,317,4223,3.72,2025-02-12 10:26:24
804,arm,Hamstrings,52,3190,2.11,2025-03-15 16:17:13
88,arm,Hamstrings,262,4393,2.41,2025-03-23 14:42:59
277,leg,Hamstrings,72,1509,4.0,2025-03-26 07:07:07
34,leg,Gastrocnemius,211,4684,0.88,2025-03-16 05:49:36
989,hand,Deltoid,351,2084,4.12,2025-02-21 12:11:31
963,hand,Biceps,480,1936,3.35,2025-03-26 02:22:41
985,leg,Quadriceps,183,3958,2.55,2025-02-14 20:26:42
835,leg,Deltoid,355,1479,4.92,2025-02-24 09:19:00
866,leg,Gastrocnemius,352,2750,3.18,2025-03-26 02:14:14
373,leg,Triceps,496,3066,1.29,2025-02-26 15:16:16
217,hand,Deltoid,236,1004,4.03,2025-02-27 05:45:32
324,hand,Gastrocnemius,497,4010,4.15,2025-03-31 19:23:33
278,arm,Deltoid,342,1413,0.95,2025-02-05 17:16:49
163,leg,Biceps,175,4447,4.3,2025-03-22 17:23:50
669,arm,Quadriceps,462,3141,0.77,2025-03-28 02:22:52
822,hand,Biceps,132,1119,4.2,2025-02-13 12:39:35
187,hand,Gastrocnemius,159,4381,1.12,2025-02-22 23:28:22
398,hand,Deltoid,363,3240,2.97,2025-02-20 23:54:52
234,arm,Gastrocnemius,63,983,3.8,2025-02-02 20:53:55
798,arm,Quadriceps,369,2821,0.52,2025-02-21 19:13:09
910,arm,Biceps,139,2430,4.46,2025-02-09 02:47:01
696,hand,Hamstrings,182,2699,4.31,2025-02-19 12:18:52
945,leg,Quadriceps,53,4189,1.53,2025-03-06 18:43:22
116,arm,Biceps,375,4373,4.13,2025-03-21 08:57:41
420,hand,Hamstrings,327,961,4.03,2025-02-25 01:48:31
746,arm,Gastrocnemius,156,3565,4.2,2025-02-15 16:17:50
13,arm,Deltoid,86,1407,2.69,2025-03-13 14:27:10
451,arm,Biceps,440,3464,4.26,2025-03-07 10:42:11
989,hand,Quadriceps,210,771,1.12,2025-02-20 13:21:01
338,arm,Hamstrings,460,3017,1.64,2025-04-02 18:13:36
518,hand,Triceps,294,523,1.4,2025-03-16 17:54:28
297,leg,Deltoid,294,3815,0.74,2025-03-30 17:21:38
75,leg,Quadriceps,129,2624,2.5,2025-03-10 14:48:35
209,hand,Hamstrings,144,2736,1.48,2025-03-25 02:49:27
916,leg,Quadriceps,284,4635,1.7,2025-03-04 07:12:17
912,arm,Biceps,362,4975,2.29,2025-03-20 02:45:55
497,hand,Biceps,309,4817,4.91,2025-03-26 01:11:14
817,hand,Gastrocnemius,113,557,4.75,2025-02-14 04:04:33
698,arm,Deltoid,220,2171,2.34,2025-03-20 17:00:11
567,hand,Hamstrings,434,732,1.1,2025-03-22 14:38:57
705,hand,Biceps,98,4183,2.91,2025-03-23 14:08:13
10,arm,Quadriceps,438,1233,0.55,2025-03-30 06:58:51
913,hand,Deltoid,92,3936,1.64,2025-02-06 10:58:49
707,leg,Deltoid,85,3868,2.49,2025-02-18 14:54:00
643,arm,Triceps,378,1345,1.63,2025-02-04 21:56:49
495,leg,Biceps,51,4630,0.92,2025-03-04 05:06:03
887,arm,Hamstrings,177,503,4.91,2025-03-11 12:28:55
769,leg,Deltoid,223,2388,1.57,2025-03-18 07:53:42
438,arm,Gastrocnemius,482,2624,2.19,2025-03-27 18:03:07
22,leg,Quadriceps,105,3760,0.53,2025-03-07 14:00:31
205,leg,Deltoid,459,4115,3.22,2025-03-22 21:20:18
816,leg,Deltoid,397,4124,4.7,2025-02-06 08:58:59
54,leg,Biceps,271,3030,0.68,2025-02-10 08:10:30
28,hand,Gastrocnemius,154,2367,1.73,2025-02-26 14:40:28
941,hand,Quadriceps,453,2644,3.23,2025-04-02 00:14:10
832,arm,Hamstrings,192,3070,3.59,2025-03-07 20:22:40
79,arm,Deltoid,183,2822,2.08,2025-03-04 01:21:10
997,arm,Hamstrings,175,3190,4.13,2025-03-04 00:33:25
167,arm,Hamstrings,98,1023,4.11,2025-02-14 03:01:12
370,hand,Hamstrings,71,1493,4.97,2025-03-03 10:01:06
692,arm,Triceps,283,4534,2.71,2025-02-14 14:09:17
92,arm,Deltoid,75,2551,2.33,2025-03-27 22:23:59
616,hand,Biceps,491,866,3.89,2025-03-14 03:39:46
378,arm,Biceps,460,1553,3.94,2025-03-26 10:13:09
91,leg,Quadriceps,128,2878,3.55,2025-03-31 20:42:56
731,leg,Gastrocnemius,133,2029,2.35,2025-02-12 17:00:21
436,leg,Hamstrings,111,3584,4.76,2025-02-16 18:35:42
544,hand,Triceps,329,3613,2.26,2025-03-07 13:49:54
468,leg,Biceps,263,4904,4.82,2025-03-26 16:55:24
547,leg,Quadriceps,59,4479,4.23,2025-02-01 13:15:22
308,arm,Gastrocnemius,176,2638,4.22,2025-03-10 13:27:45
514,leg,Biceps,233,4371,3.07,2025-03-31 00:24:43
864,leg,Quadriceps,95,2404,0.67,2025-03-20 04:30:34
229,leg,Gastrocnemius,478,1197,1.74,2025-02-24 09:59:36
634,hand,Biceps,107,2719,1.06,2025-02-24 15:01:41
555,arm,Gastrocnemius,323,3766,3.2,2025-03-31 02:04:22
230,hand,Gastrocnemius,196,1483,2.6,2025-02-18 06:58:53
161,arm,Gastrocnemius,426,765,1.61,2025-03-12 22:07:32
111,arm,Quadriceps,121,2004,3.28,2025-02-06 10:33:28
266,arm,Gastrocnemius,115,3490,1.7,2025-02-07 06:24:21
375,arm,Hamstrings,458,2390,1.24,2025-02-21 13:04:51
609,leg,Quadriceps,420,1146,3.41,2025-04-01 21:42:37
632,hand,Deltoid,155,4144,3.18,2025-03-13 15:18:50
61,leg,Quadriceps,231,4038,4.01,2025-02-19 08:32:06
64,leg,Triceps,75,4888,2.28,2025-03-31 12:31:53
660,arm,Quadriceps,471,552,0.63,2025-03-08 03:02:18
808,hand,Biceps,249,4492,4.65,2025-02-22 07:00:45
639,leg,Hamstrings,69,4369,4.02,2025-02-25 07:19:05
160,arm,Hamstrings,178,3816,1.68,2025-03-14 06:35:06
960,arm,Quadriceps,262,2040,2.13,2025-02-28 18:37:19
214,arm,Triceps,338,4623,1.03,2025-02-24 06:58:18
562,hand,Gastrocnemius,438,568,3.22,2025-02-21 23:56:20
789,hand,Hamstrings,94,805,2.15,2025-02-02 17:08:00
508,leg,Biceps,337,2549,2.78,2025-02-06 15:17:50
39,arm,Gastrocnemius,340,4343,4.64,2025-02-23 12:15:06
638,leg,Biceps,469,2935,4.93,2025-03-26 03:22:46
734,leg,Gastrocnemius,413,2094,1.63,2025-03-31 15:59:41
155,hand,Gastrocnemius,260,3963,4.69,2025-03-11 17:32:49
726,hand,Deltoid,54,3485,4.68,2025-03-14 05:22:36
601,hand,Hamstrings,187,685,3.21,2025-02-19 23:03:35
627,leg,Gastrocnemius,497,2515,2.04,2025-02-11 00:01:37
542,hand,Deltoid,155,1443,3.2,2025-02-16 10:32:55
956,arm,Triceps,124,597,1.91,2025-03-30 17:25:53
441,hand,Triceps,340,882,0.6,2025-02-19 23:03:29
208,arm,Quadriceps,313,1677,2.64,2025-03-19 19:08:38
524,leg,Deltoid,199,1120,3.37,2025-03-26 03:33:00
455,leg,Triceps,333,913,3.8,2025-03-22 15:55:02
204,leg,Gastrocnemius,219,3306,1.27,2025-02-14 05:03:43
78,hand,Deltoid,360,4377,3.27,2025-02-23 10:56:06
73,arm,Biceps,127,4531,0.78,2025-03-23 23:37:25
737,arm,Deltoid,255,2054,1.01,2025-03-04 09:22:31
664,arm,Biceps,234,2832,0.96,2025-03-25 07:32:26
141,leg,Hamstrings,108,4401,4.17,2025-02-05 23:12:22
303,arm,Gastrocnemius,224,3006,3.88,2025-03-27 09:05:56
724,hand,Gastrocnemius,173,4922,4.1,2025-02-07 16:25:09
875,hand,Deltoid,112,3847,3.58,2025-02-17 04:15:18
913,arm,Quadriceps,374,1522,3.44,2025-03-31 06:58:26
12,arm,Hamstrings,100,1523,4.39,2025-02-08 04:07:19
302,leg,Gastrocnemius,110,1770,2.85,2025-03-17 05:27:20
975,leg,Biceps,319,3130,1.74,2025-03-19 19:12:06
523,leg,Biceps,433,1930,2.0,2025-03-24 10:06:40
815,hand,Hamstrings,310,1833,3.21,2025-03-09 23:17:53
547,hand,Quadriceps,146,3572,1.54,2025-02-15 03:42:05
47,arm,Hamstrings,494,2710,2.33,2025-02-26 19:03:22
936,leg,Hamstrings,472,4452,4.6,2025-02-20 08:24:11
235,hand,Gastrocnemius,337,1446,1.22,2025-02-03 15:07:40
602,hand,Quadriceps,412,2286,4.55,2025-03-14 19:15:44
564,arm,Deltoid,117,4702,2.82,2025-03-22 06:20:17
18,arm,Quadriceps,56,2086,2.24,2025-03-15 13:20:56
974,leg,Triceps,314,1238,2.59,2025-02-15 10:27:53
914,arm,Triceps,242,2763,3.36,2025-03-19 14:15:43
883,hand,Gastrocnemius,70,4250,2.85,2025-02-11 10:24:52
81,leg,Gastrocnemius,457,3037,1.75,2025-02-13 12:23:53
105,leg,Deltoid,317,941,2.7,2025-03-13 17:50:48
848,leg,Quadriceps,417,2839,4.57,2025-03-03 10:49:16
549,arm,Gastrocnemius,229,4434,1.92,2025-03-30 13:58:54
108,hand,Hamstrings,354,4617,3.02,2025-03-23 17:56:24
120,arm,Gastrocnemius,184,3702,2.19,2025-02-14 04:23:15
846,hand,Hamstrings,326,2218,1.0,2025-03-07 00:13:41
773,hand,Gastrocnemius,152,2905,4.94,2025-03-23 12:38:04
35,hand,Biceps,307,3498,4.26,2025-03-15 05:05:52
358,hand,Gastrocnemius,51,4398,4.37,2025-03-08 11:44:16
894,leg,Hamstrings,457,2430,0.9,2025-03-21 07:50:29
642,arm,Gastrocnemius,382,883,4.08,2025-02-03 22:50:46
944,leg,Triceps,487,3443,3.04,2025-03-23 16:19:20
621,hand,Triceps,221,2475,3.55,2025-02-05 15:13:50
634,hand,Hamstrings,142,2812,4.54,2025-02-18 05:12:10
645,leg,Triceps,55,2313,3.69,2025-03-03 00:21:57
356,arm,Gastrocnemius,497,4319,2.78,2025-03-15 01:26:59
698,leg,Quadriceps,207,4013,3.61,2025-03-27 17:33:19
66,leg,Deltoid,145,3703,3.22,2025-03-31 02:13:57
591,arm,Triceps,215,1877,1.37,2025-03-30 20:35:23
17,hand,Biceps,302,4271,3.14,2025-03-12 19:15:06
753,leg,Triceps,127,2574,3.85,2025-02-01 09:57:59
947,leg,Deltoid,343,2970,0.77,2025-02-28 09:28:17
406,leg,Quadriceps,182,3072,2.66,2025-02-26 03:34:42
812,arm,Gastrocnemius,273,4080,1.47,2025-02-03 21:47:23
441,leg,Gastrocnemius,281,2816,2.82,2025-03-25 15:23:37
637,hand,Hamstrings,446,651,4.18,2025-02-03 09:36:56
227,arm,Triceps,87,1012,3.59,2025-03-10 00:25:31
908,hand,Biceps,310,1517,2.67,2025-03-23 10:55:39
73,arm,Quadriceps,116,2810,3.07,2025-03-08 03:08:27
593,leg,Triceps,354,1382,2.21,2025-03-15 11:06:42
9,hand,Triceps,238,1638,3.7,2025-03-19 22:01:32
634,hand,Quadriceps,69,1998,1.84,2025-03-06 02:49:22
495,hand,Triceps,281,4448,2.15,2025-03-08 05:46:56
50,hand,Deltoid,99,4878,3.56,2025-03-31 05:04:56
603,arm,Triceps,215,1610,3.79,2025-03-16 07:20:14
975,hand,Biceps,51,3934,3.29,2025-04-02 22:29:46
224,leg,Gastrocnemius,262,1471,4.67,2025-03-25 04:55:27
621,leg,Deltoid,112,4536,4.52,2025-04-02 08:07:53
441,leg,Gastrocnemius,461,1761,2.76,2025-03-31 20:16:08
254,leg,Biceps,402,2737,1.96,2025-03-11 19:35:05
190,hand,Triceps,244,808,4.15,2025-03-28 14:03:30
848,hand,Gastrocnemius,175,2355,0.9,2025-03-08 00:49:40
348,leg,Quadriceps,417,1039,1.06,2025-04-01 05:05:41
110,arm,Gastrocnemius,131,2418,1.21,2025-02-28 21:59:04
613,arm,Deltoid,245,2940,4.24,2025-02-07 21:05:17
205,leg,Quadriceps,424,3382,2.41,2025-02-25 11:50:08
705,leg,Hamstrings,320,4202,0.93,2025-02-24 19:56:51
455,leg,Triceps,319,1260,2.35,2025-03-19 16:52:07
109,hand,Deltoid,69,4360,1.05,2025-02-21 09:39:48
474,hand,Deltoid,188,1799,2.03,2025-03-17 10:11:57
788,hand,Deltoid,394,4659,2.35,2025-03-04 21:41:27
132,leg,Triceps,409,2564,3.22,2025-02-09 18:07:19
266,hand,Gastrocnemius,309,1336,0.83,2025-02-10 10:42:18
575,hand,Deltoid,170,4982,4.76,2025-03-03 08:59:18
900,hand,Biceps,192,4176,3.74,2025-03-01 20:28:26
76,arm,Deltoid,364,3176,2.8,2025-03-06 16:09:16
913,arm,Deltoid,270,4125,0.7,2025-03-02 13:24:54
356,hand,Gastrocnemius,306,687,3.85,2025-03-24 18:50:59
721,leg,Quadriceps,300,1794,4.28,2025-03-18 07:47:32
405,leg,Hamstrings,141,3734,2.83,2025-03-02 04:00:36
906,leg,Hamstrings,177,4712,2.09,2025-03-07 05:45:35
796,leg,Gastrocnemius,190,4943,2.32,2025-03-30 00:04:05
415,hand,Quadriceps,207,4925,0.54,2025-02-15 07:44:26
740,leg,Hamstrings,164,3771,4.06,2025-03-20 13:51:51
285,hand,Deltoid,294,1264,2.81,2025-03-27 05:58:08
358,arm,Hamstrings,416,611,1.15,2025-03-14 00:43:54
594,leg,Triceps,310,3734,3.98,2025-02-03 04:10:03
705,leg,Quadriceps,103,4085,5.0,2025-03-09 05:48:49
160,leg,Triceps,170,3726,1.58,2025-02-27 08:06:56
21,leg,Triceps,384,2798,3.75,2025-03-13 09:58:28
18,leg,Hamstrings,243,4511,3.12,2025-03-15 17:11:59
639,hand,Biceps,458,1452,4.66,2025-02-21 03:48:56
843,hand,Quadriceps,454,2722,4.53,2025-02-15 06:02:24
249,leg,Triceps,59,3928,4.28,2025-03-20 14:43:08
189,arm,Hamstrings,250,2772,2.55,2025-03-30 23:11:56
386,hand,Gastrocnemius,358,4043,1.97,2025-02-26 05:28:08
665,arm,Gastrocnemius,304,3470,1.37,2025-02-11 18:57:36
298,arm,Deltoid,58,3310,4.24,2025-03-13 15:46:08
284,hand,Quadriceps,169,4664,3.73,2025-02-04 23:21:16
173,leg,Triceps,75,4297,4.74,2025-02-13 22:49:35
238,hand,Hamstrings,333,645,0.89,2025-03-28 00:44:45
536,leg,Hamstrings,367,2536,1.55,2025-02-24 05:22:21
980,leg,Quadriceps,317,2498,4.08,2025-02-20 02:46:24
231,hand,Biceps,324,2045,4.45,2025-02-19 08:54:02
717,hand,Gastrocnemius,483,3140,4.8,2025-02-15 12:38:14
785,hand,Biceps,374,3669,2.02,2025-02-13 21:01:33
176,leg,Triceps,69,3102,4.55,2025-02-15 06:51:43
173,leg,Gastrocnemius,104,3355,0.88,2025-02-12 05:54:25
96,leg,Deltoid,491,4087,4.29,2025-03-02 15:32:28
358,leg,Hamstrings,178,3180,3.34,2025-03-14 13:05:32
550,hand,Biceps,165,3255,0.66,2025-03-04 23:06:02
422,arm,Triceps,67,3136,2.99,2025-02-20 01:03:48
868,arm,Biceps,53,2968,1.93,2025-03-23 23:45:20
520,hand,Quadriceps,141,549,1.48,2025-02-27 12:04:50
747,arm,Triceps,202,1927,3.55,2025-03-04 23:36:08
915,hand,Biceps,475,2196,3.78,2025-02-24 17:57:02
696,hand,Triceps,371,1606,2.86,2025-03-13 17:36:44
563,arm,Triceps,492,2821,4.97,2025-03-24 23:53:20
941,leg,Biceps,156,3945,3.82,2025-03-22 18:19:08
956,arm,Hamstrings,459,4101,3.93,2025-02-25 05:14:21
431,hand,Deltoid,111,4700,2.62,2025-03-28 11:24:32
345,arm,Biceps,473,4365,4.08,2025-03-23 00:09:23
161,hand,Biceps,500,2480,0.83,2025-02-28 11:27:02
603,arm,Gastrocnemius,309,4921,3.41,2025-03-24 08:54:40
699,arm,Hamstrings,373,1296,3.87,2025-03-20 19:47:42
24,arm,Triceps,307,4417,3.81,2025-02-22 16:00:14
858,leg,Deltoid,175,1178,3.9,2025-03-04 10:54:05
949,leg,Quadriceps,52,1997,3.22,2025-02-12 09:11:10
589,arm,Triceps,408,4847,2.09,2025-03-18 10:34:34
439,hand,Biceps,343,2628,1.43,2025-02-23 13:23:46
775,leg,Hamstrings,162,1034,2.12,2025-03-21 02:13:20
54,hand,Biceps,67,2560,4.57,2025-03-29 04:03:20
118,arm,Biceps,231,3349,4.62,2025-02-28 18:28:40
746,leg,Hamstrings,129,2642,4.55,2025-02-19 00:22:07
69,leg,Biceps,243,3436,4.8,2025-03-05 23:15:24
357,hand,Hamstrings,409,2471,3.48,2025-03-21 07:35:47
729,leg,Deltoid,216,3817,4.59,2025-02-03 04:09:53
806,leg,Triceps,407,2455,2.87,2025-04-01 05:08:13
901,arm,Triceps,359,4357,4.27,2025-03-13 15:41:03
962,leg,Quadriceps,399,2599,3.94,2025-03-10 08:33:57
141,arm,Gastrocnemius,70,3723,4.96,2025-03-26 07:49:04
148,hand,Hamstrings,408,3812,3.23,2025-03-25 15:44:53
998,leg,Hamstrings,89,2028,4.93,2025-02-02 05:38:51
171,arm,Triceps,463,534,4.47,2025-02-21 14:51:53
146,arm,Gastrocnemius,414,574,0.84,2025-02-22 13:02:27
496,arm,Triceps,219,849,4.94,2025-02-08 06:25:06
203,hand,Quadriceps,256,593,4.72,2025-03-19 07:43:44
750,hand,Hamstrings,448,3993,1.65,2025-02-15 16:50:26
208,leg,Gastrocnemius,471,2193,3.53,2025-02-22 16:20:15
94,hand,Triceps,170,4176,0.87,2025-02-24 19:13:04
63,hand,Triceps,387,4792,4.54,2025-03-01 18:45:45
513,leg,Deltoid,156,4376,2.44,2025-03-12 02:44:11
708,arm,Quadriceps,342,1729,0.86,2025-03-30 04:20:55
267,arm,Biceps,227,817,2.68,2025-02-01 22:28:10
339,arm,Biceps,267,1738,2.76,2025-03-31 16:04:30
588,hand,Quadriceps,311,1267,2.61,2025-03-17 17:29:03
879,arm,Hamstrings,195,1431,2.34,2025-03-05 20:22:46
791,leg,Biceps,235,1546,3.29,2025-02-09 16:35:49
953,leg,Quadriceps,149,4816,3.77,2025-03-07 22:40:09
692,leg,Deltoid,151,4775,2.89,2025-03-13 23:35:56
486,arm,Hamstrings,312,3535,4.82,2025-02-21 09:26:21
594,leg,Biceps,185,1307,4.69,2025-02-10 16:05:22
988,leg,Deltoid,92,3172,2.89,2025-02-22 18:13:33
622,arm,Triceps,379,4138,5.0,2025-03-01 00:22:58
918,leg,Quadriceps,479,4931,4.17,2025-03-09 20:22:35
768,hand,Gastrocnemius,319,4913,1.29,2025-03-05 05:31:27
874,hand,Gastrocnemius,97,3745,4.41,2025-02-07 15:24:28
409,arm,Gastrocnemius,400,737,1.61,2025-02-12 07:46:50
929,hand,Gastrocnemius,496,3264,2.51,2025-03-17 00:21:04
133,hand,Quadriceps,119,3062,1.26,2025-04-02 18:50:56
452,arm,Biceps,357,3702,3.07,2025-03-09 09:30:40
596,leg,Quadriceps,293,1348,1.11,2025-03-03 02:18:28
407,leg,Gastrocnemius,361,2927,0.76,2025-03-06 18:06:51
625,leg,Quadriceps,408,3543,1.26,2025-03-16 20:00:16
184,hand,Hamstrings,435,2670,3.08,2025-02-18 06:48:26
364,leg,Quadriceps,181,2805,3.15,2025-03-12 09:50:23
630,arm,Gastrocnemius,184,3860,3.95,2025-03-01 07:12:30
391,arm,Gastrocnemius,463,4201,1.2,2025-02-02 03:10:39
968,arm,Quadriceps,475,1730,1.35,2025-02-01 06:06:49
665,arm,Biceps,56,4104,2.35,2025-02-06 06:43:46
937,leg,Hamstrings,489,1733,3.17,2025-02-19 02:20:57
451,leg,Deltoid,73,3301,1.52,2025-03-14 01:29:12
363,arm,Biceps,472,4122,2.35,2025-03-24 00:06:56
706,hand,Deltoid,400,2230,4.33,2025-02-12 03:48:17
796,arm,Hamstrings,77,1756,2.5,2025-02-22 01:05:12
107,arm,Hamstrings,371,2332,0.98,2025-03-13 05:40:49
578,leg,Hamstrings,311,3129,3.69,2025-03-20 00:41:24
376,leg,Gastrocnemius,486,1585,3.01,2025-03-22 07:47:33
335,arm,Deltoid,463,1730,1.86,2025-03-24 08:13:20
935,leg,Triceps,81,4235,3.8,2025-03-23 15:29:33
525,hand,Hamstrings,307,4827,0.69,2025-03-09 10:59:21
222,arm,Quadriceps,100,3240,4.07,2025-03-13 20:09:30
573,leg,Triceps,250,3386,2.71,2025-02-01 15:43:41
115,hand,Quadriceps,363,2076,1.68,2025-03-11 00:05:43
995,arm,Deltoid,186,1684,4.14,2025-03-30 23:20:15
549,hand,Gastrocnemius,145,2562,0.56,2025-02-22 18:00:48
609,hand,Quadriceps,257,572,0.92,2025-02-16 01:21:49
771,arm,Quadriceps,193,1188,3.75,2025-02-25 03:43:05
594,leg,Deltoid,196,2161,3.79,2025-02-05 00:23:58
584,leg,Deltoid,106,2627,0.73,2025-04-02 22:15:45
232,hand,Triceps,361,3538,1.8,2025-03-30 13:06:54
301,leg,Quadriceps,70,4310,1.6,2025-03-29 02:26:27
680,leg,Quadriceps,465,4027,3.59,2025-03-07 11:50:47
995,leg,Deltoid,100,4570,2.04,2025-04-01 03:26:46
907,hand,Biceps,143,1114,3.22,2025-02-07 16:53:00
656,hand,Hamstrings,118,4887,3.63,2025-03-27 16:07:06
747,leg,Triceps,395,3713,3.22,2025-02-26 00:53:11
399,leg,Triceps,104,4333,1.29,2025-02-11 18:59:11
915,arm,Biceps,54,3942,3.6,2025-04-01 13:43:03
26,leg,Deltoid,492,4437,0.76,2025-04-01 12:56:10
999,arm,Quadriceps,428,2745,2.03,2025-03-21 23:53:47
203,hand,Hamstrings,117,3323,5.0,2025-02-17 15:55:53
91,leg,Deltoid,205,3351,4.25,2025-03-31 14:36:28
693,arm,Gastrocnemius,343,1634,3.0,2025-02-01 19:36:31
108,arm,Triceps,471,2700,4.32,2025-03-22 15:13:03
40,arm,Hamstrings,425,4371,1.07,2025-02-13 17:11:38
498,leg,Triceps,248,3905,0.94,2025-03-21 10:25:11
390,hand,Quadriceps,269,3685,4.78,2025-03-05 22:00:15
731,arm,Biceps,141,4536,4.05,2025-03-28 11:28:08
275,arm,Gastrocnemius,278,2503,2.58,2025-03-26 06:34:04
846,arm,Quadriceps,153,3133,1.57,2025-02-03 11:08:31
67,arm,Quadriceps,397,1672,0.53,2025-03-10 17:29:59
550,arm,Deltoid,127,3605,1.35,2025-03-29 05:38:09
858,hand,Gastrocnemius,393,1125,4.07,2025-03-05 17:15:48
276,arm,Gastrocnemius,240,2082,4.93,2025-02-26 23:57:45
827,leg,Gastrocnemius,346,4425,3.56,2025-03-04 10:56:54
361,hand,Gastrocnemius,476,2698,1.49,2025-03-16 00:07:00
881,leg,Biceps,318,1836,1.67,2025-02-16 18:23:26
993,hand,Gastrocnemius,371,1252,0.6,2025-03-19 20:04:14
307,hand,Quadriceps,287,2932,4.42,2025-03-24 20:33:44
984,arm,Gastrocnemius,402,3021,4.74,2025-02-26 23:47:20
388,hand,Biceps,381,1670,4.07,2025-04-02 21:47:23
694,arm,Hamstrings,272,3967,0.69,2025-02-20 11:10:04
127,leg,Quadriceps,463,3621,2.21,2025-02-01 15:27:46
166,hand,Gastrocnemius,73,4528,2.46,2025-03-22 05:03:07
805,leg,Deltoid,308,1254,3.15,2025-04-01 12:02:23
836,arm,Gastrocnemius,370,1028,0.83,2025-02-09 21:55:56
357,leg,Triceps,169,3173,4.38,2025-03-24 03:47:01
582,hand,Biceps,172,2760,2.19,2025-02-01 14:33:48
668,arm,Gastrocnemius,467,1737,1.67,2025-03-28 00:04:01
120,arm,Deltoid,232,2287,4.83,2025-02-18 17:37:11
759,leg,Quadriceps,356,3655,3.85,2025-04-01 23:53:13
25,leg,Quadriceps,208,2888,3.89,2025-02-21 00:56:59
753,hand,Deltoid,129,1987,1.6,2025-02-21 23:21:40
93,leg,Hamstrings,227,1431,3.69,2025-02-15 04:25:33
69,hand,Quadriceps,300,1166,4.14,2025-03-21 23:23:40
953,leg,Hamstrings,187,988,1.95,2025-03-21 20:41:59
946,leg,Biceps,106,2621,3.3,2025-03-14 22:08:35
957,leg,Gastrocnemius,123,4410,1.85,2025-03-18 20:37:33
186,leg,Hamstrings,342,3989,0.66,2025-03-07 21:03:46
489,arm,Quadriceps,379,4421,2.91,2025-02-21 17:03:39
437,arm,Triceps,318,2597,0.89,2025-03-29 19:54:09
14,leg,Triceps,242,3223,3.28,2025-03-07 16:56:42
66,leg,Hamstrings,396,1258,2.92,2025-02-28 22:50:09
689,leg,Hamstrings,281,2944,3.77,2025-03-25 10:55:09
338,leg,Biceps,480,4499,3.05,2025-02-23 00:20:38
974,leg,Deltoid,268,4176,2.0,2025-03-19 10:48:25
376,hand,Triceps,428,1610,1.52,2025-03-20 01:16:43
567,arm,Gastrocnemius,466,4793,3.88,2025-02-06 09:25:58
962,hand,Triceps,253,3318,4.46,2025-02-20 15:17:58
203,hand,Hamstrings,336,2738,3.38,2025-03-08 10:22:01
461,arm,Biceps,348,503,4.06,2025-03-10 15:43:00
376,leg,Biceps,334,3985,2.95,2025-03-16 21:41:58
521,leg,Gastrocnemius,271,909,1.43,2025-03-12 17:27:43
771,arm,Gastrocnemius,422,3225,0.55,2025-02-17 17:47:48
827,arm,Gastrocnemius,281,3802,2.14,2025-02-05 11:10:03
366,leg,Triceps,412,4172,2.56,2025-02-20 00:47:30
536,leg,Deltoid,341,2830,1.13,2025-02-17 18:10:18
601,leg,Triceps,119,2178,1.55,2025-03-18 15:13:48
973,leg,Triceps,167,3881,4.55,2025-03-28 16:50:58
413,arm,Quadriceps,466,2508,2.61,2025-03-26 14:57:17
184,hand,Biceps,245,3161,1.27,2025-03-02 12:53:38
550,arm,Triceps,479,4990,3.75,2025-03-30 11:35:46
417,leg,Hamstrings,123,4716,3.35,2025-03-23 05:24:18
213,arm,Triceps,225,2021,1.39,2025-02-21 06:54:41
300,leg,Biceps,107,1174,4.4,2025-03-08 12:41:43
148,leg,Deltoid,157,1552,1.58,2025-03-09 06:37:07
166,leg,Quadriceps,498,2751,1.29,2025-02-09 05:52:14
185,hand,Quadriceps,492,3615,0.9,2025-03-17 00:25:20
172,hand,Gastrocnemius,420,522,4.2,2025-02-09 06:59:11
358,arm,Biceps,231,2590,4.16,2025-03-06 04:14:08
753,hand,Deltoid,316,3722,1.78,2025-03-13 16:18:03
445,leg,Gastrocnemius,398,4519,3.66,2025-02-19 16:49:13
486,leg,Triceps,347,2404,1.61,2025-02-05 10:01:04
912,leg,Deltoid,205,2429,4.46,2025-02-02 22:22:17
112,leg,Triceps,283,4889,1.14,2025-02-12 02:48:43
897,arm,Quadriceps,315,2650,4.12,2025-03-19 16:55:11
160,hand,Triceps,441,2338,3.57,2025-03-30 00:43:28
843,arm,Hamstrings,221,2699,3.47,2025-02-02 02:01:09
704,leg,Triceps,438,1852,0.54,2025-03-29 06:54:20
429,hand,Gastrocnemius,463,1267,3.2,2025-02-18 20:23:57
729,arm,Biceps,193,1299,2.86,2025-03-21 18:58:58
330,arm,Quadriceps,199,4780,0.75,2025-02-27 09:08:40
908,arm,Biceps,67,3040,1.45,2025-02-07 13:49:48
375,leg,Triceps,54,1518,4.79,2025-02-22 14:33:04
210,hand,Biceps,79,910,4.44,2025-03-12 12:45:55
770,hand,Deltoid,397,4590,2.67,2025-03-02 03:23:46
326,hand,Biceps,62,729,1.34,2025-03-11 04:03:29
534,leg,Gastrocnemius,475,868,2.71,2025-02-02 18:08:02
830,arm,Triceps,253,3625,3.59,2025-02-20 23:49:37
933,arm,Triceps,403,2837,3.08,2025-02-04 00:40:49
187,hand,Deltoid,478,4178,1.74,2025-03-23 07:24:34
571,arm,Quadriceps,85,2244,3.18,2025-03-20 11:45:45
454,hand,Quadriceps,284,4570,2.39,2025-02-02 16:04:51
197,hand,Hamstrings,318,2240,4.95,2025-03-07 13:42:46
695,arm,Deltoid,264,4269,1.4,2025-03-10 22:27:07
325,hand,Triceps,259,2281,4.53,2025-03-17 14:00:26
151,arm,Gastrocnemius,364,1953,4.73,2025-02-22 19:27:51
908,arm,Hamstrings,239,4520,3.52,2025-03-19 17:50:53
800,hand,Quadriceps,169,2850,4.0,2025-02-05 10:31:45
623,leg,Quadriceps,128,4615,1.29,2025-03-01 21:22:45
823,hand,Deltoid,279,1795,2.25,2025-02-11 03:52:56
859,leg,Biceps,438,887,3.71,2025-03-28 09:42:40
999,leg,Biceps,292,1742,3.83,2025-03-04 01:14:13
813,hand,Deltoid,359,4364,2.38,2025-02-14 00:27:26
782,hand,Biceps,463,1800,0.86,2025-02-10 12:15:44
315,leg,Triceps,387,727,4.77,2025-03-24 12:52:09
282,arm,Triceps,136,3583,0.83,2025-03-22 04:48:03
366,hand,Biceps,206,3941,4.01,2025-02-16 20:00:57
110,leg,Triceps,99,1381,1.86,2025-03-22 02:24:44
641,leg,Triceps,233,870,0.84,2025-02-22 09:28:23
802,leg,Hamstrings,68,3282,3.49,2025-03-28 01:49:56
678,leg,Hamstrings,232,1586,1.73,2025-02-11 21:09:35
232,leg,Hamstrings,447,1729,2.68,2025-02-11 15:59:22
527,hand,Hamstrings,216,3207,0.85,2025-03-30 09:55:52
558,leg,Biceps,277,1954,4.01,2025-03-29 10:52:45
857,leg,Hamstrings,295,1669,3.53,2025-02-11 06:41:55
911,arm,Quadriceps,167,536,2.1,2025-02-25 13:20:45
76,leg,Deltoid,430,4299,4.98,2025-03-10 02:42:07
282,hand,Triceps,175,1374,4.44,2025-03-17 20:29:54
488,arm,Hamstrings,328,3744,0.75,2025-02-02 14:27:03
358,hand,Hamstrings,89,1536,1.15,2025-02-17 17:31:50
880,arm,Hamstrings,490,857,1.01,2025-02-06 08:20:12
789,leg,Triceps,219,1910,1.8,2025-02-14 23:08:31
756,arm,Triceps,319,4999,1.73,2025-02-15 00:39:15
106,hand,Hamstrings,223,1916,1.47,2025-04-02 00:01:17
16,leg,Biceps,65,4766,1.16,2025-02-21 01:50:12
927,hand,Triceps,387,832,1.6,2025-02-22 12:42:39
36,leg,Hamstrings,241,2173,3.93,2025-03-08 21:20:01
504,hand,Triceps,343,2235,1.3,2025-02-11 01:53:56
133,hand,Gastrocnemius,257,1810,4.04,2025-03-04 14:56:09
452,leg,Gastrocnemius,249,3624,4.11,2025-02-12 08:57:54
89,hand,Gastrocnemius,110,3708,3.55,2025-03-05 14:03:00
595,hand,Deltoid,283,3114,2.68,2025-03-02 22:42:51
397,leg,Gastrocnemius,489,827,4.01,2025-02-03 07:08:21
996,leg,Hamstrings,398,4229,0.94,2025-03-10 12:16:53
509,leg,Biceps,486,4749,2.48,2025-03-19 00:29:46
856,hand,Triceps,135,2998,0.56,2025-02-14 15:43:58
103,leg,Quadriceps,282,3198,4.98,2025-02-15 02:38:42
395,hand,Hamstrings,405,4015,3.59,2025-03-22 08:49:59
913,arm,Deltoid,78,2194,3.13,2025-02-19 01:37:05
535,hand,Gastrocnemius,101,2971,2.16,2025-03-01 12:17:40
441,arm,Biceps,382,1182,4.24,2025-03-30 07:30:23
832,arm,Triceps,458,2156,1.73,2025-02-04 22:58:36
371,arm,Biceps,133,3737,2.32,2025-03-15 12:47:04
824,hand,Deltoid,235,2185,2.32,2025-03-06 14:46:56
562,hand,Deltoid,200,1931,4.13,2025-02-17 21:38:21
166,hand,Deltoid,176,3406,4.21,2025-03-27 21:32:44
547,arm,Hamstrings,461,2509,3.71,2025-02-02 04:04:23
685,arm,Gastrocnemius,348,1891,1.65,2025-02-08 18:47:02
623,leg,Triceps,409,1474,3.68,2025-03-22 14:00:16
341,hand,Quadriceps,222,4909,0.68,2025-02-22 07:59:31
699,hand,Deltoid,183,1870,4.4,2025-03-07 09:34:16
445,arm,Hamstrings,354,3374,3.56,2025-03-01 15:12:59
776,arm,Triceps,85,1666,1.02,2025-02-02 17:59:17
685,leg,Quadriceps,68,1587,1.33,2025-03-13 20:16:55
215,leg,Hamstrings,364,2333,3.85,2025-02-09 07:04:39
722,arm,Gastrocnemius,479,4297,4.12,2025-03-31 18:10:00
134,arm,Biceps,319,4361,3.26,2025-02-02 19:39:33
125,leg,Quadriceps,90,1593,1.27,2025-02-13 17:07:32
738,arm,Biceps,258,581,3.26,2025-02-06 21:17:16
552,hand,Quadriceps,458,3372,4.99,2025-03-18 08:02:23
653,leg,Triceps,274,4147,5.0,2025-02-24 00:28:34
133,arm,Biceps,343,2222,1.81,2025-03-02 12:31:19
202,arm,Triceps,154,3883,2.84,2025-02-01 02:36:10
691,hand,Triceps,482,869,1.87,2025-02-18 13:07:42
264,hand,Quadriceps,464,1750,2.47,2025-02-01 12:10:01
68,leg,Biceps,175,1918,1.15,2025-03-30 08:53:03
492,hand,Deltoid,255,1649,4.55,2025-03-30 13:01:14
926,arm,Triceps,326,1568,3.01,2025-02-25 03:43:10
381,leg,Hamstrings,257,3455,2.42,2025-04-01 15:51:46
945,hand,Triceps,267,1761,1.05,2025-02-03 01:25:49
549,arm,Deltoid,368,4474,1.67,2025-03-28 00:38:14
424,leg,Deltoid,145,2346,4.79,2025-03-04 04:11:22
908,leg,Gastrocnemius,432,3556,3.22,2025-03-24 11:12:56
669,arm,Hamstrings,436,3109,2.44,2025-03-11 21:36:58
33,hand,Gastrocnemius,391,533,3.89,2025-02-22 21:45:37
649,leg,Hamstrings,209,929,1.42,2025-02-16 07:14:55
952,hand,Hamstrings,441,3075,1.18,2025-03-30 06:32:44
632,arm,Quadriceps,68,671,4.96,2025-04-02 01:44:54
539,leg,Triceps,145,1703,2.87,2025-03-24 16:30:32
520,leg,Hamstrings,105,2580,1.41,2025-03-04 13:15:35
932,hand,Quadriceps,199,2076,0.5,2025-02-13 13:04:43
18,leg,Deltoid,333,1271,0.78,2025-02-14 07:09:26
572,leg,Triceps,431,3886,0.75,2025-02-07 15:15:58
279,hand,Quadriceps,178,1900,0.56,2025-03-15 08:24:39
581,leg,Triceps,495,3593,4.34,2025-02-27 15:49:06
944,leg,Biceps,322,4515,0.56,2025-02-14 21:56:36
483,arm,Deltoid,298,3067,0.86,2025-03-19 15:09:56
740,hand,Gastrocnemius,241,4399,4.99,2025-02-06 17:32:40
227,arm,Hamstrings,152,525,3.32,2025-03-22 20:21:36
660,arm,Hamstrings,425,851,4.38,2025-03-29 18:51:19
96,arm,Quadriceps,101,4012,0.56,2025-03-19 22:11:20
336,hand,Hamstrings,90,3245,4.74,2025-03-08 01:24:52
740,arm,Deltoid,435,699,1.75,2025-04-01 19:18:34
756,hand,Triceps,495,4341,2.52,2025-03-04 06:16:07
644,hand,Hamstrings,217,4173,4.58,2025-02-07 21:14:20
42,leg,Biceps,325,4324,0.73,2025-02-08 06:04:43
102,arm,Biceps,499,1002,0.96,2025-02-09 02:38:52
648,leg,Quadriceps,192,1793,3.68,2025-02-26 23:49:25
230,hand,Hamstrings,248,3813,1.47,2025-03-09 21:43:15
807,hand,Quadriceps,267,2284,3.6,2025-03-31 02:53:17
548,leg,Hamstrings,164,844,1.63,2025-03-04 20:30:41
999,hand,Hamstrings,405,4658,3.58,2025-03-01 17:03:53
156,arm,Deltoid,298,2627,1.63,2025-02-14 00:13:35
663,arm,Quadriceps,354,1541,4.76,2025-02-25 02:54:03
653,leg,Triceps,424,1897,1.32,2025-02-20 08:45:59
181,arm,Deltoid,380,955,1.57,2025-03-14 16:23:08
628,hand,Gastrocnemius,179,3072,1.74,2025-03-27 05:57:01
634,arm,Deltoid,83,857,2.79,2025-03-07 14:31:51
89,hand,Biceps,194,889,1.24,2025-03-24 11:55:18
858,leg,Hamstrings,180,4052,2.83,2025-04-02 21:31:38
817,hand,Quadriceps,347,2551,3.72,2025-02-01 17:36:07
595,hand,Hamstrings,304,931,1.24,2025-03-13 13:39:23
938,hand,Biceps,485,2637,3.98,2025-02-02 05:58:30
858,leg,Hamstrings,447,2896,3.83,2025-03-05 16:58:34
725,arm,Biceps,453,4550,0.99,2025-03-23 13:34:12
113,hand,Triceps,133,4677,2.88,2025-02-02 15:10:06
584,arm,Triceps,88,2860,3.52,2025-02-27 00:13:37
433,hand,Gastrocnemius,116,1028,3.9,2025-03-24 02:48:54
494,leg,Quadriceps,324,4301,4.28,2025-02-18 04:47:39
732,leg,Deltoid,386,4924,1.43,2025-03-21 10:16:05
931,arm,Hamstrings,152,4787,0.88,2025-02-11 08:47:47
562,leg,Hamstrings,348,1300,4.6,2025-03-31 23:45:30
920,arm,Quadriceps,452,3931,1.05,2025-02-22 10:38:21
54,leg,Triceps,336,1132,2.96,2025-02-06 23:16:43
324,hand,Deltoid,389,1032,1.26,2025-03-30 15:46:35
942,leg,Triceps,127,1107,4.53,2025-02-08 06:11:37
380,leg,Deltoid,222,3682,0.86,2025-02-27 08:24:52
290,leg,Biceps,194,3742,2.29,2025-03-01 14:40:06
575,leg,Deltoid,341,755,0.9,2025-03-12 06:15:46
931,leg,Deltoid,160,1889,2.91,2025-03-18 05:29:53
357,hand,Gastrocnemius,247,623,1.61,2025-04-01 17:45:57
718,leg,Triceps,403,4055,4.16,2025-02-22 03:13:44
481,hand,Hamstrings,390,3691,1.67,2025-02-16 15:01:01
924,leg,Biceps,73,4214,0.57,2025-02-10 16:23:50
901,arm,Biceps,205,1517,1.82,2025-02-07 14:23:33
328,hand,Triceps,288,1097,1.85,2025-03-20 04:23:21
730,arm,Gastrocnemius,303,1248,3.9,2025-02-15 00:30:52
962,leg,Biceps,105,4549,3.28,2025-02-20 18:41:53
621,arm,Hamstrings,93,4326,3.37,2025-03-31 15:13:52
849,arm,Biceps,190,4180,2.69,2025-03-10 12:54:28
434,arm,Quadriceps,180,4099,1.81,2025-02-06 01:06:11
282,hand,Biceps,91,948,1.83,2025-03-04 06:34:42
138,arm,Quadriceps,321,1932,3.07,2025-02-13 17:30:30
10,arm,Biceps,313,4461,2.95,2025-03-26 16:55:56
843,hand,Biceps,436,2143,2.17,2025-02-20 19:09:22
363,hand,Triceps,227,636,4.92,2025-03-10 21:33:50
745,arm,Biceps,227,1244,4.11,2025-02-27 09:59:23
294,arm,Triceps,225,4453,0.96,2025-02-26 06:50:51
124,leg,Deltoid,484,1043,2.68,2025-02-05 01:29:55
876,leg,Triceps,292,3354,3.88,2025-02-19 14:22:13
40,leg,Hamstrings,406,3895,1.91,2025-03-18 20:21:04
52,arm,Quadriceps,264,872,2.37,2025-02-16 18:20:34
390,hand,Gastrocnemius,58,1383,4.13,2025-03-06 11:38:31
684,hand,Quadriceps,270,4050,2.71,2025-03-25 13:59:09
752,arm,Triceps,108,2224,2.33,2025-03-08 09:15:49
984,arm,Biceps,317,3846,0.57,2025-02-14 13:53:37
695,hand,Triceps,249,2141,2.0,2025-03-03 09:04:53
584,arm,Quadriceps,428,2937,3.7,2025-03-01 14:17:50
6,leg,Hamstrings,478,2769,0.75,2025-02-14 21:01:49
919,arm,Quadriceps,73,1427,1.36,2025-03-31 22:12:09
197,hand,Deltoid,69,1756,3.23,2025-02-13 16:36:59
650,hand,Biceps,230,2354,0.99,2025-02-20 07:04:19
345,hand,Hamstrings,407,1226,1.31,2025-02-08 07:09:08
968,hand,Gastrocnemius,125,4421,2.34,2025-02-21 05:47:35
646,arm,Hamstrings,297,2791,0.73,2025-03-18 14:45:50
530,hand,Deltoid,116,4972,0.54,2025-03-11 05:56:52
371,leg,Deltoid,290,4257,2.7,2025-02-13 10:25:29
657,leg,Gastrocnemius,180,2106,3.65,2025-02-16 15:36:11
628,arm,Biceps,65,588,1.87,2025-02-26 06:04:38
809,hand,Gastrocnemius,390,2409,0.86,2025-03-31 23:59:26
892,leg,Deltoid,240,4144,1.16,2025-03-05 17:55:25
297,arm,Hamstrings,143,4525,3.94,2025-04-01 16:43:13
824,arm,Quadriceps,279,4172,4.08,2025-03-26 09:48:58
979,hand,Triceps,300,1333,3.92,2025-02-02 14:30:39
198,leg,Biceps,188,3573,1.78,2025-02-19 09:40:46
52,hand,Deltoid,392,2265,2.98,2025-03-07 13:48:30
48,arm,Quadriceps,378,4334,1.1,2025-02-09 01:03:34
507,arm,Quadriceps,276,2068,3.05,2025-02-07 09:36:25
753,leg,Deltoid,142,5000,1.97,2025-02-15 07:12:35
505,hand,Biceps,454,4329,4.76,2025-03-06 20:55:28
895,arm,Deltoid,436,1469,4.62,2025-02-12 21:29:36
52,arm,Biceps,339,3393,2.58,2025-03-09 05:35:38
72,leg,Hamstrings,103,4694,1.43,2025-03-27 01:38:24
618,arm,Deltoid,155,1515,2.2,2025-02-10 20:28:01
794,arm,Gastrocnemius,227,1405,1.54,2025-03-02 01:17:44
106,hand,Gastrocnemius,390,2591,1.14,2025-02-25 07:34:14
991,arm,Gastrocnemius,380,3967,1.65,2025-03-17 14:59:48
482,leg,Hamstrings,397,846,4.31,2025-03-21 01:30:52
524,leg,Biceps,142,4197,3.99,2025-04-02 21:06:38
961,leg,Deltoid,254,3293,2.81,2025-03-01 15:51:34
348,hand,Quadriceps,267,696,3.5,2025-03-05 13:33:10
378,arm,Biceps,478,1802,1.4,2025-02-15 04:23:27
749,leg,Gastrocnemius,186,2008,4.74,2025-02-03 11:16:55
501,hand,Deltoid,176,558,4.84,2025-03-30 21:31:28
672,arm,Hamstrings,116,4085,3.98,2025-02-21 11:09:52
321,arm,Gastrocnemius,210,4576,4.35,2025-03-16 09:19:23
643,leg,Triceps,270,4760,2.36,2025-03-11 02:47:14
323,arm,Deltoid,284,1599,2.78,2025-03-18 22:32:56
549,hand,Quadriceps,66,4130,2.99,2025-03-20 18:36:41
479,leg,Quadriceps,158,3352,2.71,2025-03-08 19:47:15
679,arm,Biceps,61,1394,1.11,2025-02-22 15:31:46
315,arm,Gastrocnemius,499,2617,4.62,2025-02-12 04:50:07
694,arm,Biceps,238,4379,2.26,2025-02-22 01:50:40
530,leg,Biceps,436,3893,4.85,2025-03-10 21:35:28
422,arm,Gastrocnemius,83,507,0.61,2025-03-11 07:43:38
586,leg,Triceps,270,2296,0.74,2025-03-17 23:06:40
583,arm,Hamstrings,97,4470,4.0,2025-02-06 20:27:31
923,arm,Gastrocnemius,164,4729,3.08,2025-03-07 04:58:17
924,hand,Biceps,243,4838,1.46,2025-04-02 14:26:49
416,hand,Gastrocnemius,115,2285,2.62,2025-02-05 21:58:45
820,leg,Deltoid,194,654,0.97,2025-03-11 14:27:42
769,arm,Deltoid,381,1619,3.15,2025-03-14 19:21:50
713,arm,Triceps,118,1966,2.28,2025-02-02 03:26:40
291,leg,Triceps,69,1201,2.45,2025-03-26 09:36:33
853,hand,Quadriceps,405,4960,1.82,2025-03-30 21:26:44
180,leg,Quadriceps,392,1906,0.82,2025-03-27 18:37:59
332,leg,Quadriceps,142,2933,3.51,2025-03-11 15:35:38
749,leg,Gastrocnemius,475,1469,2.64,2025-03-13 14:38:12
725,hand,Hamstrings,429,508,2.2,2025-02-06 07:28:49
325,arm,Triceps,405,1502,2.28,2025-03-10 11:16:22
8,arm,Deltoid,474,3525,2.05,2025-03-31 04:03:32
589,arm,Quadriceps,166,851,1.38,2025-02-01 22:51:05
55,hand,Biceps,328,4853,4.75,2025-03-05 03:00:32
340,leg,Biceps,227,1287,4.01,2025-02-11 19:17:17
837,arm,Gastrocnemius,259,4532,2.17,2025-02-27 21:21:53
609,hand,Gastrocnemius,97,4326,4.71,2025-02-16 11:51:41
726,hand,Hamstrings,196,1224,4.77,2025-03-20 12:37:27
871,hand,Triceps,323,574,3.0,2025-02-26 19:45:51
51,leg,Deltoid,269,547,3.9,2025-03-01 17:32:48
216,arm,Gastrocnemius,295,1345,3.53,2025-03-08 20:54:58
519,arm,Quadriceps,426,2008,1.04,2025-02-06 08:41:25
844,hand,Biceps,353,4469,0.86,2025-03-15 18:39:51
988,leg,Triceps,450,3436,3.77,2025-03-30 17:14:58
115,arm,Biceps,357,2413,4.84,2025-03-29 01:40:51
407,arm,Gastrocnemius,224,1527,1.55,2025-02-14 19:21:22
366,leg,Triceps,493,3095,1.04,2025-02-23 12:46:43
719,hand,Quadriceps,86,3736,1.08,2025-03-11 09:15:22
248,leg,Biceps,280,2895,2.16,2025-03-05 02:47:20
164,arm,Biceps,197,2702,1.4,2025-03-04 10:24:23
5,leg,Biceps,247,4269,1.22,2025-03-31 14:20:28
630,leg,Gastrocnemius,306,4654,2.44,2025-02-26 10:13:01
167,hand,Hamstrings,181,3258,0.52,2025-03-13 18:19:55
136,leg,Triceps,298,4163,1.26,2025-02-09 21:35:35
269,arm,Triceps,150,2612,3.3,2025-02-07 12:09:33
208,leg,Biceps,402,4550,4.12,2025-03-05 16:25:38
889,hand,Biceps,365,2757,1.14,2025-03-18 10:44:20
273,hand,Biceps,308,843,2.98,2025-02-22 14:10:21
611,leg,Biceps,239,4831,1.68,2025-02-09 19:11:44
893,hand,Gastrocnemius,104,4320,0.97,2025-03-21 01:57:54
968,arm,Biceps,480,4622,2.0,2025-02-12 15:37:09
362,leg,Deltoid,245,4010,1.51,2025-02-28 11:37:14
62,arm,Triceps,115,978,2.41,2025-02-21 02:10:50
112,leg,Hamstrings,163,4280,3.16,2025-03-01 22:26:44
462,leg,Quadriceps,364,3834,0.73,2025-03-19 12:22:29
463,leg,Biceps,268,3893,3.4,2025-03-20 03:07:00
893,leg,Hamstrings,126,2679,3.94,2025-02-14 00:28:55
517,leg,Triceps,462,3329,4.25,2025-03-31 01:34:04
720,hand,Biceps,236,2495,1.24,2025-03-30 15:12:33
997,arm,Triceps,319,3244,2.25,2025-03-29 05:05:49
650,leg,Triceps,334,3851,4.12,2025-03-22 19:58:50
453,hand,Biceps,202,2531,3.19,2025-02-03 03:16:25
421,leg,Gastrocnemius,168,945,3.3,2025-02-20 19:06:08
485,leg,Triceps,428,726,4.05,2025-02-22 21:42:39
153,hand,Hamstrings,462,1035,3.54,2025-02-08 17:25:55
115,leg,Biceps,408,2127,4.59,2025-02-28 21:08:59
772,hand,Gastrocnemius,326,3466,2.63,2025-03-19 06:44:06
909,arm,Hamstrings,198,1637,3.51,2025-03-30 22:34:19
634,leg,Biceps,481,3538,1.84,2025-03-07 04:32:53
254,hand,Deltoid,314,2559,4.18,2025-03-28 04:08:23
459,hand,Quadriceps,472,4335,1.13,2025-03-12 18:42:01
313,hand,Deltoid,460,1056,4.1,2025-03-14 04:20:29
339,hand,Triceps,224,3392,4.37,2025-02-05 02:53:55
621,hand,Deltoid,105,2792,2.58,2025-02-20 05:08:54
789,hand,Biceps,163,710,1.74,2025-03-24 21:49:39
352,hand,Triceps,91,3648,3.33,2025-03-04 23:21:38
501,leg,Quadriceps,249,1261,3.14,2025-02-09 10:27:36
47,arm,Deltoid,322,4387,0.52,2025-03-26 08:43:58
954,leg,Deltoid,292,3188,4.75,2025-03-29 08:49:59
30,arm,Gastrocnemius,435,1930,0.92,2025-03-26 05:23:07
83,leg,Deltoid,75,619,1.17,2025-02-13 15:04:00
38,leg,Biceps,279,1948,2.53,2025-02-04 07:16:28
507,hand,Quadriceps,360,3363,4.24,2025-03-15 04:13:30
286,leg,Hamstrings,462,2193,3.63,2025-02-28 11:26:34
635,leg,Triceps,80,4547,1.72,2025-03-27 00:44:05
872,hand,Quadriceps,228,4435,4.41,2025-03-30 04:47:29
395,hand,Gastrocnemius,146,811,3.89,2025-02-01 04:09:24
119,leg,Triceps,472,2708,4.8,2025-02-21 04:55:05
409,leg,Quadriceps,203,4086,0.56,2025-02-17 06:47:46
654,arm,Gastrocnemius,114,1815,1.86,2025-02-03 14:07:41
258,arm,Quadriceps,479,3295,2.48,2025-02-13 23:25:48
745,hand,Deltoid,437,4980,1.19,2025-02-20 00:02:43
380,arm,Gastrocnemius,67,2861,3.59,2025-02-20 11:59:56
426,leg,Triceps,470,666,0.75,2025-02-20 00:12:52
466,hand,Biceps,81,1045,1.38,2025-04-01 11:20:41
194,hand,Biceps,82,2146,0.68,2025-03-04 10:12:50
968,arm,Deltoid,424,1931,1.88,2025-03-15 19:08:35
260,arm,Gastrocnemius,141,890,1.06,2025-03-25 11:01:54
165,hand,Deltoid,450,3104,3.25,2025-03-28 07:43:01
796,arm,Biceps,64,2054,4.31,2025-03-18 10:35:05
652,hand,Hamstrings,74,2247,2.76,2025-02-28 20:08:26
866,leg,Deltoid,361,4382,0.53,2025-03-17 02:33:10
743,arm,Gastrocnemius,364,1103,1.58,2025-03-03 22:33:34
978,hand,Triceps,489,3153,4.48,2025-03-27 07:27:47
39,hand,Deltoid,282,2252,3.33,2025-02-28 16:30:23
264,hand,Biceps,366,3498,2.15,2025-03-14 12:40:23
709,arm,Hamstrings,74,3279,2.69,2025-03-23 09:36:00
377,leg,Deltoid,315,3691,4.07,2025-02-23 06:12:00
912,leg,Gastrocnemius,353,1281,2.03,2025-03-19 16:25:06
787,leg,Gastrocnemius,426,2896,4.92,2025-03-11 07:02:36
934,leg,Triceps,447,2395,3.28,2025-04-01 18:26:37
785,arm,Triceps,138,2058,3.83,2025-03-16 12:11:58
966,leg,Biceps,217,4767,1.21,2025-02-25 13:39:29
955,leg,Triceps,236,3246,3.53,2025-02-09 09:08:01
586,arm,Quadriceps,308,925,2.08,2025-02-14 02:11:06
727,leg,Biceps,489,4186,1.55,2025-02-16 06:58:22
579,hand,Deltoid,109,4864,1.48,2025-02-01 14:09:26
355,leg,Quadriceps,175,4438,2.37,2025-03-27 06:27:57
599,arm,Gastrocnemius,128,3793,3.27,2025-02-10 04:05:14
773,arm,Quadriceps,252,822,3.05,2025-03-28 01:39:18
984,leg,Deltoid,449,628,4.06,2025-03-23 23:25:56
74,leg,Hamstrings,458,1506,2.06,2025-03-17 03:52:40
51,hand,Deltoid,358,1250,2.22,2025-02-05 16:14:31
475,hand,Triceps,334,2848,1.73,2025-02-20 18:52:45
582,hand,Quadriceps,390,3844,3.59,2025-02-19 12:39:51
62,arm,Triceps,481,2189,4.64,2025-02-14 19:28:34
383,hand,Hamstrings,377,1536,3.06,2025-03-25 09:54:45
847,hand,Quadriceps,64,1530,4.91,2025-02-10 12:20:02
155,arm,Deltoid,248,4060,0.96,2025-02-24 07:33:10
909,hand,Biceps,93,3598,4.94,2025-03-21 03:49:31
692,arm,Triceps,493,914,3.32,2025-03-09 08:09:58
436,arm,Quadriceps,59,3922,0.57,2025-02-02 19:31:42
969,leg,Hamstrings,382,615,4.22,2025-02-22 05:54:27
697,leg,Quadriceps,396,3331,2.74,2025-02-21 04:10:15
921,leg,Deltoid,317,3875,2.22,2025-02-12 19:19:34
411,arm,Biceps,175,2582,1.31,2025-03-30 21:22:09
57,leg,Deltoid,127,1950,2.94,2025-03-17 21:24:22
252,leg,Quadriceps,249,2807,3.21,2025-02-26 16:07:18
811,arm,Deltoid,202,2631,3.24,2025-02-14 22:47:15
688,leg,Hamstrings,104,4861,2.8,2025-02-13 03:19:45
929,hand,Triceps,227,2901,1.78,2025-03-02 09:04:31
164,hand,Biceps,59,4131,4.0,2025-02-06 23:46:22
883,hand,Quadriceps,444,4597,4.34,2025-02-21 15:26:53
601,leg,Hamstrings,379,2979,1.41,2025-02-24 15:59:23
949,arm,Deltoid,63,718,2.18,2025-03-18 00:33:52
160,leg,Gastrocnemius,474,2707,3.7,2025-04-02 16:53:39
472,leg,Hamstrings,75,2352,0.8,2025-03-22 10:55:45
2,leg,Triceps,277,3540,3.28,2025-02-04 23:46:00
47,arm,Biceps,353,2852,4.33,2025-03-27 07:29:05
187,leg,Triceps,139,4098,1.51,2025-03-03 01:54:24
939,leg,Hamstrings,367,3049,3.75,2025-02-04 14:38:19
193,arm,Biceps,345,4566,2.21,2025-03-01 23:05:20
473,hand,Gastrocnemius,315,4078,4.44,2025-03-24 04:07:14
83,arm,Biceps,392,635,2.66,2025-03-23 13:23:30
388,leg,Gastrocnemius,70,2152,0.75,2025-03-26 12:13:58
234,arm,Triceps,223,4645,2.38,2025-03-30 21:42:38
125,arm,Gastrocnemius,237,1567,1.89,2025-03-31 01:22:01
753,leg,Hamstrings,459,1996,2.69,2025-02-09 04:31:50
571,arm,Hamstrings,369,2906,0.98,2025-02-15 16:01:05
680,arm,Triceps,441,2896,1.21,2025-02-07 06:02:11
807,hand,Deltoid,489,4216,4.26,2025-03-24 15:14:44
796,arm,Hamstrings,460,3963,1.39,2025-02-27 05:06:26
187,hand,Deltoid,144,693,1.84,2025-04-02 21:32:09
631,arm,Hamstrings,336,2714,3.09,2025-03-26 20:26:33
301,hand,Quadriceps,434,3173,1.7,2025-03-24 10:40:31
674,leg,Deltoid,328,919,2.49,2025-02-23 21:45:55
163,leg,Deltoid,126,2509,4.65,2025-02-27 22:42:08
689,hand,Hamstrings,86,4380,2.4,2025-02-11 12:41:32
671,hand,Biceps,469,4046,2.19,2025-02-11 18:04:24
724,leg,Quadriceps,322,2495,1.12,2025-02-23 09:38:59
942,arm,Triceps,495,1213,2.31,2025-03-22 11:53:30
182,hand,Hamstrings,159,1541,1.22,2025-02-07 12:39:41
965,arm,Quadriceps,165,2090,1.46,2025-04-01 04:09:26
763,hand,Deltoid,408,670,0.6,2025-02-07 08:14:19
826,hand,Deltoid,200,1400,0.63,2025-02-17 09:59:29
713,leg,Biceps,464,4615,0.87,2025-04-02 20:37:35
603,leg,Triceps,312,3057,2.7,2025-02-17 09:20:26
67,hand,Triceps,405,1581,0.72,2025-03-29 11:44:32
588,hand,Hamstrings,311,4280,3.71,2025-02-05 04:23:26
424,arm,Triceps,178,1951,3.33,2025-02-18 15:02:48
390,hand,Deltoid,56,2208,0.6,2025-02-22 16:43:59
352,leg,Triceps,395,3372,2.55,2025-03-30 16:41:47
821,arm,Hamstrings,187,3822,2.52,2025-03-23 16:20:46
300,arm,Biceps,379,2728,1.21,2025-03-10 21:16:11
155,hand,Triceps,73,2049,0.81,2025-03-08 15:23:42
591,leg,Triceps,137,4462,2.21,2025-02-27 03:47:19
875,leg,Triceps,433,1168,4.55,2025-03-08 03:26:20
344,leg,Triceps,275,4095,1.19,2025-03-27 00:21:06
759,leg,Deltoid,452,2385,1.75,2025-02-10 09:26:13
647,hand,Gastrocnemius,413,2906,1.8,2025-02-22 18:53:23
908,leg,Biceps,150,4108,2.91,2025-03-12 10:52:25
275,hand,Hamstrings,250,3649,1.29,2025-03-07 07:36:47
987,hand,Deltoid,145,1297,3.19,2025-02-09 06:28:14
880,hand,Gastrocnemius,455,1267,4.13,2025-03-26 14:00:56
897,hand,Quadriceps,375,4472,1.93,2025-03-14 06:52:40
316,leg,Deltoid,313,1938,4.26,2025-02-08 10:21:01
221,hand,Biceps,274,2878,2.86,2025-03-30 03:21:44
938,hand,Deltoid,56,2544,1.27,2025-02-19 03:16:51
653,arm,Triceps,194,1855,3.69,2025-03-02 06:21:02
384,leg,Hamstrings,496,3330,2.36,2025-02-07 16:18:11
549,hand,Biceps,169,3211,1.84,2025-02-13 22:51:37
253,arm,Deltoid,125,777,0.71,2025-03-22 09:16:30
971,hand,Biceps,485,1633,4.99,2025-03-05 16:01:54
824,leg,Deltoid,420,3457,0.9,2025-03-19 09:25:28
265,leg,Biceps,365,1935,2.0,2025-02-21 16:33:35
226,arm,Gastrocnemius,405,983,3.17,2025-02-28 00:47:34
981,leg,Triceps,339,3778,3.95,2025-04-01 00:12:14
206,arm,Triceps,68,4655,4.16,2025-02-18 19:32:16
610,leg,Triceps,302,971,0.79,2025-03-11 13:27:29
523,leg,Hamstrings,429,1614,4.16,2025-03-18 19:28:24
406,arm,Triceps,115,3748,1.86,2025-02-06 16:13:17
523,hand,Deltoid,266,4817,0.94,2025-03-24 02:57:36
174,hand,Biceps,415,4795,3.86,2025-03-11 20:05:52
457,hand,Biceps,477,4869,1.6,2025-03-07 03:59:19
548,arm,Triceps,303,2578,3.44,2025-02-28 17:37:11
119,hand,Quadriceps,149,1407,1.73,2025-03-17 06:30:50
322,leg,Deltoid,265,2553,2.48,2025-03-18 19:28:24
319,leg,Gastrocnemius,182,1149,2.37,2025-03-21 07:49:23
871,leg,Hamstrings,195,637,4.9,2025-03-11 06:11:51
240,arm,Deltoid,465,3696,2.09,2025-03-11 03:01:00
930,hand,Hamstrings,372,1416,0.5,2025-02-13 08:09:33
895,hand,Deltoid,115,4496,1.79,2025-03-01 13:44:28
432,hand,Hamstrings,127,4008,0.8,2025-03-16 11:09:25
683,arm,Quadriceps,282,2199,1.98,2025-02-19 14:01:54
988,hand,Triceps,158,3343,0.99,2025-02-08 22:34:47
855,leg,Biceps,411,1450,2.54,2025-02-28 19:41:51
49,arm,Triceps,314,2111,2.22,2025-03-03 15:56:59
469,leg,Quadriceps,388,2037,2.78,2025-02-26 20:54:06
61,leg,Biceps,263,667,3.88,2025-03-24 11:50:00
413,hand,Hamstrings,147,3102,4.5,2025-02-10 15:37:49
835,hand,Biceps,316,2212,1.95,2025-02-08 18:45:45
160,leg,Triceps,154,3055,3.92,2025-03-17 05:52:44
894,arm,Deltoid,438,907,0.79,2025-03-20 03:42:35
923,hand,Quadriceps,403,4416,2.16,2025-02-18 07:45:02
85,arm,Triceps,458,1201,2.42,2025-02-08 02:55:16
520,hand,Hamstrings,260,4322,4.74,2025-03-09 10:41:31
334,arm,Gastrocnemius,417,664,3.47,2025-03-18 17:21:50
352,arm,Deltoid,417,3561,0.74,2025-02-02 13:08:04
746,hand,Gastrocnemius,158,3559,4.01,2025-03-11 01:16:48
659,arm,Biceps,90,3659,4.7,2025-02-19 18:25:54
102,leg,Hamstrings,171,1539,2.62,2025-02-16 08:55:18
30,leg,Hamstrings,257,3621,1.94,2025-02-03 00:57:47
72,hand,Hamstrings,69,4785,4.39,2025-02-01 05:10:13
722,arm,Hamstrings,496,3028,4.78,2025-02-11 23:00:57
435,leg,Biceps,465,3316,4.87,2025-03-22 02:51:21
629,hand,Quadriceps,160,4697,1.07,2025-03-07 03:08:44
590,leg,Hamstrings,453,4810,2.98,2025-03-27 21:18:21
189,hand,Biceps,311,4539,4.65,2025-02-20 10:56:42
479,hand,Deltoid,182,4200,2.58,2025-03-26 06:16:25
648,hand,Quadriceps,480,4927,1.21,2025-02-04 04:41:21
482,arm,Triceps,185,3275,0.95,2025-04-02 22:33:40
824,hand,Quadriceps,311,3238,1.58,2025-03-26 00:42:45
36,leg,Biceps,481,2003,3.06,2025-02-17 17:21:47
607,hand,Biceps,119,2567,1.26,2025-03-09 07:12:11
342,leg,Gastrocnemius,196,2199,4.0,2025-03-11 12:54:10
394,hand,Gastrocnemius,438,1854,0.95,2025-02-10 22:48:10
945,arm,Triceps,126,1690,2.58,2025-03-09 05:44:57
855,leg,Quadriceps,370,767,3.22,2025-03-09 18:46:22
982,leg,Triceps,437,3424,1.09,2025-02-05 15:55:55
138,leg,Quadriceps,417,4422,2.75,2025-03-10 01:57:41
735,hand,Gastrocnemius,301,2965,0.5,2025-03-31 20:46:53
34,leg,Gastrocnemius,62,541,3.52,2025-03-07 20:38:44
756,leg,Quadriceps,429,1331,2.92,2025-03-14 10:17:07
589,leg,Hamstrings,243,1454,1.83,2025-03-06 19:48:27
27,arm,Deltoid,181,4646,2.88,2025-02-08 17:02:30
815,leg,Deltoid,155,4411,4.25,2025-02-09 00:28:17
771,hand,Quadriceps,401,2400,2.29,2025-03-16 14:14:00
389,arm,Quadriceps,270,1137,2.98,2025-03-07 18:46:19
971,arm,Hamstrings,272,2782,3.59,2025-02-05 03:30:01
789,arm,Biceps,316,512,2.22,2025-03-28 08:30:44
989,leg,Biceps,51,1598,4.25,2025-03-31 10:16:39
942,arm,Quadriceps,451,1154,4.16,2025-02-02 22:36:51
8,hand,Biceps,268,3192,3.78,2025-03-06 12:07:35
301,hand,Triceps,282,2592,1.57,2025-02-15 13:38:41
513,hand,Triceps,170,2789,0.98,2025-02-06 07:48:47
374,arm,Quadriceps,108,1165,2.13,2025-03-05 14:59:06
264,leg,Gastrocnemius,450,2867,2.24,2025-03-01 17:05:42
49,arm,Biceps,359,4425,2.66,2025-03-12 09:56:10
852,hand,Gastrocnemius,69,3707,2.45,2025-03-09 13:40:03
87,hand,Triceps,427,3801,2.6,2025-02-02 00:07:20
251,arm,Hamstrings,128,1716,2.35,2025-02-17 00:07:13
654,hand,Deltoid,64,3180,4.49,2025-03-20 04:46:28
376,leg,Triceps,210,2319,3.24,2025-02-15 03:01:57
70,hand,Gastrocnemius,334,4298,3.74,2025-04-02 07:03:16
498,arm,Gastrocnemius,396,2101,2.2,2025-03-23 20:02:14
829,hand,Hamstrings,146,2672,3.5,2025-02-19 11:27:33
270,leg,Deltoid,333,3309,2.35,2025-02-21 06:07:01
878,arm,Biceps,186,4171,2.59,2025-03-25 14:57:47
114,hand,Quadriceps,109,1789,0.69,2025-03-23 06:08:51
347,arm,Deltoid,310,4396,0.78,2025-02-07 23:19:57
378,arm,Deltoid,93,920,1.81,2025-03-11 21:43:53
878,leg,Quadriceps,292,2458,4.95,2025-02-10 10:27:45
459,arm,Triceps,166,4275,2.01,2025-02-13 11:43:38
741,arm,Biceps,240,1754,4.64,2025-03-22 08:04:46
793,hand,Biceps,159,2828,2.33,2025-03-05 17:10:47
928,hand,Quadriceps,261,1538,3.32,2025-03-30 06:06:25
259,hand,Biceps,495,4144,2.22,2025-02-15 21:00:06
70,arm,Gastrocnemius,105,3528,4.93,2025-03-15 01:07:11
470,hand,Deltoid,327,4835,1.64,2025-02-12 05:52:41
106,arm,Triceps,164,3223,1.27,2025-03-18 19:22:12
584,leg,Triceps,375,3179,3.56,2025-03-10 12:52:42
482,arm,Quadriceps,429,1563,2.46,2025-02-10 18:40:01
619,arm,Gastrocnemius,365,912,4.39,2025-03-11 19:56:19
162,leg,Biceps,364,2149,3.48,2025-02-10 08:23:26
945,leg,Quadriceps,452,2257,1.76,2025-03-20 15:10:02
383,arm,Quadriceps,230,2619,3.89,2025-03-03 06:05:12
263,hand,Hamstrings,417,3615,4.99,2025-03-24 21:43:04
785,arm,Biceps,383,2762,2.53,2025-02-03 22:05:37
99,leg,Deltoid,396,4934,2.64,2025-03-20 18:12:33
93,arm,Quadriceps,389,1680,3.91,2025-02-05 22:40:30
501,leg,Biceps,211,4777,4.91,2025-02-18 16:59:10
133,hand,Biceps,237,3220,2.75,2025-03-27 20:23:47
686,leg,Gastrocnemius,377,763,2.71,2025-03-02 18:54:26
478,hand,Gastrocnemius,221,603,4.16,2025-02-06 14:04:42
688,hand,Hamstrings,380,4299,0.94,2025-03-10 14:49:59
151,arm,Gastrocnemius,288,3528,1.87,2025-02-01 23:16:37
664,hand,Gastrocnemius,86,1790,2.66,2025-02-26 01:11:17
258,leg,Biceps,80,3985,1.86,2025-03-10 07:01:23
214,leg,Triceps,427,1179,1.74,2025-02-21 14:02:31
947,leg,Gastrocnemius,179,1576,0.69,2025-03-28 15:09:55
912,arm,Gastrocnemius,63,2462,4.15,2025-03-28 23:34:11
189,arm,Triceps,453,4437,1.21,2025-03-16 00:08:17
31,arm,Triceps,320,689,2.28,2025-02-23 18:43:12
386,arm,Hamstrings,129,2038,1.08,2025-02-05 09:35:19
735,hand,Deltoid,481,2000,4.13,2025-03-01 00:16:38
556,leg,Triceps,258,2696,1.44,2025-02-13 02:03:09
941,arm,Quadriceps,380,4749,3.72,2025-03-31 03:27:31
566,hand,Hamstrings,85,4791,0.8,2025-03-26 15:36:19
950,arm,Quadriceps,330,1459,0.74,2025-03-04 20:48:57
114,hand,Gastrocnemius,431,4336,2.8,2025-02-24 02:09:29
936,hand,Triceps,203,4431,3.95,2025-02-06 15:36:19
866,hand,Deltoid,57,1557,4.76,2025-03-24 21:59:07
657,leg,Hamstrings,209,2191,4.98,2025-03-09 11:16:17
318,hand,Triceps,256,2829,4.25,2025-03-23 10:28:42
517,leg,Deltoid,311,958,2.34,2025-03-31 04:32:13
453,hand,Deltoid,457,3963,1.03,2025-02-26 16:35:48
853,leg,Deltoid,305,1261,3.38,2025-03-12 18:50:45
667,hand,Gastrocnemius,98,1314,1.86,2025-03-19 23:52:55
583,arm,Biceps,169,1332,0.71,2025-03-20 03:27:04
240,arm,Triceps,266,3610,3.03,2025-02-08 13:25:24
806,arm,Quadriceps,361,1063,3.89,2025-02-06 16:52:50
114,leg,Biceps,160,1462,1.79,2025-03-22 01:14:00
280,leg,Triceps,113,4220,4.47,2025-02-25 11:43:53
525,hand,Deltoid,259,3498,2.03,2025-03-04 16:44:22
585,hand,Gastrocnemius,409,2257,3.76,2025-03-02 23:17:26
209,leg,Biceps,446,2170,3.66,2025-03-31 04:37:10
71,leg,Hamstrings,216,1866,1.64,2025-03-20 23:22:02
645,hand,Deltoid,60,1005,4.5,2025-02-17 19:23:47
698,leg,Gastrocnemius,138,2471,2.16,2025-03-19 23:14:38
563,arm,Gastrocnemius,306,1070,3.67,2025-03-05 07:51:12
521,hand,Biceps,392,1583,2.4,2025-02-05 08:09:18
500,leg,Quadriceps,285,2773,1.43,2025-03-02 22:36:11
682,arm,Triceps,123,2912,3.65,2025-03-10 17:00:22
436,leg,Hamstrings,309,2717,3.69,2025-02-03 23:02:07
661,hand,Hamstrings,325,4074,0.5,2025-03-25 05:07:54
96,hand,Gastrocnemius,131,1174,3.78,2025-03-26 13:21:05
129,hand,Hamstrings,416,4737,4.05,2025-03-14 10:38:03
134,arm,Triceps,202,533,1.39,2025-02-14 14:12:57
201,hand,Gastrocnemius,174,3638,1.75,2025-02-07 09:49:00
166,arm,Triceps,142,3273,4.29,2025-03-18 04:29:10
376,leg,Quadriceps,394,3713,2.83,2025-03-28 21:56:45
724,hand,Gastrocnemius,295,4411,4.66,2025-03-30 19:28:48
993,leg,Biceps,64,2539,4.21,2025-04-01 12:08:52
744,hand,Gastrocnemius,251,3773,1.18,2025-02-09 22:52:04
452,hand,Quadriceps,462,671,1.56,2025-03-06 21:55:02
186,arm,Gastrocnemius,293,1812,2.24,2025-03-28 08:57:41
324,hand,Deltoid,120,1370,3.61,2025-02-08 00:22:10
277,leg,Quadriceps,416,2147,2.86,2025-03-11 00:37:46
750,arm,Gastrocnemius,381,3334,4.06,2025-02-15 23:19:18
463,hand,Deltoid,416,2409,3.15,2025-02-17 03:31:53
270,arm,Quadriceps,332,731,1.26,2025-02-04 03:14:13
496,leg,Biceps,451,1163,4.33,2025-02-22 04:16:37
822,leg,Hamstrings,230,2337,1.32,2025-03-04 00:52:44
973,hand,Biceps,340,1390,4.3,2025-02-24 06:38:37
898,arm,Biceps,403,4846,2.57,2025-03-13 20:26:18
91,arm,Quadriceps,92,2556,1.2,2025-02-22 22:34:53
58,leg,Triceps,285,2127,1.41,2025-02-07 03:52:30
28,arm,Biceps,314,1937,4.45,2025-03-26 01:52:52
6,arm,Gastrocnemius,380,522,1.46,2025-02-20 01:28:13
697,hand,Biceps,377,815,1.15,2025-03-09 09:58:46
562,leg,Gastrocnemius,369,2637,4.58,2025-03-01 11:11:07
935,hand,Hamstrings,86,1895,4.2,2025-03-31 17:13:34
177,leg,Hamstrings,346,1127,4.82,2025-02-10 07:11:28
571,arm,Triceps,487,3014,1.91,2025-03-21 14:56:14
446,leg,Gastrocnemius,297,4021,0.7,2025-03-18 23:19:57
549,arm,Quadriceps,281,809,0.93,2025-03-03 12:25:38
425,hand,Quadriceps,363,2696,0.74,2025-03-11 10:44:08
435,arm,Triceps,324,843,4.99,2025-03-31 20:35:00
119,arm,Hamstrings,69,4421,3.31,2025-03-24 16:27:35
525,arm,Biceps,340,2440,1.85,2025-02-16 05:18:32
323,arm,Deltoid,100,1980,0.95,2025-02-16 19:49:25
782,leg,Quadriceps,136,1464,4.0,2025-03-09 04:07:06
599,arm,Hamstrings,161,744,2.88,2025-02-15 09:04:14
823,hand,Quadriceps,369,3603,3.86,2025-03-02 11:49:55
359,arm,Gastrocnemius,240,3997,1.78,2025-03-12 17:26:28
978,leg,Biceps,474,1133,4.88,2025-02-14 07:07:39
16,leg,Biceps,454,3188,3.44,2025-03-04 09:32:37
992,arm,Hamstrings,50,926,1.92,2025-03-02 03:55:35
263,arm,Gastrocnemius,256,2072,4.13,2025-03-10 20:56:58
976,arm,Hamstrings,465,3564,4.31,2025-03-05 20:16:30
330,arm,Gastrocnemius,338,717,3.99,2025-03-09 01:03:36
961,arm,Triceps,185,1446,4.1,2025-04-02 15:23:15
573,arm,Triceps,467,1936,4.28,2025-02-16 04:25:52
766,hand,Hamstrings,363,2862,2.24,2025-03-06 04:20:54
681,hand,Quadriceps,52,3626,2.67,2025-02-17 23:08:59
697,leg,Triceps,364,4928,1.71,2025-03-10 04:31:48
230,arm,Triceps,224,4309,1.4,2025-03-02 10:01:14
319,hand,Deltoid,196,3104,0.77,2025-02-19 06:53:10
568,hand,Triceps,366,1740,4.59,2025-02-09 19:50:16
709,arm,Deltoid,312,2020,3.7,2025-03-18 06:23:33
221,leg,Triceps,423,3818,4.29,2025-03-13 14:04:55
775,hand,Hamstrings,419,4767,3.99,2025-02-11 04:22:44
382,hand,Triceps,62,4049,1.61,2025-02-06 20:03:50
334,arm,Quadriceps,451,2320,3.13,2025-03-22 14:23:33
49,leg,Quadriceps,260,681,2.38,2025-02-15 00:05:36
43,arm,Triceps,93,4371,4.97,2025-03-03 05:01:23
880,arm,Deltoid,367,2891,3.2,2025-02-08 20:00:29
705,arm,Triceps,210,2684,2.13,2025-03-24 12:33:49
856,arm,Quadriceps,188,4909,4.17,2025-03-28 14:02:05
511,arm,Deltoid,466,3508,0.58,2025-02-28 06:33:31
422,arm,Biceps,213,1682,2.23,2025-03-05 04:26:29
8,leg,Deltoid,53,2927,3.77,2025-02-01 06:13:17
471,hand,Quadriceps,364,1475,1.33,2025-03-04 19:47:15
749,hand,Biceps,358,3620,4.42,2025-03-01 02:48:11
498,arm,Deltoid,497,2140,3.24,2025-02-15 21:21:31
937,arm,Triceps,491,1458,4.64,2025-02-04 06:05:44
809,leg,Quadriceps,273,866,0.67,2025-03-01 12:39:41
113,hand,Gastrocnemius,173,621,3.93,2025-02-13 10:30:37
548,leg,Quadriceps,330,3990,2.19,2025-02-20 15:43:38
680,arm,Gastrocnemius,430,4194,2.94,2025-02-26 20:05:09
5,leg,Triceps,314,3551,0.78,2025-02-01 23:22:03
471,arm,Hamstrings,163,609,4.19,2025-03-30 17:55:00
290,arm,Biceps,126,2381,3.65,2025-03-20 18:13:00
609,arm,Hamstrings,137,561,3.97,2025-02-26 12:21:14
200,hand,Biceps,235,519,2.08,2025-03-15 02:25:55
3,leg,Hamstrings,361,3864,1.57,2025-02-28 22:48:52
307,arm,Triceps,179,1885,3.74,2025-03-23 20:44:18
284,arm,Gastrocnemius,328,3925,0.51,2025-02-15 01:57:57
663,leg,Deltoid,230,1714,0.56,2025-03-05 22:14:32
419,leg,Biceps,93,2040,2.7,2025-02-27 05:06:56
207,arm,Gastrocnemius,136,4680,2.75,2025-02-26 11:05:03
678,hand,Gastrocnemius,391,1742,3.87,2025-03-28 02:08:09
246,hand,Quadriceps,73,4761,3.75,2025-02-05 01:49:30
923,arm,Gastrocnemius,382,4476,1.37,2025-03-22 19:16:31
288,arm,Triceps,108,1102,2.22,2025-03-09 04:28:39
372,leg,Deltoid,191,3581,2.37,2025-02-11 15:15:57
427,hand,Triceps,414,3685,4.26,2025-02-01 20:15:35
301,arm,Biceps,330,2263,3.46,2025-03-17 12:32:12
41,leg,Gastrocnemius,381,2959,1.21,2025-03-13 04:39:13
459,hand,Triceps,382,1327,2.51,2025-02-07 18:40:57
171,arm,Triceps,348,1406,3.82,2025-02-27 11:19:43
858,leg,Gastrocnemius,240,1987,3.13,2025-03-26 23:01:14
723,hand,Triceps,76,4559,2.31,2025-02-15 06:00:50
500,hand,Hamstrings,103,1429,3.52,2025-02-01 19:02:28
71,arm,Quadriceps,143,4180,4.51,2025-03-02 05:02:27
694,leg,Biceps,407,4408,3.44,2025-03-07 03:18:22
812,hand,Hamstrings,434,4607,4.96,2025-02-25 13:00:58
597,leg,Quadriceps,469,1837,4.71,2025-03-18 09:43:49
801,hand,Hamstrings,260,3774,3.29,2025-02-18 08:51:02
757,hand,Biceps,472,3752,0.72,2025-02-22 11:48:56
846,hand,Hamstrings,112,3966,3.17,2025-02-13 20:01:36
106,arm,Deltoid,240,3992,4.13,2025-03-18 18:15:54
420,arm,Quadriceps,288,3549,0.82,2025-02-09 22:18:50
992,arm,Quadriceps,168,4522,4.73,2025-02-14 08:08:28
290,leg,Deltoid,372,3435,1.52,2025-02-07 02:52:29
144,leg,Biceps,122,4217,2.05,2025-03-17 13:17:50
844,arm,Quadriceps,348,3811,1.97,2025-03-28 22:10:45
493,leg,Triceps,159,4309,0.68,2025-02-24 23:13:35
861,hand,Biceps,412,4085,3.46,2025-03-25 08:58:52
415,hand,Triceps,130,3822,0.8,2025-02-28 16:16:58
52,leg,Biceps,300,1541,1.72,2025-03-21 03:59:42
751,leg,Deltoid,338,3860,3.92,2025-03-08 04:06:48
226,arm,Triceps,155,1794,0.7,2025-02-13 14:27:30
96,leg,Triceps,370,4946,4.69,2025-02-18 21:26:48
431,hand,Gastrocnemius,182,4916,1.59,2025-02-25 09:35:32
795,leg,Gastrocnemius,467,1451,1.81,2025-02-14 03:13:54
4,leg,Triceps,498,3741,3.27,2025-02-04 17:21:21
534,arm,Biceps,190,2433,0.77,2025-02-11 13:26:39
939,hand,Triceps,77,882,2.61,2025-02-26 20:31:00
597,arm,Gastrocnemius,360,1901,4.39,2025-03-24 19:31:47
250,leg,Triceps,275,1293,4.54,2025-03-09 06:44:29
466,arm,Quadriceps,408,2344,3.23,2025-03-01 23:05:50
168,arm,Biceps,62,2963,4.19,2025-02-20 20:19:05
565,leg,Gastrocnemius,242,1442,4.82,2025-03-03 23:51:05
37,leg,Biceps,75,4889,4.15,2025-02-20 19:28:00
623,leg,Quadriceps,240,799,1.51,2025-03-21 22:06:38
854,hand,Biceps,122,868,3.07,2025-03-14 14:19:15
666,leg,Biceps,266,1004,2.43,2025-02-08 12:38:47
603,leg,Gastrocnemius,437,3768,1.01,2025-02-18 05:32:30
469,hand,Deltoid,453,3198,3.17,2025-02-16 19:09:31
571,hand,Quadriceps,179,1190,3.16,2025-03-22 13:45:38
855,hand,Biceps,430,2612,2.67,2025-02-05 14:04:56
254,arm,Biceps,266,3094,3.74,2025-03-28 14:50:56
458,hand,Hamstrings,333,2785,2.36,2025-02-23 07:36:46
192,arm,Gastrocnemius,427,3705,1.52,2025-02-17 22:09:00
710,arm,Triceps,435,534,4.86,2025-03-03 10:23:40
914,hand,Deltoid,236,3473,0.76,2025-03-09 22:15:02
394,leg,Biceps,445,3892,3.81,2025-02-26 02:34:18
825,arm,Quadriceps,159,4188,3.46,2025-03-14 03:45:06
957,hand,Deltoid,313,1123,2.08,2025-02-20 22:07:00
743,leg,Biceps,449,1155,4.01,2025-02-19 12:27:58
216,hand,Quadriceps,242,2539,0.64,2025-04-01 19:13:31
196,hand,Hamstrings,421,4777,0.64,2025-02-18 06:50:30
659,arm,Quadriceps,199,3321,2.7,2025-02-16 04:34:54
1,hand,Gastrocnemius,171,4632,4.17,2025-02-07 09:26:35
959,leg,Biceps,160,3615,4.69,2025-03-14 06:58:53
428,leg,Deltoid,274,3492,1.52,2025-02-15 00:56:17
312,leg,Gastrocnemius,212,1439,4.69,2025-03-02 09:54:15
370,arm,Deltoid,198,4525,1.82,2025-02-23 12:21:49
190,leg,Gastrocnemius,304,4104,4.29,2025-02-18 19:56:22
578,leg,Gastrocnemius,456,3342,4.99,2025-03-20 22:42:01
393,hand,Hamstrings,286,737,1.31,2025-03-07 00:20:06
138,arm,Biceps,112,1817,4.6,2025-02-19 11:30:46
408,hand,Hamstrings,95,3580,4.74,2025-02-28 19:42:28
464,hand,Deltoid,125,4773,2.54,2025-02-15 17:12:55
179,hand,Deltoid,414,4412,2.1,2025-03-11 12:06:52
249,leg,Quadriceps,305,791,2.46,2025-03-03 20:42:58
606,hand,Deltoid,492,3105,0.53,2025-03-25 01:07:39
234,arm,Deltoid,160,2460,0.62,2025-02-02 05:07:04
957,arm,Quadriceps,405,1511,4.02,2025-02-15 19:32:11
235,arm,Hamstrings,473,726,0.8,2025-02-02 11:02:14
3,hand,Deltoid,428,2041,2.97,2025-02-13 15:57:23
977,hand,Gastrocnemius,424,2817,3.86,2025-02-18 19:47:27
651,leg,Hamstrings,285,1311,1.98,2025-02-22 06:00:22
324,leg,Biceps,353,3773,2.73,2025-02-12 16:46:46
442,leg,Gastrocnemius,457,4645,3.99,2025-03-25 19:24:40
712,arm,Gastrocnemius,65,1902,3.66,2025-02-07 12:09:37
62,leg,Biceps,51,2731,2.79,2025-02-05 10:55:51
836,leg,Gastrocnemius,118,3876,2.12,2025-03-17 14:21:48
16,arm,Biceps,141,2576,4.81,2025-02-19 13:27:07
971,arm,Quadriceps,464,3321,3.61,2025-03-05 19:39:48
719,arm,Quadriceps,410,1128,3.39,2025-02-08 04:25:55
988,leg,Quadriceps,271,4518,1.0,2025-02-27 01:46:15
733,arm,Triceps,286,1715,3.9,2025-02-15 06:04:49
64,leg,Hamstrings,248,3481,4.19,2025-03-12 20:28:36
717,arm,Biceps,73,1966,1.96,2025-02-22 12:04:46
878,arm,Biceps,384,2324,2.68,2025-02-14 23:26:20
476,hand,Deltoid,56,976,4.07,2025-02-17 22:39:22
226,leg,Biceps,151,700,2.2,2025-02-19 22:26:20
224,leg,Deltoid,61,2729,4.55,2025-02-02 03:14:22
693,arm,Biceps,201,528,3.87,2025-03-07 14:14:12
687,leg,Deltoid,356,4547,0.82,2025-03-26 04:47:56
642,arm,Biceps,190,2429,4.92,2025-03-01 14:31:36
694,hand,Triceps,62,700,2.32,2025-03-06 19:21:26
361,leg,Triceps,484,2858,2.96,2025-02-21 12:09:26
528,leg,Deltoid,137,1603,3.51,2025-03-29 03:41:10
659,hand,Deltoid,272,1759,4.81,2025-02-25 23:38:40
422,hand,Quadriceps,294,3651,4.36,2025-03-24 10:09:00
515,arm,Biceps,401,1320,2.12,2025-02-06 00:56:15
495,arm,Deltoid,149,669,4.79,2025-03-21 13:16:54
409,hand,Hamstrings,387,3630,0.91,2025-03-13 09:38:49
727,leg,Gastrocnemius,293,1935,2.14,2025-02-15 06:15:21
155,leg,Gastrocnemius,460,2115,1.66,2025-02-20 14:14:27
261,leg,Gastrocnemius,150,3036,2.6,2025-04-01 20:57:15
366,hand,Triceps,139,3510,2.35,2025-03-26 16:15:19
681,hand,Biceps,104,4361,1.87,2025-03-09 01:05:38
415,arm,Hamstrings,394,662,2.51,2025-03-06 05:11:46
732,leg,Gastrocnemius,439,1476,4.44,2025-03-29 13:22:13
215,leg,Hamstrings,125,1792,0.99,2025-02-23 01:29:27
201,leg,Gastrocnemius,229,1646,2.18,2025-04-02 05:03:14
798,leg,Gastrocnemius,92,548,2.4,2025-03-06 16:31:54
91,leg,Deltoid,78,1163,3.84,2025-03-23 18:28:42
529,hand,Quadriceps,131,1051,3.09,2025-03-07 23:49:15
539,hand,Quadriceps,429,2943,1.67,2025-02-26 16:52:51
390,hand,Deltoid,142,2907,4.86,2025-03-18 03:44:03
772,leg,Quadriceps,79,1877,3.7,2025-03-23 03:20:59
572,arm,Hamstrings,369,2519,2.07,2025-03-20 21:52:09
670,arm,Biceps,337,3901,4.82,2025-04-02 04:18:41
127,hand,Deltoid,81,957,0.75,2025-03-28 11:58:36
180,hand,Hamstrings,193,4892,2.6,2025-02-14 09:18:30
920,hand,Gastrocnemius,70,1715,4.71,2025-02-08 06:20:39
943,arm,Deltoid,405,4794,2.76,2025-02-11 14:46:16
197,hand,Triceps,158,4638,0.91,2025-03-04 05:42:35
730,arm,Hamstrings,433,818,4.21,2025-03-19 15:45:08
557,leg,Gastrocnemius,248,1415,2.98,2025-02-14 21:28:10
803,leg,Hamstrings,396,3233,4.39,2025-03-07 20:18:56
902,hand,Triceps,460,4866,3.27,2025-03-12 09:12:43
836,arm,Hamstrings,460,2163,1.82,2025-03-10 16:58:39
152,hand,Quadriceps,262,3899,2.61,2025-02-19 19:45:58
727,arm,Biceps,237,1496,0.84,2025-02-14 05:09:27
261,arm,Biceps,262,1943,1.18,2025-02-19 05:09:37
676,leg,Biceps,96,3381,4.98,2025-03-18 17:35:34
111,hand,Triceps,187,654,3.11,2025-03-25 20:42:32
22,hand,Triceps,136,4402,4.65,2025-03-16 02:36:26
202,hand,Biceps,112,4223,0.96,2025-03-29 06:58:12
810,leg,Hamstrings,371,1513,4.35,2025-04-02 19:43:49
119,arm,Hamstrings,268,4608,1.07,2025-03-20 01:56:43
390,leg,Deltoid,207,768,3.42,2025-02-19 08:43:34
407,arm,Triceps,297,2975,3.08,2025-02-14 10:46:49
299,leg,Triceps,376,2557,1.56,2025-03-15 18:07:50
342,hand,Deltoid,415,1126,3.19,2025-02-01 23:12:49
44,leg,Deltoid,277,1957,3.76,2025-02-08 05:57:22
340,leg,Triceps,92,1934,0.84,2025-03-22 01:43:55
458,leg,Gastrocnemius,172,1640,4.93,2025-03-29 10:47:57
244,hand,Hamstrings,375,4159,3.62,2025-02-07 14:20:22
534,hand,Quadriceps,316,3647,1.73,2025-03-08 19:32:07
701,hand,Quadriceps,194,3424,1.27,2025-03-25 23:53:48
870,arm,Hamstrings,50,4004,4.36,2025-03-16 17:29:12
971,hand,Gastrocnemius,327,1718,1.94,2025-04-01 11:40:04
240,leg,Quadriceps,326,547,3.89,2025-03-17 00:44:57
410,arm,Triceps,213,932,2.24,2025-03-02 01:23:31
458,hand,Quadriceps,156,603,1.07,2025-03-17 20:56:41
823,leg,Quadriceps,342,648,1.74,2025-02-06 18:49:42
549,leg,Deltoid,126,1774,2.46,2025-02-21 23:24:10
656,hand,Hamstrings,488,2003,3.04,2025-03-05 05:42:42
251,hand,Hamstrings,438,3403,1.64,2025-03-18 13:33:31
158,leg,Biceps,365,3035,4.05,2025-03-10 02:18:17
997,hand,Deltoid,336,4777,0.56,2025-02-21 17:14:05
20,leg,Quadriceps,80,2797,1.57,2025-02-03 18:28:54
917,leg,Hamstrings,143,3432,2.54,2025-03-27 19:46:15
595,hand,Triceps,158,1184,0.7,2025-02-16 10:34:23
510,arm,Deltoid,116,2726,4.8,2025-02-21 21:01:14
511,leg,Hamstrings,483,848,1.3,2025-03-13 23:44:20
573,arm,Triceps,331,1191,1.29,2025-02-17 11:07:52
893,leg,Quadriceps,296,2434,3.34,2025-02-18 18:12:03
477,hand,Biceps,454,1348,4.82,2025-02-27 07:07:52
254,arm,Gastrocnemius,464,4034,2.37,2025-03-17 08:53:09
961,hand,Deltoid,245,1533,0.77,2025-03-17 06:34:13
339,hand,Hamstrings,412,564,3.93,2025-03-03 23:10:09
569,hand,Deltoid,267,1177,4.96,2025-03-19 16:50:42
762,arm,Biceps,235,4316,2.18,2025-03-05 05:19:15
296,arm,Deltoid,460,4324,4.52,2025-02-01 19:02:36
592,leg,Deltoid,98,1885,4.14,2025-03-31 10:37:54
531,hand,Gastrocnemius,70,3295,4.62,2025-03-08 23:11:43
58,leg,Hamstrings,354,4063,1.8,2025-03-14 08:33:52
736,hand,Triceps,222,3625,3.05,2025-02-28 00:57:38
992,hand,Quadriceps,178,2222,1.74,2025-02-11 14:58:33
75,leg,Quadriceps,352,3228,4.53,2025-03-01 10:30:27
744,arm,Hamstrings,288,643,3.85,2025-02-18 22:10:53
71,hand,Deltoid,321,3275,4.28,2025-04-01 12:17:04
335,arm,Gastrocnemius,167,4182,3.76,2025-02-08 23:11:17
394,arm,Gastrocnemius,317,4162,1.54,2025-02-01 18:39:27
469,arm,Quadriceps,371,3713,4.21,2025-03-18 14:27:35
685,leg,Triceps,101,4461,2.32,2025-02-18 13:50:24
844,arm,Gastrocnemius,249,3171,2.74,2025-03-07 12:48:24
20,arm,Gastrocnemius,111,3714,1.78,2025-03-27 20:52:01
783,leg,Biceps,327,1424,3.13,2025-02-18 15:09:53
602,leg,Quadriceps,291,1369,3.29,2025-03-11 17:30:43
881,hand,Deltoid,199,802,1.75,2025-02-27 22:04:30
40,hand,Quadriceps,105,4920,2.38,2025-03-10 00:20:52
723,hand,Gastrocnemius,351,4695,0.78,2025-03-12 01:34:04
575,hand,Gastrocnemius,177,4890,1.9,2025-03-02 04:33:53
700,arm,Triceps,250,1178,2.21,2025-03-13 13:00:35
98,arm,Triceps,119,1720,3.31,2025-04-02 09:09:11
300,leg,Gastrocnemius,252,1835,3.6,2025-03-28 11:11:15
109,arm,Biceps,472,3275,1.71,2025-03-03 17:35:00
759,hand,Gastrocnemius,341,2947,0.92,2025-03-24 19:33:13
840,leg,Biceps,248,3340,1.7,2025-02-25 18:22:17
560,arm,Hamstrings,76,2867,4.8,2025-02-28 05:43:23
491,arm,Deltoid,500,4531,2.11,2025-03-06 05:26:54
538,hand,Quadriceps,471,2206,2.33,2025-03-17 17:56:27
348,arm,Hamstrings,181,782,2.74,2025-02-20 02:44:01
522,hand,Gastrocnemius,352,4439,0.67,2025-03-04 05:40:28
344,leg,Hamstrings,260,3583,3.35,2025-03-05 20:52:41
146,arm,Biceps,490,4079,3.65,2025-03-22 01:10:25
843,hand,Quadriceps,164,3155,2.6,2025-02-08 20:07:21
73,arm,Gastrocnemius,128,1955,2.13,2025-03-20 10:39:28
319,leg,Quadriceps,438,3914,2.36,2025-02-21 17:10:16
992,leg,Quadriceps,157,2289,4.98,2025-02-23 02:49:55
417,arm,Triceps,266,555,4.58,2025-03-10 05:17:17
682,leg,Deltoid,204,2429,0.74,2025-03-08 18:24:02
980,hand,Triceps,112,1393,1.18,2025-03-31 07:54:45
593,hand,Hamstrings,180,4463,3.35,2025-03-14 08:25:10
953,leg,Deltoid,200,1856,1.98,2025-02-28 04:49:26
799,hand,Quadriceps,58,628,4.39,2025-03-08 18:49:28
333,arm,Biceps,395,830,3.68,2025-03-12 03:30:36
46,arm,Triceps,285,3610,2.95,2025-02-06 15:52:55
317,leg,Quadriceps,461,3117,2.18,2025-02-03 01:31:17
967,arm,Biceps,139,2727,1.52,2025-03-31 07:07:57
833,leg,Gastrocnemius,214,2319,1.18,2025-03-31 05:10:52
361,leg,Gastrocnemius,97,2106,2.98,2025-02-26 14:16:43
194,leg,Hamstrings,101,1149,2.41,2025-02-01 03:00:42
866,arm,Quadriceps,107,2422,3.26,2025-03-16 22:30:34
401,leg,Triceps,230,1334,2.27,2025-02-08 04:45:26
943,arm,Biceps,496,3659,4.45,2025-02-06 11:37:44
924,hand,Quadriceps,494,3899,2.98,2025-03-10 14:02:23
500,arm,Deltoid,141,614,3.88,2025-04-02 18:56:56
345,arm,Triceps,203,4379,2.85,2025-03-01 19:34:38
601,hand,Gastrocnemius,52,1526,0.64,2025-02-14 08:10:29
50,leg,Quadriceps,327,2187,1.68,2025-02-04 08:52:08
539,leg,Biceps,470,1981,3.95,2025-03-13 23:14:27
374,hand,Biceps,272,4640,0.58,2025-03-08 09:22:45
870,arm,Triceps,341,3020,2.01,2025-03-17 10:42:43
779,arm,Quadriceps,193,1350,3.43,2025-03-20 15:56:39
15,leg,Triceps,355,591,4.39,2025-03-29 22:36:46
724,hand,Hamstrings,392,3079,3.47,2025-03-24 11:50:33
18,hand,Biceps,303,4970,2.81,2025-02-18 09:43:15
408,hand,Triceps,192,3363,2.78,2025-02-11 02:22:30
202,arm,Triceps,441,3053,2.79,2025-02-13 14:30:26
318,hand,Hamstrings,169,918,2.87,2025-02-23 21:22:37
149,hand,Biceps,77,1440,1.42,2025-02-14 01:13:28
729,leg,Hamstrings,128,2776,4.69,2025-03-18 19:56:58
910,arm,Gastrocnemius,151,3017,2.78,2025-03-19 10:13:43
528,leg,Hamstrings,202,619,4.31,2025-03-12 11:55:27
954,leg,Biceps,81,1327,1.3,2025-03-29 10:39:42
686,hand,Biceps,215,2010,1.41,2025-02-26 16:02:31
769,hand,Hamstrings,112,3163,4.56,2025-02-24 06:00:33
312,hand,Hamstrings,174,2933,1.99,2025-03-22 13:02:06
375,arm,Gastrocnemius,393,2356,1.62,2025-03-28 01:29:10
309,leg,Gastrocnemius,274,4895,1.67,2025-03-13 08:26:04
521,hand,Biceps,147,4969,3.95,2025-03-11 12:14:15
25,arm,Deltoid,146,3970,1.58,2025-03-29 11:40:44
695,arm,Deltoid,173,4965,1.16,2025-03-19 03:01:14
29,leg,Gastrocnemius,350,537,4.95,2025-02-21 21:12:07
258,hand,Deltoid,198,1465,4.67,2025-02-23 20:37:37
128,arm,Biceps,110,3543,3.08,2025-02-22 06:08:41
340,hand,Biceps,288,3153,4.02,2025-03-11 01:15:37
903,leg,Deltoid,229,4179,0.51,2025-03-17 00:33:17
642,leg,Gastrocnemius,126,4657,4.53,2025-02-07 07:57:10
630,leg,Hamstrings,394,4000,3.54,2025-03-19 19:08:02
951,hand,Deltoid,427,4211,1.35,2025-02-21 23:23:52
440,arm,Biceps,305,4438,1.42,2025-03-27 18:00:55
218,leg,Deltoid,280,1630,3.86,2025-03-18 22:53:39
126,hand,Deltoid,73,1692,1.67,2025-03-02 12:00:16
56,arm,Quadriceps,259,1059,0.79,2025-02-19 01:42:29
260,hand,Triceps,86,3311,4.44,2025-03-22 18:55:35
977,leg,Deltoid,332,1273,0.68,2025-04-01 21:58:10
634,arm,Biceps,152,1484,2.02,2025-02-05 15:09:11
914,hand,Deltoid,232,4813,4.74,2025-03-05 08:07:47
16,arm,Deltoid,240,3234,2.12,2025-03-30 12:32:11
709,hand,Deltoid,77,2923,2.45,2025-02-17 14:04:26
81,leg,Hamstrings,55,1482,4.76,2025-02-07 20:01:17
945,hand,Gastrocnemius,297,1727,3.69,2025-02-21 14:01:53
720,hand,Hamstrings,410,2973,0.9,2025-03-24 22:19:36
178,arm,Deltoid,210,2924,2.22,2025-02-05 21:59:49
518,hand,Hamstrings,445,2890,3.12,2025-03-31 22:47:34
430,leg,Quadriceps,317,3285,4.62,2025-04-01 05:41:47
171,hand,Gastrocnemius,494,4650,0.76,2025-03-31 10:11:10
794,arm,Deltoid,62,963,3.53,2025-03-26 01:06:04
325,hand,Hamstrings,403,945,4.87,2025-02-07 17:32:59
756,hand,Deltoid,468,831,3.9,2025-02-28 11:02:35
847,hand,Biceps,340,636,4.07,2025-03-07 22:26:04
767,arm,Biceps,325,3691,4.7,2025-03-21 21:10:43
244,leg,Gastrocnemius,173,962,2.32,2025-02-01 11:59:51
367,arm,Biceps,120,4792,1.02,2025-03-17 11:31:56
431,hand,Hamstrings,319,3995,3.61,2025-03-31 05:22:14
976,arm,Biceps,342,1224,0.6,2025-03-02 05:23:06
776,arm,Biceps,314,3097,1.22,2025-03-01 20:22:59
95,arm,Gastrocnemius,211,4819,1.94,2025-04-01 15:33:36
433,hand,Deltoid,390,2113,3.99,2025-02-05 03:09:30
122,hand,Hamstrings,303,3110,1.23,2025-03-10 13:17:10
911,arm,Gastrocnemius,301,1279,0.73,2025-02-26 02:09:38
570,leg,Quadriceps,341,4985,1.5,2025-02-25 09:01:12
996,leg,Quadriceps,201,1754,3.06,2025-02-20 21:14:16
22,hand,Quadriceps,138,4864,1.4,2025-03-17 00:01:42
661,hand,Hamstrings,271,2784,1.71,2025-02-11 05:49:11
366,hand,Biceps,314,998,4.07,2025-03-15 11:40:04
127,leg,Gastrocnemius,440,781,1.83,2025-03-02 08:21:02
357,hand,Biceps,318,2783,0.71,2025-02-20 21:59:14
729,leg,Deltoid,257,3398,1.33,2025-02-15 04:26:04
131,hand,Quadriceps,85,4558,4.96,2025-02-18 08:38:27
273,hand,Biceps,306,1006,0.97,2025-03-26 18:14:56
463,hand,Deltoid,448,611,3.44,2025-02-09 19:09:57
486,leg,Biceps,439,2734,2.73,2025-03-18 19:24:39
746,arm,Hamstrings,337,509,2.03,2025-03-02 12:45:58
539,arm,Quadriceps,346,3994,2.33,2025-02-14 05:31:16
962,leg,Quadriceps,111,3550,1.28,2025-03-21 16:13:06
690,hand,Hamstrings,217,2636,3.25,2025-03-02 07:31:57
524,hand,Deltoid,367,2844,1.42,2025-03-14 22:30:18
998,hand,Biceps,303,4936,0.67,2025-03-16 02:11:40
688,hand,Hamstrings,402,2464,1.17,2025-02-01 02:58:21
894,leg,Deltoid,244,3508,3.11,2025-03-19 01:26:49
596,leg,Triceps,259,3601,1.94,2025-02-28 09:35:33
206,hand,Biceps,445,3136,3.04,2025-03-16 06:34:41
623,leg,Gastrocnemius,75,2575,1.97,2025-02-08 00:48:21
719,arm,Deltoid,468,4108,2.28,2025-02-25 17:38:37
597,leg,Triceps,75,3929,1.18,2025-02-08 11:39:15
430,arm,Biceps,109,3045,1.66,2025-03-15 05:08:44
920,arm,Triceps,123,2636,3.93,2025-03-19 07:24:33
743,arm,Triceps,296,4972,4.58,2025-03-14 00:56:19
374,arm,Triceps,466,2243,2.99,2025-02-23 06:34:00
334,arm,Biceps,492,4537,3.41,2025-02-02 23:43:38
793,leg,Gastrocnemius,318,3375,3.09,2025-02-02 20:52:36
700,arm,Biceps,184,864,2.7,2025-02-19 18:10:03
639,arm,Quadriceps,97,4098,3.1,2025-03-09 03:24:19
529,arm,Triceps,384,1274,0.94,2025-02-17 21:55:50
504,arm,Biceps,80,4488,3.53,2025-02-10 15:16:20
923,arm,Quadriceps,284,3312,4.97,2025-03-03 05:18:58
768,hand,Gastrocnemius,264,4636,2.72,2025-02-25 18:50:21
841,arm,Hamstrings,163,3174,2.15,2025-02-08 22:46:57
794,hand,Hamstrings,330,3409,4.39,2025-03-17 20:18:05
942,arm,Triceps,380,2049,1.43,2025-02-20 16:52:03
71,arm,Deltoid,100,2709,3.59,2025-02-03 18:30:23
763,hand,Biceps,68,4307,1.38,2025-03-06 20:10:26
3,hand,Hamstrings,299,687,4.69,2025-03-22 06:54:26
356,leg,Biceps,305,3213,1.3,2025-03-08 05:44:28
623,leg,Triceps,160,3000,4.11,2025-03-18 05:38:40
662,hand,Biceps,289,2516,1.25,2025-03-27 23:50:15
344,arm,Deltoid,196,4036,3.74,2025-03-02 20:20:19
882,hand,Deltoid,126,2800,4.38,2025-02-10 21:51:44
410,leg,Deltoid,442,3112,1.09,2025-03-29 13:28:10
825,hand,Hamstrings,380,2892,2.63,2025-03-07 04:50:06
386,arm,Biceps,290,4848,0.64,2025-02-10 01:25:06
613,arm,Quadriceps,418,1126,3.37,2025-02-27 17:17:02
220,arm,Gastrocnemius,192,3358,3.22,2025-02-19 03:05:58
745,hand,Hamstrings,342,1996,2.96,2025-03-19 14:59:14
939,arm,Deltoid,232,3061,2.44,2025-02-17 20:45:49
747,arm,Biceps,361,1487,1.74,2025-03-21 21:17:03
44,arm,Hamstrings,368,4365,2.92,2025-02-07 20:05:09
213,hand,Gastrocnemius,70,1441,2.16,2025-02-28 12:05:00
626,arm,Triceps,193,1295,2.56,2025-03-04 02:30:41
681,hand,Gastrocnemius,97,4821,4.51,2025-02-06 04:27:24
311,leg,Triceps,251,2751,2.43,2025-02-13 01:32:57
689,leg,Triceps,367,745,3.51,2025-02-18 12:17:57
837,arm,Biceps,149,1955,2.03,2025-03-14 14:44:08
809,arm,Biceps,368,2488,2.25,2025-02-25 23:23:01
843,leg,Triceps,207,4990,4.19,2025-03-25 05:29:23
418,arm,Deltoid,238,4799,3.75,2025-02-19 07:55:12
812,leg,Biceps,436,1043,3.17,2025-03-06 20:44:50
867,hand,Gastrocnemius,143,710,3.66,2025-02-02 14:07:18
677,arm,Deltoid,107,4418,2.29,2025-02-17 03:28:39
969,arm,Gastrocnemius,262,4023,3.47,2025-03-30 22:56:00
529,arm,Triceps,194,1881,2.12,2025-03-07 21:18:43
54,leg,Triceps,347,573,4.38,2025-03-30 11:52:30
337,arm,Gastrocnemius,73,3228,4.75,2025-03-16 05:14:46
859,hand,Deltoid,91,4670,1.8,2025-02-04 05:52:09
434,hand,Biceps,453,1760,1.62,2025-02-16 03:36:49
341,hand,Biceps,299,1649,4.82,2025-03-30 01:29:24
556,arm,Gastrocnemius,463,730,0.55,2025-03-01 02:01:56
383,arm,Gastrocnemius,51,3677,0.62,2025-02-28 13:39:05
626,leg,Gastrocnemius,325,2451,1.71,2025-02-11 03:36:56
39,hand,Hamstrings,221,2231,1.21,2025-03-26 07:22:36
432,arm,Hamstrings,81,2360,1.88,2025-02-21 20:46:21
743,leg,Biceps,113,3540,4.47,2025-03-01 07:02:45
455,hand,Gastrocnemius,330,3842,4.91,2025-03-03 00:56:49
925,leg,Gastrocnemius,91,3495,1.65,2025-03-08 23:42:52
687,leg,Hamstrings,208,1164,2.12,2025-03-11 18:23:34
249,leg,Triceps,83,4371,2.24,2025-03-08 22:15:33
877,arm,Deltoid,442,848,3.29,2025-02-12 18:30:17
563,hand,Deltoid,441,1718,4.31,2025-02-06 00:48:02
469,leg,Triceps,142,1197,3.04,2025-03-02 22:49:39
210,hand,Gastrocnemius,85,2472,4.1,2025-02-16 23:08:03
329,arm,Triceps,180,2374,1.5,2025-03-12 01:02:42
914,hand,Quadriceps,391,3861,3.06,2025-03-08 13:03:22
780,hand,Hamstrings,201,1251,0.82,2025-02-18 06:28:48
673,arm,Biceps,202,2831,2.69,2025-03-27 01:41:30
41,arm,Gastrocnemius,178,3362,1.51,2025-03-26 17:40:05
471,hand,Gastrocnemius,397,2282,2.47,2025-02-15 02:56:29
606,arm,Quadriceps,53,772,0.97,2025-02-24 23:19:28
407,leg,Deltoid,478,948,4.71,2025-03-28 01:39:38
92,hand,Triceps,173,3231,4.59,2025-03-05 07:40:19
387,leg,Quadriceps,264,2272,2.57,2025-03-03 16:14:18
670,hand,Hamstrings,277,4012,3.47,2025-02-08 18:04:55
838,leg,Quadriceps,387,4293,2.94,2025-03-28 23:59:27
298,hand,Deltoid,446,3353,2.08,2025-03-19 20:06:24
157,hand,Gastrocnemius,278,1213,1.55,2025-03-25 23:15:40
779,hand,Triceps,170,2936,4.21,2025-03-21 19:27:01
701,hand,Triceps,78,2176,0.7,2025-03-12 10:22:27
478,arm,Biceps,152,1178,1.14,2025-03-17 12:54:56
375,hand,Quadriceps,310,2846,4.7,2025-03-02 03:07:03
479,hand,Deltoid,471,2724,2.36,2025-03-31 16:03:16
411,leg,Triceps,481,871,0.88,2025-02-20 21:27:26
992,leg,Hamstrings,280,1541,1.04,2025-03-20 12:54:32
639,hand,Biceps,464,3456,2.88,2025-03-28 04:25:36
481,leg,Quadriceps,102,4981,2.99,2025-02-12 04:16:31
232,leg,Quadriceps,323,1487,2.18,2025-02-28 08:48:06
873,arm,Quadriceps,232,4647,2.38,2025-02-22 14:18:00
890,leg,Hamstrings,282,3579,0.93,2025-03-15 02:40:42
628,leg,Biceps,376,1594,2.53,2025-02-16 11:26:38
362,leg,Deltoid,482,4465,0.6,2025-03-05 15:53:20
680,leg,Quadriceps,457,2847,4.84,2025-02-11 14:22:29
350,arm,Biceps,254,3972,1.82,2025-02-12 05:05:59
960,arm,Triceps,318,1216,0.79,2025-03-02 17:21:58
813,leg,Quadriceps,203,3057,3.48,2025-02-22 20:59:15
283,arm,Biceps,451,1431,4.04,2025-03-30 17:43:49
143,leg,Biceps,343,4771,4.41,2025-03-06 00:36:19
776,arm,Biceps,119,720,4.46,2025-03-09 06:54:16
755,leg,Deltoid,341,2508,4.24,2025-03-30 12:34:09
662,leg,Triceps,231,524,3.59,2025-03-06 18:35:22
85,arm,Biceps,352,3854,4.67,2025-02-18 18:12:25
371,hand,Deltoid,209,4517,2.68,2025-02-16 09:00:47
85,arm,Gastrocnemius,469,2936,3.06,2025-03-18 08:51:29
821,leg,Quadriceps,416,4707,2.76,2025-03-13 22:46:38
680,hand,Hamstrings,258,3330,3.89,2025-03-25 06:24:46
185,arm,Triceps,280,4450,3.25,2025-02-18 19:30:49
795,leg,Gastrocnemius,486,3142,1.45,2025-03-15 12:30:56
767,hand,Biceps,110,2427,2.37,2025-03-03 23:15:37
373,leg,Gastrocnemius,384,4012,1.07,2025-03-09 10:34:18
543,arm,Deltoid,119,748,4.8,2025-03-28 06:12:33
911,hand,Biceps,58,4398,0.75,2025-02-20 23:24:44
241,arm,Gastrocnemius,172,1074,4.89,2025-02-11 10:45:22
154,arm,Triceps,452,1164,1.55,2025-03-22 02:43:51
631,hand,Hamstrings,91,1778,3.95,2025-03-13 04:01:28
955,arm,Triceps,331,3684,1.87,2025-02-05 16:17:43
811,leg,Triceps,285,654,1.02,2025-02-12 03:17:49
965,leg,Gastrocnemius,208,4047,4.95,2025-04-02 15:29:37
827,hand,Hamstrings,240,2578,3.36,2025-03-15 05:57:11
903,leg,Deltoid,252,3991,1.25,2025-03-02 12:09:41
811,arm,Hamstrings,51,2779,2.14,2025-03-13 13:23:35
596,hand,Gastrocnemius,342,3780,0.95,2025-02-27 04:54:35
919,leg,Hamstrings,198,786,1.51,2025-02-05 03:07:36
274,hand,Gastrocnemius,387,3820,4.89,2025-03-17 19:59:52
475,hand,Quadriceps,426,799,1.88,2025-03-01 05:14:31
975,hand,Biceps,391,1751,1.01,2025-02-03 13:44:06
392,hand,Quadriceps,50,1275,2.42,2025-03-31 13:38:44
204,hand,Biceps,67,1558,3.69,2025-03-23 19:09:58
976,leg,Biceps,208,3770,3.98,2025-02-13 20:07:25
883,leg,Gastrocnemius,395,644,2.87,2025-03-25 20:07:27
93,leg,Biceps,228,4102,0.72,2025-03-16 01:37:18
302,leg,Triceps,293,2630,3.39,2025-02-04 01:45:10
254,arm,Triceps,486,2324,1.22,2025-02-24 06:17:05
990,leg,Gastrocnemius,422,4967,4.71,2025-02-12 13:19:23
58,leg,Quadriceps,380,723,2.48,2025-02-24 11:26:52
822,hand,Gastrocnemius,99,4088,3.22,2025-02-15 07:35:30
825,hand,Hamstrings,400,4110,2.26,2025-03-11 11:07:07
379,leg,Deltoid,248,4452,1.97,2025-03-08 04:20:37
537,hand,Quadriceps,363,1686,3.33,2025-03-13 04:21:52
319,hand,Biceps,128,4769,1.04,2025-02-22 16:11:18
485,arm,Quadriceps,348,4263,2.99,2025-03-26 08:19:16
624,arm,Gastrocnemius,478,4742,4.86,2025-02-06 21:21:21
704,hand,Gastrocnemius,94,4191,1.57,2025-03-21 12:57:26
787,leg,Deltoid,301,2977,1.53,2025-02-07 04:21:09
316,leg,Quadriceps,189,4094,1.72,2025-03-21 10:03:34
116,hand,Triceps,309,4870,1.66,2025-03-06 08:19:42
962,leg,Biceps,313,2886,3.8,2025-03-12 23:35:48
872,hand,Triceps,462,3076,2.65,2025-02-22 13:10:58
755,leg,Gastrocnemius,411,2392,3.66,2025-02-27 23:07:36
891,arm,Deltoid,371,4356,1.83,2025-03-08 11:35:01
812,hand,Deltoid,414,4088,3.25,2025-02-14 19:52:56
903,hand,Triceps,445,3173,2.91,2025-03-30 05:56:39
613,hand,Hamstrings,222,4886,0.76,2025-03-05 14:02:29
792,leg,Biceps,359,2013,2.73,2025-02-15 09:19:51
809,leg,Quadriceps,72,4101,2.56,2025-02-11 00:18:00
757,leg,Hamstrings,406,660,2.6,2025-03-25 04:56:48
984,arm,Triceps,497,3433,0.9,2025-03-06 15:16:08
839,hand,Gastrocnemius,462,4246,4.2,2025-02-10 07:35:33
343,hand,Deltoid,154,1666,3.32,2025-02-21 12:32:51
746,leg,Triceps,68,3604,3.89,2025-02-13 20:50:34
58,arm,Gastrocnemius,231,2368,1.9,2025-02-21 02:30:20
587,arm,Biceps,200,2348,0.92,2025-03-05 19:57:49
441,arm,Gastrocnemius,363,648,4.1,2025-03-10 00:28:53
640,hand,Deltoid,77,1932,2.62,2025-04-02 00:08:35
388,hand,Deltoid,431,930,3.19,2025-03-21 03:18:05
3,arm,Biceps,88,3164,4.16,2025-03-17 16:29:00
131,leg,Deltoid,176,2585,3.55,2025-02-18 03:20:13
312,hand,Triceps,143,1988,3.9,2025-03-21 06:44:54
457,hand,Triceps,314,4544,3.53,2025-02-07 00:40:23
193,arm,Deltoid,294,4880,1.44,2025-02-08 22:02:20
36,leg,Biceps,296,2490,4.95,2025-02-23 12:12:08
120,hand,Quadriceps,268,950,3.51,2025-03-21 00:04:31
608,leg,Triceps,492,1507,3.02,2025-02-18 19:16:15
594,hand,Quadriceps,164,4427,2.44,2025-02-22 20:29:12
941,arm,Biceps,413,3514,2.37,2025-02-21 07:34:29
585,hand,Gastrocnemius,243,2175,2.08,2025-03-25 21:57:51
252,hand,Deltoid,456,1362,4.72,2025-02-28 04:21:51
226,leg,Deltoid,288,3233,0.73,2025-03-09 12:54:42
64,leg,Triceps,493,4226,3.5,2025-02-28 08:53:19
474,arm,Hamstrings,75,4508,3.38,2025-03-31 10:29:38
279,leg,Biceps,95,4786,2.14,2025-03-02 05:24:27
425,hand,Biceps,446,1523,1.39,2025-03-19 19:48:28
963,arm,Gastrocnemius,298,3218,2.09,2025-02-22 05:49:21
5,hand,Triceps,85,2376,5.0,2025-02-19 20:24:48
700,arm,Deltoid,129,4757,3.66,2025-04-02 00:43:56
834,hand,Quadriceps,419,2969,4.68,2025-02-14 03:01:38
184,hand,Biceps,116,3270,3.71,2025-02-27 06:40:23
715,leg,Quadriceps,438,4345,4.33,2025-03-28 03:06:44
517,arm,Biceps,176,1616,0.77,2025-02-17 01:47:33
170,leg,Hamstrings,106,2686,3.91,2025-03-24 08:59:57
440,arm,Gastrocnemius,238,1838,2.59,2025-03-31 09:30:51
613,leg,Hamstrings,291,1554,1.02,2025-02-23 04:41:12
798,hand,Quadriceps,129,2353,4.12,2025-02-07 20:17:50
719,leg,Biceps,242,3155,4.18,2025-03-04 06:25:34
550,leg,Triceps,149,523,2.2,2025-03-25 05:40:33
287,leg,Triceps,99,2819,2.76,2025-02-17 08:09:55
217,hand,Gastrocnemius,69,3125,4.78,2025-03-25 17:18:59
596,hand,Deltoid,498,4905,4.1,2025-02-22 13:51:23
117,leg,Hamstrings,119,4503,2.61,2025-02-03 09:44:32
254,hand,Gastrocnemius,99,2632,2.53,2025-04-01 03:28:46
28,hand,Triceps,116,2110,2.41,2025-02-18 00:18:50
154,arm,Deltoid,80,1760,3.54,2025-02-11 12:51:05
119,arm,Biceps,409,4120,2.38,2025-02-15 08:47:21
328,leg,Quadriceps,113,766,3.0,2025-02-05 05:23:51
734,leg,Triceps,54,3431,1.45,2025-02-17 20:13:37
798,leg,Quadriceps,421,2504,1.53,2025-02-04 13:48:45
844,hand,Gastrocnemius,161,3120,4.82,2025-02-18 19:02:52
736,hand,Biceps,441,2655,2.88,2025-02-03 09:54:12
528,hand,Gastrocnemius,459,1234,2.55,2025-03-28 06:35:54
969,leg,Triceps,367,4663,2.63,2025-02-05 17:20:23
78,arm,Triceps,163,2739,3.0,2025-03-16 18:53:54
816,leg,Biceps,348,908,0.79,2025-03-22 10:28:23
983,leg,Triceps,365,3282,4.18,2025-03-20 13:33:13
865,leg,Deltoid,379,4704,2.56,2025-02-23 09:35:30
353,arm,Deltoid,457,3290,0.98,2025-02-25 15:31:12
657,leg,Hamstrings,237,2129,1.63,2025-03-10 05:27:04
637,leg,Deltoid,431,2751,0.76,2025-03-11 03:40:41
467,leg,Hamstrings,351,3129,1.46,2025-03-15 04:19:49
271,leg,Hamstrings,160,4231,4.9,2025-03-13 03:52:08
433,hand,Deltoid,79,4602,4.21,2025-03-16 21:12:29
836,hand,Deltoid,248,846,2.98,2025-02-15 11:48:20
26,leg,Biceps,249,3320,0.59,2025-03-07 02:18:30
268,arm,Deltoid,422,2802,3.7,2025-03-06 12:26:34
560,hand,Quadriceps,289,2521,2.51,2025-03-19 20:16:35
509,hand,Biceps,154,1591,2.93,2025-02-23 21:09:06
847,arm,Deltoid,94,3319,2.99,2025-03-17 23:51:55
680,hand,Deltoid,76,4476,1.98,2025-02-11 21:03:40
545,arm,Quadriceps,293,3113,2.49,2025-02-04 20:11:00
895,leg,Biceps,324,3101,1.24,2025-03-23 09:36:06
78,hand,Biceps,80,4357,2.85,2025-02-15 03:31:36
982,leg,Hamstrings,368,3923,1.1,2025-03-05 17:48:48
328,hand,Gastrocnemius,372,2069,4.51,2025-02-15 21:14:12
603,arm,Biceps,402,4921,4.5,2025-02-03 16:24:49
911,arm,Gastrocnemius,221,4258,0.95,2025-03-04 12:46:49
306,hand,Quadriceps,152,2879,2.45,2025-03-31 07:51:01
337,arm,Biceps,155,2627,3.1,2025-04-02 17:18:40
934,leg,Quadriceps,273,4449,4.82,2025-03-10 22:16:34
200,hand,Gastrocnemius,460,4100,1.77,2025-02-16 06:30:13
426,hand,Quadriceps,424,3031,2.31,2025-02-18 23:38:43
744,hand,Triceps,478,3672,4.86,2025-03-27 15:58:24
177,hand,Hamstrings,436,896,4.52,2025-03-26 18:31:19
501,hand,Triceps,255,1165,0.95,2025-03-18 03:52:16
239,arm,Biceps,299,4797,4.55,2025-03-18 18:52:17
66,arm,Gastrocnemius,64,2135,3.12,2025-03-19 19:46:27
28,leg,Quadriceps,267,2533,3.39,2025-02-05 09:58:37
323,leg,Biceps,301,1468,4.3,2025-03-06 01:37:27
273,arm,Biceps,429,1434,1.64,2025-03-13 23:15:33
54,arm,Gastrocnemius,142,1315,1.36,2025-03-08 03:53:15
621,arm,Deltoid,161,4049,3.72,2025-03-15 17:06:53
982,leg,Hamstrings,152,1104,3.3,2025-02-03 19:34:38
342,arm,Quadriceps,316,4991,1.87,2025-03-24 11:24:47
139,arm,Quadriceps,175,921,3.58,2025-02-03 19:40:48
276,hand,Deltoid,147,1521,3.7,2025-03-15 17:28:41
663,arm,Quadriceps,392,3568,3.28,2025-03-28 22:48:06
482,hand,Biceps,395,1904,4.93,2025-03-14 14:44:33
627,leg,Deltoid,137,2138,4.05,2025-02-12 20:48:41
399,leg,Gastrocnemius,272,4095,1.89,2025-02-02 17:01:20
761,arm,Biceps,298,4547,0.7,2025-02-05 20:45:28
82,leg,Quadriceps,199,1913,4.05,2025-04-02 13:29:42
903,arm,Gastrocnemius,312,992,1.98,2025-03-31 22:22:24
68,arm,Gastrocnemius,343,4121,4.44,2025-03-14 04:48:39
454,hand,Biceps,457,4272,1.44,2025-02-02 14:44:48
388,arm,Triceps,380,3916,1.74,2025-02-18 13:55:08
832,hand,Quadriceps,180,4174,2.1,2025-03-15 05:02:57
524,arm,Quadriceps,345,2965,1.56,2025-02-06 03:03:14
93,hand,Biceps,255,3480,3.66,2025-03-18 13:49:23
26,hand,Quadriceps,154,1256,1.18,2025-03-04 06:16:55
23,leg,Biceps,330,2394,0.54,2025-02-11 10:37:50
569,arm,Quadriceps,342,3259,3.0,2025-03-30 07:11:21
917,hand,Triceps,223,3698,0.57,2025-02-24 10:23:19
940,hand,Gastrocnemius,84,2329,3.3,2025-02-18 08:54:57
989,arm,Triceps,180,3544,4.42,2025-03-22 07:27:41
681,arm,Gastrocnemius,113,3988,2.13,2025-02-18 15:35:39
793,hand,Gastrocnemius,146,2313,4.7,2025-03-21 09:29:49
597,leg,Triceps,365,4013,2.38,2025-03-25 09:05:09
759,leg,Biceps,54,2960,1.95,2025-02-15 10:05:31
652,hand,Gastrocnemius,461,3744,4.92,2025-03-09 19:05:37
556,leg,Quadriceps,362,2145,1.02,2025-03-12 22:37:09
988,hand,Triceps,334,4904,3.01,2025-02-27 08:03:50
903,arm,Deltoid,115,2401,3.59,2025-02-22 01:01:31
361,hand,Quadriceps,207,2678,2.48,2025-03-07 15:29:55
387,hand,Triceps,407,1917,4.98,2025-02-12 19:28:21
461,hand,Deltoid,379,4246,4.09,2025-02-15 17:52:54
775,leg,Gastrocnemius,353,4653,4.3,2025-03-29 07:09:47
335,leg,Gastrocnemius,418,3938,4.76,2025-03-26 06:36:33
447,arm,Triceps,90,3050,4.5,2025-04-01 22:37:48
193,hand,Triceps,345,2211,2.39,2025-02-02 14:46:27
428,leg,Quadriceps,460,3555,2.27,2025-03-14 07:13:54
231,leg,Quadriceps,308,4727,4.16,2025-03-18 16:35:06
52,hand,Hamstrings,185,1691,1.06,2025-02-07 00:39:41
93,leg,Quadriceps,403,1107,0.78,2025-03-27 07:29:32
411,hand,Hamstrings,334,4558,3.83,2025-03-16 06:27:12
490,hand,Gastrocnemius,163,2656,1.93,2025-03-22 09:33:16
733,arm,Gastrocnemius,64,2654,1.86,2025-02-14 01:16:13
75,arm,Biceps,148,2473,1.94,2025-02-12 20:28:25
911,hand,Deltoid,471,1627,4.91,2025-03-16 06:23:02
791,hand,Biceps,61,3648,4.51,2025-03-09 14:04:53
576,arm,Deltoid,469,1463,4.14,2025-03-03 08:29:44
779,arm,Triceps,384,1853,1.48,2025-02-18 10:17:36
173,arm,Quadriceps,55,4473,2.87,2025-03-31 11:46:02
436,arm,Gastrocnemius,288,1841,1.08,2025-03-27 17:17:57
797,hand,Triceps,169,4002,2.95,2025-03-01 19:24:31
469,hand,Triceps,149,3488,4.73,2025-02-12 13:30:59
583,arm,Hamstrings,222,985,1.75,2025-03-01 06:52:36
767,arm,Gastrocnemius,108,3589,4.13,2025-03-15 11:15:03
878,leg,Gastrocnemius,269,2016,4.68,2025-02-05 20:01:08
615,arm,Triceps,154,2068,3.56,2025-03-19 21:55:37
882,hand,Deltoid,128,2961,1.18,2025-03-07 13:50:38
462,leg,Triceps,485,3663,3.98,2025-02-16 16:50:18
49,arm,Biceps,122,4707,1.03,2025-03-13 23:48:13
573,leg,Triceps,387,1766,3.04,2025-03-02 03:25:52
828,leg,Quadriceps,353,1244,1.51,2025-02-17 13:54:51
379,leg,Quadriceps,250,3392,1.34,2025-03-14 19:01:20
878,hand,Deltoid,129,3179,4.51,2025-03-11 13:25:12
485,hand,Biceps,201,879,2.27,2025-03-12 12:37:35
875,arm,Triceps,288,2902,2.26,2025-03-28 02:17:07
639,arm,Quadriceps,435,1966,4.95,2025-03-26 06:37:25
242,leg,Gastrocnemius,235,818,4.52,2025-02-09 00:22:36
555,arm,Deltoid,240,4596,1.28,2025-02-11 02:35:27
867,hand,Gastrocnemius,307,4706,2.44,2025-02-02 00:07:01
717,arm,Deltoid,406,3121,4.13,2025-02-11 19:47:14
181,hand,Hamstrings,343,3121,3.73,2025-02-26 02:19:43
443,leg,Hamstrings,424,1795,4.84,2025-03-17 19:23:08
175,leg,Quadriceps,210,624,4.81,2025-03-02 04:29:21
928,arm,Triceps,465,3873,2.92,2025-02-13 13:28:04
927,hand,Triceps,325,2275,2.32,2025-02-25 18:25:39
28,leg,Gastrocnemius,298,4566,3.92,2025-02-06 21:39:12
64,leg,Triceps,409,3906,1.14,2025-03-28 02:17:54
390,arm,Deltoid,87,735,1.16,2025-03-04 17:22:30
200,leg,Deltoid,102,3331,4.11,2025-03-11 05:47:52
711,arm,Hamstrings,340,4045,1.7,2025-03-31 00:43:03
279,leg,Quadriceps,483,4126,4.36,2025-02-22 10:01:15
393,arm,Quadriceps,245,3494,1.0,2025-03-11 23:37:11
492,leg,Gastrocnemius,365,958,2.42,2025-03-10 18:10:57
252,arm,Triceps,332,4095,3.3,2025-02-27 13:02:00
921,leg,Deltoid,172,3604,1.2,2025-03-16 07:28:57
790,hand,Hamstrings,392,1414,0.94,2025-03-10 05:54:48
255,leg,Gastrocnemius,59,2848,1.44,2025-03-13 08:00:21
472,leg,Hamstrings,331,2329,0.69,2025-03-11 14:05:28
943,hand,Gastrocnemius,447,2079,1.03,2025-02-26 11:49:26
887,hand,Triceps,482,4684,2.29,2025-02-22 21:32:05
337,hand,Deltoid,402,2921,1.69,2025-03-27 19:19:08
920,leg,Quadriceps,311,3110,2.36,2025-03-07 18:26:48
968,hand,Biceps,206,990,3.39,2025-02-27 10:03:28
155,arm,Triceps,65,1680,2.15,2025-02-21 05:40:44
199,leg,Triceps,456,2709,4.73,2025-03-29 13:05:10
67,hand,Biceps,203,1891,2.64,2025-03-29 08:39:28
721,leg,Quadriceps,184,1223,3.15,2025-03-17 09:53:29
834,leg,Biceps,353,1752,3.39,2025-03-08 14:51:25
904,leg,Hamstrings,241,4309,3.21,2025-02-17 05:17:49
933,hand,Hamstrings,321,1600,4.41,2025-03-29 17:54:42
974,hand,Hamstrings,254,3862,0.98,2025-03-16 17:51:14
154,arm,Deltoid,51,686,3.11,2025-02-10 20:14:30
146,leg,Deltoid,263,3946,4.66,2025-02-01 08:16:39
512,leg,Quadriceps,146,2389,1.95,2025-04-01 03:43:18
646,hand,Deltoid,78,2953,1.53,2025-02-14 06:08:39
155,arm,Hamstrings,171,3254,3.98,2025-03-19 03:35:56
153,leg,Biceps,228,3747,3.74,2025-03-16 23:34:03
829,arm,Hamstrings,392,3518,0.59,2025-02-11 19:42:39
373,hand,Gastrocnemius,281,3472,3.71,2025-03-12 06:31:21
167,leg,Triceps,230,644,0.6,2025-02-09 02:56:36
105,leg,Quadriceps,500,3985,5.0,2025-03-25 00:00:51
177,arm,Gastrocnemius,421,4849,0.55,2025-03-20 18:28:42
483,leg,Deltoid,94,1575,0.66,2025-03-19 16:11:58
99,leg,Gastrocnemius,294,3312,4.4,2025-03-13 15:05:02
554,leg,Triceps,432,4994,0.76,2025-03-20 23:51:22
569,leg,Hamstrings,171,3659,0.55,2025-02-01 00:32:08
791,leg,Quadriceps,376,1481,2.05,2025-03-11 10:40:10
179,hand,Hamstrings,348,2226,0.91,2025-03-19 03:00:24
819,hand,Deltoid,295,2380,0.56,2025-02-26 18:19:37
963,arm,Biceps,214,667,4.06,2025-03-31 10:20:59
245,hand,Triceps,173,4617,3.12,2025-02-17 20:06:18
714,hand,Biceps,142,4662,1.97,2025-03-13 13:11:39
196,hand,Triceps,267,2863,1.6,2025-02-14 21:58:34
398,leg,Triceps,444,1248,1.28,2025-02-06 01:43:36
755,hand,Biceps,455,2111,4.94,2025-02-28 12:54:01
281,arm,Triceps,473,824,2.45,2025-02-20 23:54:40
775,arm,Quadriceps,422,2915,3.69,2025-02-23 05:24:40
855,leg,Hamstrings,80,3368,2.57,2025-02-10 10:54:31
391,leg,Deltoid,423,1781,2.71,2025-03-22 15:09:52
483,arm,Triceps,211,3402,4.74,2025-03-27 17:24:35
849,leg,Hamstrings,185,3682,1.66,2025-03-05 17:31:28
603,hand,Gastrocnemius,117,3038,2.95,2025-04-02 08:48:39
189,leg,Biceps,399,2668,1.62,2025-02-07 03:23:05
791,arm,Quadriceps,471,575,2.0,2025-02-09 10:54:02
397,hand,Triceps,110,4146,1.27,2025-02-16 19:29:19
832,arm,Biceps,205,2202,2.26,2025-03-18 09:09:40
188,hand,Hamstrings,302,2040,1.75,2025-03-08 06:57:14
961,leg,Deltoid,145,2191,2.61,2025-02-05 08:40:20
297,arm,Triceps,265,1578,3.03,2025-02-27 01:35:20
45,arm,Biceps,390,2317,1.24,2025-02-01 18:24:39
417,hand,Quadriceps,365,832,0.64,2025-03-08 09:43:12
868,arm,Gastrocnemius,478,1102,0.59,2025-02-05 19:22:42
241,leg,Deltoid,194,3104,1.03,2025-03-05 02:28:44
493,hand,Biceps,72,4729,2.27,2025-02-16 15:40:07
644,hand,Deltoid,491,1387,3.95,2025-03-05 11:49:45
117,arm,Biceps,469,3627,4.78,2025-03-04 19:52:31
38,leg,Quadriceps,207,903,4.31,2025-03-22 22:16:20
85,arm,Hamstrings,425,1637,1.09,2025-02-16 12:19:29
275,leg,Gastrocnemius,163,3956,2.03,2025-02-05 22:08:44
262,arm,Hamstrings,281,4379,0.76,2025-02-15 16:14:56
37,hand,Deltoid,389,1223,3.82,2025-03-03 06:31:06
127,hand,Biceps,207,4587,1.82,2025-03-14 12:35:45
81,leg,Biceps,317,4026,1.52,2025-02-18 04:14:19
552,leg,Quadriceps,411,4197,3.81,2025-03-14 00:39:31
888,leg,Hamstrings,495,2455,1.89,2025-02-04 12:46:08
812,arm,Deltoid,336,1860,0.63,2025-03-30 16:55:43
195,hand,Quadriceps,194,4122,3.46,2025-04-02 07:18:44
190,leg,Triceps,223,1896,3.58,2025-03-23 23:04:22
464,hand,Biceps,462,1287,1.98,2025-02-01 07:01:50
735,leg,Hamstrings,311,3081,4.54,2025-02-27 04:21:40
18,leg,Deltoid,171,2946,2.04,2025-02-16 13:10:04
761,arm,Quadriceps,314,1175,2.46,2025-02-20 00:53:55
926,arm,Deltoid,466,3108,4.36,2025-03-16 13:39:23
29,arm,Biceps,329,3638,4.08,2025-03-26 17:12:41
762,leg,Deltoid,463,4861,2.64,2025-02-06 22:24:53
167,leg,Triceps,207,3250,3.83,2025-02-28 00:38:53
597,leg,Gastrocnemius,143,2622,4.02,2025-02-09 07:35:56
576,leg,Quadriceps,434,1776,3.33,2025-02-08 10:58:56
415,leg,Biceps,71,1621,1.01,2025-02-18 10:28:18
619,leg,Biceps,68,4137,1.62,2025-03-09 13:49:29
331,arm,Gastrocnemius,372,3147,4.0,2025-02-23 12:10:45
50,arm,Deltoid,258,2606,1.26,2025-02-25 15:49:18
295,leg,Triceps,465,4154,2.15,2025-03-02 18:38:50
372,leg,Gastrocnemius,97,4787,3.97,2025-02-19 06:05:45
741,leg,Biceps,412,704,2.98,2025-02-17 23:53:33
567,arm,Gastrocnemius,142,1647,1.66,2025-02-01 10:14:49
709,hand,Biceps,399,1208,3.57,2025-03-11 15:26:18
588,arm,Hamstrings,447,2065,3.19,2025-03-08 00:34:45
643,leg,Triceps,260,893,3.26,2025-03-25 21:58:11
254,arm,Biceps,437,3085,2.23,2025-03-14 05:07:03
774,leg,Quadriceps,493,4367,4.2,2025-03-31 19:11:59
171,arm,Deltoid,156,4591,0.76,2025-02-02 19:10:49
317,hand,Hamstrings,391,1299,4.74,2025-02-22 11:20:46
278,hand,Gastrocnemius,227,2860,0.53,2025-03-10 12:24:49
833,hand,Hamstrings,465,4959,2.8,2025-03-02 16:07:10
931,arm,Deltoid,235,4303,0.56,2025-03-10 05:54:38
633,leg,Hamstrings,109,2753,3.23,2025-02-28 10:08:34
127,hand,Triceps,175,1933,2.15,2025-02-13 18:46:01
888,leg,Triceps,477,4191,1.07,2025-03-06 09:41:21
966,leg,Gastrocnemius,193,973,2.17,2025-03-04 23:13:26
12,hand,Deltoid,295,3246,2.66,2025-03-23 06:24:40
928,leg,Deltoid,103,1975,3.3,2025-03-03 18:47:07
901,arm,Quadriceps,140,2919,3.71,2025-02-14 21:01:48
488,leg,Deltoid,447,2572,0.79,2025-02-02 15:34:07
506,arm,Quadriceps,348,3866,1.03,2025-04-01 22:10:33
808,arm,Hamstrings,492,1594,2.53,2025-03-29 07:40:52
650,leg,Triceps,161,3454,2.65,2025-03-20 16:48:10
101,hand,Hamstrings,201,4932,3.59,2025-03-02 20:51:40
593,hand,Quadriceps,201,2861,3.52,2025-04-02 12:59:19
262,leg,Hamstrings,140,3329,0.53,2025-02-05 16:52:35
317,leg,Biceps,475,4958,4.04,2025-03-24 10:09:33
228,arm,Gastrocnemius,310,2774,2.49,2025-03-01 06:06:52
82,hand,Quadriceps,468,1744,0.71,2025-02-12 07:23:22
656,arm,Biceps,119,1920,4.8,2025-02-04 14:34:03
660,arm,Deltoid,352,3638,0.58,2025-03-10 00:14:38
289,hand,Gastrocnemius,407,1511,2.24,2025-03-14 11:00:00
378,arm,Deltoid,268,1701,1.1,2025-02-26 03:42:58
987,arm,Triceps,468,2791,1.05,2025-03-24 01:50:02
57,leg,Quadriceps,81,4944,4.36,2025-03-23 20:34:02
430,leg,Triceps,357,4216,4.82,2025-03-04 16:11:59
195,leg,Hamstrings,262,567,4.16,2025-02-08 07:30:05
157,arm,Hamstrings,60,4032,2.29,2025-03-30 13:01:04
609,arm,Quadriceps,450,1900,4.04,2025-03-04 10:21:15
653,hand,Hamstrings,113,696,4.65,2025-02-26 02:04:11
326,hand,Biceps,424,3491,3.79,2025-02-28 12:00:11
639,leg,Deltoid,194,1940,4.21,2025-02-05 12:18:44
56,arm,Triceps,440,4198,2.2,2025-03-11 13:44:25
394,leg,Quadriceps,150,857,4.49,2025-03-07 11:42:24
853,arm,Gastrocnemius,59,4288,4.55,2025-02-05 16:42:27
339,leg,Hamstrings,138,3330,0.64,2025-03-17 20:39:06
357,leg,Gastrocnemius,358,3653,4.17,2025-02-03 18:11:39
609,hand,Biceps,189,4550,2.04,2025-03-09 02:21:05
380,hand,Triceps,286,4945,4.38,2025-03-01 13:06:10
939,arm,Hamstrings,389,2867,4.65,2025-03-12 19:13:30
8,hand,Triceps,419,1507,0.9,2025-03-29 00:54:38
31,arm,Biceps,487,3675,1.74,2025-02-09 22:09:59
585,hand,Hamstrings,168,4590,2.13,2025-02-19 05:46:46
302,hand,Biceps,429,4069,4.75,2025-02-23 18:57:00
472,hand,Gastrocnemius,457,1538,1.8,2025-03-15 17:36:53
170,hand,Hamstrings,205,2809,1.72,2025-03-22 03:33:13
86,hand,Gastrocnemius,204,707,4.13,2025-03-27 05:59:21
628,arm,Gastrocnemius,105,1017,2.03,2025-03-22 12:35:44
158,leg,Gastrocnemius,153,1033,1.86,2025-02-04 00:17:18
752,arm,Hamstrings,80,3415,1.48,2025-02-03 15:14:13
47,leg,Hamstrings,378,2974,1.81,2025-02-16 14:25:09
600,arm,Gastrocnemius,189,4240,2.51,2025-03-01 03:41:46
297,hand,Triceps,432,4005,3.65,2025-02-27 00:32:12
919,arm,Hamstrings,199,1979,3.34,2025-03-02 05:11:47
180,leg,Gastrocnemius,198,3957,1.78,2025-02-05 05:42:24
854,arm,Deltoid,142,3579,3.5,2025-02-27 09:02:48
729,arm,Deltoid,480,2337,4.93,2025-03-28 17:58:33
574,leg,Hamstrings,172,4621,4.06,2025-02-16 21:22:29
25,arm,Quadriceps,312,3931,2.1,2025-02-04 04:55:16
623,hand,Deltoid,107,3670,3.26,2025-02-06 01:10:10
608,arm,Deltoid,98,3599,1.43,2025-02-22 12:14:02
914,arm,Quadriceps,70,3131,2.06,2025-03-06 06:45:29
366,hand,Quadriceps,200,2304,3.86,2025-03-23 00:04:50
974,leg,Triceps,176,3767,2.79,2025-03-03 15:31:43
898,leg,Hamstrings,433,1761,3.05,2025-02-07 09:07:49
947,leg,Biceps,267,3661,4.57,2025-03-20 15:16:07
147,leg,Quadriceps,91,1346,3.01,2025-03-21 12:28:46
472,arm,Gastrocnemius,332,1187,2.12,2025-04-01 11:52:01
775,hand,Deltoid,437,1313,0.85,2025-03-31 01:04:11
452,leg,Biceps,319,687,3.87,2025-04-01 14:46:33
211,leg,Triceps,109,2082,0.85,2025-02-12 12:53:33
542,hand,Triceps,112,1124,4.62,2025-04-02 01:05:57
98,hand,Gastrocnemius,322,2926,4.98,2025-03-06 15:23:28
409,leg,Gastrocnemius,100,4842,2.15,2025-03-21 15:55:10
392,leg,Triceps,203,3864,3.62,2025-02-25 11:06:53
813,leg,Triceps,169,2093,0.94,2025-02-15 20:24:07
110,leg,Gastrocnemius,216,840,1.65,2025-03-05 19:43:57
955,leg,Hamstrings,209,2782,4.61,2025-02-23 02:32:57
464,hand,Deltoid,194,4814,0.83,2025-02-17 02:20:23
453,hand,Quadriceps,84,769,1.74,2025-03-07 17:02:07
75,hand,Hamstrings,500,4574,4.07,2025-03-18 17:32:55
532,arm,Deltoid,448,1148,4.56,2025-03-24 03:56:29
49,arm,Gastrocnemius,473,4203,2.75,2025-03-10 04:07:01
287,leg,Gastrocnemius,417,1981,3.9,2025-03-01 05:19:24
805,leg,Gastrocnemius,464,2048,2.72,2025-03-31 16:28:44
306,hand,Deltoid,308,2372,3.38,2025-03-16 12:03:31
377,arm,Hamstrings,229,968,1.64,2025-03-20 06:24:42
229,arm,Gastrocnemius,396,752,3.71,2025-02-01 11:09:10
345,arm,Biceps,402,2859,4.24,2025-03-26 03:49:02
276,leg,Triceps,384,4476,0.98,2025-03-07 10:04:13
148,leg,Triceps,222,978,3.15,2025-03-11 13:15:03
845,leg,Hamstrings,216,1762,4.4,2025-03-06 17:19:41
412,hand,Triceps,293,4868,0.92,2025-03-13 06:06:28
835,hand,Triceps,421,3491,4.48,2025-03-03 13:31:36
129,arm,Gastrocnemius,288,3873,1.51,2025-02-05 08:18:06
291,hand,Quadriceps,105,955,4.91,2025-03-05 13:02:19
626,leg,Deltoid,145,1901,3.23,2025-02-15 03:40:18
200,hand,Triceps,66,4212,3.75,2025-03-27 04:51:11
250,arm,Gastrocnemius,358,2275,2.21,2025-02-20 16:19:59
300,hand,Biceps,336,553,1.85,2025-02-01 05:16:30
439,leg,Deltoid,119,966,0.86,2025-03-11 19:19:17
778,arm,Biceps,152,4221,0.97,2025-03-19 23:51:11
463,arm,Gastrocnemius,204,2930,2.98,2025-02-13 22:50:00
412,arm,Triceps,90,2434,4.97,2025-02-24 13:56:14
702,hand,Gastrocnemius,122,4386,2.09,2025-02-13 18:59:46
156,hand,Deltoid,122,4432,2.54,2025-03-17 07:42:50
333,leg,Quadriceps,253,4572,2.24,2025-04-01 19:31:09
525,leg,Hamstrings,474,4346,0.68,2025-03-26 08:39:20
986,arm,Gastrocnemius,484,1936,2.09,2025-02-01 22:08:05
783,hand,Gastrocnemius,136,1080,3.99,2025-02-14 00:16:56
710,hand,Hamstrings,388,4876,3.68,2025-02-12 05:33:34
403,arm,Quadriceps,200,4105,3.11,2025-03-19 22:00:04
381,arm,Quadriceps,271,3552,2.04,2025-02-02 08:51:43
501,hand,Deltoid,94,2840,0.77,2025-02-06 01:45:43
353,hand,Gastrocnemius,467,3334,3.71,2025-03-02 22:47:39
688,leg,Triceps,155,3326,3.7,2025-03-06 09:44:41
234,arm,Quadriceps,157,2392,0.75,2025-03-21 00:24:23
726,hand,Hamstrings,78,1519,4.6,2025-02-08 12:37:06
168,hand,Gastrocnemius,242,3180,2.6,2025-03-10 02:41:53
455,arm,Triceps,300,1359,2.92,2025-02-01 10:02:47
314,leg,Biceps,387,3664,0.7,2025-02-18 20:34:46
309,arm,Gastrocnemius,351,4747,0.98,2025-02-15 04:19:57
658,hand,Hamstrings,410,3379,2.06,2025-02-28 22:23:52
750,arm,Deltoid,153,4735,3.03,2025-02-22 05:01:05
636,arm,Triceps,451,2578,3.72,2025-02-05 15:09:53
792,arm,Gastrocnemius,104,1263,0.85,2025-03-04 16:49:21
243,leg,Deltoid,110,4597,1.49,2025-02-07 13:26:09
917,leg,Deltoid,129,3648,3.01,2025-03-02 06:24:53
176,arm,Triceps,322,4802,3.31,2025-03-28 20:20:03
62,hand,Gastrocnemius,267,652,3.5,2025-03-18 04:56:39
984,leg,Quadriceps,439,1738,3.05,2025-03-14 15:08:55
469,arm,Quadriceps,278,2868,4.74,2025-02-03 09:07:49
227,hand,Gastrocnemius,266,2051,1.44,2025-02-16 21:03:45
580,leg,Deltoid,356,4394,4.98,2025-04-01 05:20:15
208,arm,Biceps,191,3226,4.88,2025-03-21 08:17:40
494,arm,Biceps,269,2419,2.01,2025-02-15 07:45:28
779,leg,Deltoid,169,3037,2.25,2025-02-23 06:12:50
83,arm,Gastrocnemius,449,2333,1.29,2025-03-15 23:06:37
515,arm,Quadriceps,500,3308,2.4,2025-02-09 08:20:52
88,hand,Hamstrings,107,1373,4.58,2025-03-06 15:01:05
562,hand,Biceps,418,1147,0.8,2025-02-12 17:26:47
860,hand,Hamstrings,305,3402,2.67,2025-03-06 16:56:04
349,leg,Triceps,223,544,3.97,2025-02-22 10:09:28
552,arm,Gastrocnemius,194,1910,1.08,2025-02-01 01:45:01
521,arm,Deltoid,473,4054,3.97,2025-03-23 04:10:09
319,arm,Hamstrings,436,2570,1.28,2025-03-07 20:30:39
528,arm,Biceps,203,4017,0.76,2025-02-11 13:04:33
582,hand,Hamstrings,236,3993,4.65,2025-03-08 14:03:15
368,hand,Gastrocnemius,456,2336,2.72,2025-02-13 06:25:57
288,hand,Quadriceps,222,563,2.29,2025-03-18 17:02:51
72,arm,Deltoid,272,3144,2.55,2025-04-01 00:22:12
174,hand,Gastrocnemius,194,997,4.99,2025-03-15 20:44:54
170,arm,Triceps,180,1851,0.68,2025-02-28 10:47:57
255,arm,Quadriceps,62,1702,2.6,2025-02-13 20:09:43
325,leg,Quadriceps,295,1142,3.68,2025-03-01 01:47:19
544,arm,Quadriceps,114,2508,2.85,2025-02-23 06:41:42
966,arm,Deltoid,79,3596,1.51,2025-03-31 21:23:26
240,leg,Triceps,156,3897,3.82,2025-03-10 04:41:22
538,hand,Triceps,135,1676,1.91,2025-02-12 05:40:10
125,arm,Deltoid,96,2948,3.32,2025-03-08 19:01:18
558,leg,Gastrocnemius,132,1786,2.73,2025-03-28 22:17:27
331,hand,Deltoid,383,3248,1.88,2025-02-01 07:27:20
307,hand,Gastrocnemius,359,3782,3.42,2025-02-08 08:21:40
457,arm,Deltoid,425,3376,2.88,2025-04-02 07:52:13
303,leg,Hamstrings,449,2568,2.97,2025-02-01 13:27:59
117,arm,Deltoid,378,903,1.27,2025-02-21 00:11:47
759,hand,Hamstrings,493,2162,4.59,2025-03-11 13:38:06
90,arm,Hamstrings,438,2193,4.04,2025-02-01 14:21:00
8,leg,Quadriceps,51,4540,4.05,2025-03-12 09:08:26
344,hand,Deltoid,175,4354,2.25,2025-03-31 19:22:00
301,leg,Quadriceps,334,3197,0.95,2025-03-02 11:59:23
221,leg,Triceps,268,690,1.7,2025-03-12 18:41:42
940,hand,Deltoid,426,3324,4.43,2025-04-02 02:59:25
843,arm,Quadriceps,205,4681,4.3,2025-03-22 12:41:58
191,arm,Biceps,97,662,1.94,2025-03-17 22:48:01
403,hand,Hamstrings,446,1692,4.15,2025-03-14 14:47:50
524,hand,Biceps,95,1402,1.77,2025-03-27 17:30:57
583,hand,Deltoid,52,1075,2.94,2025-02-27 21:00:30
346,leg,Quadriceps,299,1147,3.84,2025-02-14 00:20:27
549,arm,Triceps,129,1021,1.54,2025-03-20 17:55:32
579,hand,Triceps,268,1521,1.68,2025-02-17 18:28:37
334,hand,Deltoid,348,4086,2.48,2025-03-26 16:47:09
537,leg,Quadriceps,143,1298,2.57,2025-03-29 15:59:10
595,leg,Quadriceps,331,898,4.85,2025-03-17 17:24:56
350,arm,Deltoid,369,2805,1.82,2025-03-29 20:13:12
734,leg,Gastrocnemius,325,4885,4.75,2025-02-20 08:20:26
544,leg,Deltoid,411,1223,3.89,2025-02-28 07:26:19
424,hand,Gastrocnemius,229,1023,4.45,2025-02-04 21:53:44
48,arm,Biceps,376,3409,4.45,2025-03-22 01:14:57
249,arm,Gastrocnemius,158,1323,1.83,2025-02-21 23:09:43
810,hand,Hamstrings,256,1307,0.61,2025-02-16 08:31:33
87,hand,Biceps,122,4648,1.79,2025-03-10 06:43:53
370,leg,Biceps,264,1130,2.95,2025-04-02 08:42:51
771,hand,Quadriceps,275,3622,2.86,2025-04-01 17:36:53
991,leg,Biceps,163,2046,2.89,2025-02-12 19:28:10
463,hand,Quadriceps,92,2769,2.02,2025-02-27 14:25:23
964,hand,Hamstrings,462,4948,2.57,2025-03-15 15:56:54
858,hand,Triceps,235,4335,4.09,2025-02-07 19:42:26
314,hand,Triceps,394,4136,2.37,2025-02-11 09:49:48
147,leg,Quadriceps,107,2543,0.83,2025-03-26 00:15:47
550,hand,Gastrocnemius,355,3900,2.62,2025-02-23 20:54:33
191,arm,Quadriceps,240,2907,2.01,2025-02-26 10:28:33
311,leg,Gastrocnemius,147,1464,2.55,2025-03-16 02:33:45
16,leg,Biceps,368,4835,4.36,2025-02-04 05:01:51
830,arm,Triceps,232,3580,1.03,2025-02-06 17:33:04
344,arm,Triceps,407,3317,4.29,2025-03-29 01:59:35
767,leg,Biceps,449,2915,2.54,2025-02-15 23:36:17
986,arm,Gastrocnemius,107,4314,4.67,2025-02-04 09:06:31
496,leg,Triceps,345,1209,1.39,2025-03-05 04:36:02
251,leg,Deltoid,203,3511,2.56,2025-03-20 08:22:03
476,leg,Triceps,339,1891,1.65,2025-03-02 12:30:36
464,arm,Deltoid,252,1096,4.94,2025-03-03 12:13:03
891,hand,Deltoid,200,3153,0.84,2025-02-19 13:04:52
298,leg,Triceps,179,2283,1.55,2025-03-22 14:31:32
457,leg,Hamstrings,499,3685,3.44,2025-03-17 10:02:39
94,leg,Hamstrings,72,4307,0.65,2025-03-05 21:43:10
57,leg,Biceps,158,3958,1.23,2025-03-29 08:54:20
397,leg,Hamstrings,269,3615,3.37,2025-03-30 04:23:46
447,leg,Deltoid,255,2633,1.1,2025-02-08 14:31:09
57,arm,Hamstrings,475,2837,2.31,2025-03-29 19:59:07
662,arm,Triceps,59,3913,3.66,2025-02-16 14:51:21
55,hand,Hamstrings,305,3539,1.21,2025-02-27 06:56:24
686,hand,Triceps,331,4132,0.84,2025-02-11 23:49:18
739,leg,Deltoid,87,2807,0.82,2025-02-20 12:43:53
444,leg,Gastrocnemius,86,3686,1.48,2025-03-10 11:34:37
868,arm,Quadriceps,286,4675,1.37,2025-02-17 06:48:07
513,hand,Deltoid,67,2025,3.37,2025-03-28 21:10:27
580,leg,Deltoid,61,3543,1.24,2025-03-27 10:26:56
714,leg,Quadriceps,231,3765,0.82,2025-02-28 00:46:44
280,arm,Biceps,153,3276,3.8,2025-02-15 10:51:53
328,arm,Quadriceps,365,2662,2.44,2025-03-29 10:55:40
839,arm,Deltoid,484,1221,3.82,2025-02-09 03:05:40
989,hand,Hamstrings,306,3468,0.78,2025-02-18 12:32:50
499,leg,Deltoid,144,4950,1.94,2025-03-28 10:02:34
774,arm,Gastrocnemius,133,2248,2.69,2025-03-22 03:00:03
354,hand,Triceps,269,2370,0.83,2025-02-20 02:42:37
213,leg,Gastrocnemius,199,716,3.55,2025-03-17 05:12:22
490,leg,Deltoid,437,4744,1.77,2025-03-05 14:17:24
353,leg,Biceps,377,950,2.75,2025-02-28 04:15:49
525,arm,Deltoid,408,4021,1.58,2025-02-10 00:23:07
257,arm,Quadriceps,333,4687,1.75,2025-02-12 10:18:33
18,leg,Gastrocnemius,224,3603,3.13,2025-02-02 16:30:59
299,leg,Biceps,308,767,2.38,2025-02-11 19:28:20
199,leg,Deltoid,408,1929,2.25,2025-03-19 13:26:32
454,hand,Quadriceps,405,2837,3.99,2025-03-30 14:44:16
804,hand,Deltoid,428,1205,1.52,2025-03-26 02:34:55
292,hand,Deltoid,391,3741,4.23,2025-02-08 02:52:32
688,leg,Quadriceps,320,4470,4.27,2025-03-12 07:50:21
298,arm,Deltoid,104,3088,2.03,2025-03-09 09:50:26
244,arm,Biceps,451,2247,3.93,2025-03-10 12:06:48
535,arm,Hamstrings,96,1090,4.4,2025-03-31 15:14:46
174,leg,Gastrocnemius,366,4384,4.72,2025-04-01 13:45:52
291,arm,Quadriceps,380,1262,2.88,2025-03-06 08:33:32
161,leg,Quadriceps,158,602,4.13,2025-02-13 18:06:14
457,arm,Gastrocnemius,226,1617,0.81,2025-03-18 02:06:06
78,hand,Biceps,233,4556,2.82,2025-02-08 04:47:36
343,leg,Biceps,384,2897,2.77,2025-02-23 10:21:29
440,hand,Biceps,369,1114,4.17,2025-02-19 16:54:07
281,arm,Triceps,491,4064,2.85,2025-03-26 02:08:35
93,arm,Triceps,311,665,2.63,2025-02-27 03:27:57
647,arm,Quadriceps,248,831,3.94,2025-02-03 15:32:43
494,hand,Quadriceps,472,2693,3.6,2025-03-19 04:05:37
165,arm,Hamstrings,395,3473,1.82,2025-02-04 08:40:05
98,leg,Biceps,497,2407,2.45,2025-03-09 07:14:31
556,arm,Hamstrings,186,3946,4.21,2025-03-31 05:03:12
456,arm,Triceps,144,1701,1.21,2025-03-31 17:02:08
312,leg,Quadriceps,261,3315,1.43,2025-02-24 23:36:40
53,hand,Deltoid,310,2741,4.08,2025-04-01 22:16:51
445,arm,Triceps,436,2776,1.13,2025-03-21 05:08:13
845,hand,Quadriceps,366,1985,0.61,2025-02-28 07:08:01
862,arm,Gastrocnemius,482,4156,2.34,2025-03-14 17:40:37
166,leg,Deltoid,253,502,1.8,2025-02-10 03:27:55
103,leg,Hamstrings,404,4545,3.44,2025-02-25 07:26:46
572,hand,Gastrocnemius,163,2774,2.17,2025-02-21 19:40:59
778,hand,Gastrocnemius,221,4829,1.88,2025-02-10 08:09:36
817,leg,Gastrocnemius,454,4565,3.71,2025-02-17 20:34:36
99,arm,Deltoid,359,1985,2.34,2025-02-26 17:48:38
405,hand,Triceps,320,4368,1.84,2025-03-31 02:58:21
14,arm,Deltoid,276,2990,2.14,2025-03-06 16:53:19
914,arm,Gastrocnemius,483,2278,3.83,2025-03-01 00:19:32
93,hand,Hamstrings,96,2973,1.83,2025-03-22 15:27:03
236,leg,Deltoid,249,3034,3.42,2025-03-21 19:55:51
20,arm,Deltoid,168,741,2.28,2025-02-02 10:09:39
614,leg,Deltoid,492,3425,4.58,2025-02-05 10:19:44
904,arm,Quadriceps,128,3417,2.61,2025-03-25 18:13:13
75,arm,Quadriceps,228,3699,4.43,2025-02-16 10:30:59
323,arm,Quadriceps,276,1139,1.76,2025-02-24 04:41:03
176,leg,Deltoid,424,4786,3.92,2025-03-31 01:06:02
797,hand,Hamstrings,208,4241,2.73,2025-02-19 18:27:08
894,arm,Quadriceps,214,2426,4.12,2025-03-20 07:19:13
208,hand,Hamstrings,105,2841,3.51,2025-03-03 15:58:06
432,leg,Deltoid,91,4006,0.51,2025-03-27 09:52:42
480,hand,Triceps,323,3680,1.75,2025-03-08 18:23:35
831,leg,Hamstrings,347,3795,3.28,2025-02-16 06:28:12
675,arm,Biceps,348,3215,4.89,2025-02-26 12:06:29
132,hand,Biceps,388,1882,1.56,2025-03-03 22:26:57
481,hand,Gastrocnemius,311,1456,4.45,2025-03-22 16:46:27
943,arm,Deltoid,167,1252,1.33,2025-02-28 20:05:19
957,arm,Quadriceps,187,1856,2.04,2025-03-08 14:14:56
557,arm,Quadriceps,456,4865,2.87,2025-02-25 06:33:03
641,arm,Deltoid,457,1483,2.95,2025-02-09 21:03:54
429,hand,Triceps,371,4708,2.41,2025-03-16 01:35:25
202,leg,Gastrocnemius,157,3704,3.14,2025-02-11 02:51:10
287,leg,Gastrocnemius,327,4553,4.32,2025-03-15 08:50:50
672,arm,Quadriceps,355,1184,1.23,2025-03-07 02:17:20
339,arm,Gastrocnemius,383,2800,2.0,2025-03-09 04:07:36
171,hand,Biceps,77,3845,3.3,2025-03-18 15:42:51
394,hand,Biceps,106,2505,3.95,2025-02-02 07:02:09
229,leg,Quadriceps,139,1654,1.65,2025-02-24 00:13:55
499,hand,Hamstrings,270,1054,2.81,2025-03-22 02:47:56
556,arm,Quadriceps,409,3357,2.75,2025-03-21 05:58:48
892,arm,Deltoid,210,1184,2.22,2025-03-09 22:06:51
801,arm,Gastrocnemius,162,3746,1.79,2025-03-19 04:30:20
198,hand,Biceps,148,4655,4.51,2025-03-30 05:40:35
413,leg,Gastrocnemius,54,3745,1.67,2025-02-04 00:44:14
570,hand,Quadriceps,275,2871,1.18,2025-02-04 07:20:46
111,leg,Biceps,364,3087,1.63,2025-03-29 11:40:38
804,arm,Biceps,254,967,1.57,2025-03-29 09:51:08
680,arm,Triceps,136,4948,2.13,2025-03-25 09:41:24
482,hand,Quadriceps,354,4373,4.46,2025-02-15 12:22:05
649,hand,Quadriceps,261,4430,0.8,2025-02-03 12:45:41
472,hand,Biceps,102,4548,0.77,2025-02-09 05:02:12
798,leg,Hamstrings,281,3536,2.03,2025-02-14 22:08:35
497,leg,Triceps,254,3920,2.05,2025-02-17 12:57:25
615,leg,Biceps,332,4451,2.29,2025-02-14 19:00:25
201,hand,Biceps,222,4059,2.13,2025-04-01 22:33:33
852,leg,Deltoid,202,3254,3.92,2025-03-07 15:56:15
579,leg,Gastrocnemius,339,588,2.45,2025-02-24 00:09:05
696,hand,Hamstrings,172,4843,3.82,2025-03-08 15:30:58
564,arm,Deltoid,143,927,0.75,2025-02-20 05:22:52
275,hand,Gastrocnemius,336,588,4.27,2025-02-02 20:38:22
440,arm,Triceps,239,4263,2.91,2025-03-18 06:38:50
82,arm,Triceps,366,4791,4.7,2025-02-13 12:11:41
31,hand,Gastrocnemius,415,2646,4.74,2025-02-06 21:37:42
551,arm,Deltoid,87,2459,2.64,2025-03-22 06:53:02
282,arm,Triceps,431,2422,3.02,2025-03-13 17:20:49
81,hand,Hamstrings,475,2766,4.95,2025-03-26 22:39:32
581,leg,Hamstrings,240,505,2.9,2025-03-10 23:19:01
826,hand,Triceps,350,2610,3.58,2025-02-22 15:10:06
943,leg,Gastrocnemius,415,3224,2.22,2025-02-10 13:40:49
428,hand,Biceps,392,754,3.95,2025-02-26 15:43:54
544,hand,Quadriceps,268,3999,1.32,2025-03-02 08:54:22
585,leg,Gastrocnemius,497,707,2.64,2025-03-18 22:59:16
200,hand,Hamstrings,304,645,2.85,2025-03-06 21:34:59
230,arm,Gastrocnemius,111,593,2.79,2025-02-02 20:19:03
863,arm,Triceps,341,1579,1.89,2025-03-03 06:55:26
428,leg,Deltoid,469,2814,2.64,2025-02-25 21:20:27
198,leg,Biceps,297,1542,3.91,2025-03-27 00:47:47
963,leg,Biceps,481,2662,4.03,2025-03-26 17:48:43
195,leg,Triceps,363,641,1.6,2025-02-23 17:56:18
519,leg,Biceps,211,4252,2.25,2025-02-27 03:53:13
997,leg,Hamstrings,440,2370,4.19,2025-03-27 22:58:57
742,arm,Deltoid,372,3206,1.08,2025-02-03 02:24:44
936,arm,Deltoid,176,4915,3.26,2025-03-02 19:36:38
402,hand,Triceps,194,959,1.6,2025-02-05 22:19:04
187,arm,Quadriceps,298,4522,2.7,2025-03-12 17:42:15
175,hand,Hamstrings,424,2884,2.98,2025-03-03 13:31:24
209,leg,Deltoid,473,3536,2.05,2025-02-27 09:38:27
23,hand,Deltoid,390,910,4.27,2025-02-16 11:03:05
738,leg,Gastrocnemius,407,4527,1.53,2025-03-04 03:39:35
476,hand,Triceps,347,4176,0.88,2025-03-17 19:40:15
475,hand,Triceps,296,1283,0.55,2025-03-08 09:25:59
437,arm,Biceps,256,3826,2.31,2025-02-22 05:05:13
772,hand,Biceps,183,1681,2.4,2025-02-28 15:42:45
938,arm,Deltoid,146,2032,2.01,2025-02-03 05:24:42
344,arm,Quadriceps,302,3442,2.6,2025-02-18 01:44:45
537,hand,Hamstrings,65,1049,3.23,2025-02-24 23:51:04
804,leg,Quadriceps,218,3376,4.34,2025-02-26 05:56:05
299,leg,Triceps,318,713,0.85,2025-02-19 04:12:39
422,hand,Deltoid,144,2663,3.46,2025-04-02 08:48:14
812,arm,Quadriceps,174,3154,2.97,2025-03-28 01:43:14
527,arm,Triceps,249,2889,3.2,2025-03-03 14:06:38
591,arm,Triceps,164,4507,0.69,2025-03-11 07:39:02
652,hand,Triceps,205,1607,4.33,2025-03-17 04:05:18
765,arm,Quadriceps,463,641,4.57,2025-02-25 00:23:25
345,arm,Biceps,483,3643,3.35,2025-03-02 01:12:01
366,arm,Hamstrings,483,4410,2.19,2025-02-16 12:36:19
314,hand,Triceps,495,4294,4.73,2025-02-05 19:13:50
937,hand,Gastrocnemius,401,4759,4.93,2025-03-14 05:26:23
161,hand,Triceps,307,2884,3.32,2025-02-08 23:53:58
148,hand,Quadriceps,441,991,1.11,2025-02-19 14:10:32
408,leg,Quadriceps,364,4112,4.74,2025-02-17 00:11:09
169,arm,Deltoid,271,3057,4.85,2025-03-17 15:34:07
127,arm,Triceps,261,2637,2.41,2025-02-04 15:45:53
489,hand,Gastrocnemius,129,4149,4.93,2025-02-25 01:38:15
364,arm,Quadriceps,304,655,1.35,2025-03-29 07:10:14
820,hand,Deltoid,436,1600,1.1,2025-02-17 23:40:02
44,hand,Deltoid,479,2331,4.01,2025-02-13 04:28:11
733,leg,Hamstrings,317,3153,3.56,2025-03-22 04:54:38
140,arm,Biceps,345,3287,3.34,2025-02-06 21:58:22
163,hand,Biceps,90,3818,1.64,2025-02-26 08:21:20
140,hand,Gastrocnemius,215,1538,4.9,2025-03-28 04:12:51
11,hand,Hamstrings,256,3347,3.02,2025-04-01 03:36:04
635,leg,Gastrocnemius,260,800,2.7,2025-02-23 07:17:04
520,hand,Hamstrings,51,1290,4.69,2025-03-24 10:26:06
401,hand,Quadriceps,171,3935,1.68,2025-04-01 22:23:53
140,hand,Deltoid,294,2030,3.52,2025-02-01 06:26:31
951,leg,Deltoid,375,684,0.53,2025-03-21 16:52:55
995,leg,Deltoid,411,3258,4.78,2025-02-21 01:47:42
167,hand,Biceps,436,2497,3.98,2025-03-06 16:55:53
591,leg,Hamstrings,283,4319,3.55,2025-02-12 05:11:14
855,leg,Biceps,193,719,2.89,2025-03-21 19:50:59
411,arm,Quadriceps,86,4280,0.54,2025-02-03 02:45:36
163,leg,Quadriceps,79,1127,2.98,2025-02-28 02:15:34
510,arm,Gastrocnemius,64,1139,2.01,2025-03-12 05:07:06
94,arm,Deltoid,399,1844,3.23,2025-02-20 22:10:28
332,hand,Deltoid,331,2503,2.79,2025-03-20 20:08:11
914,hand,Deltoid,75,2313,4.75,2025-02-25 00:12:58
42,hand,Deltoid,378,548,2.96,2025-02-02 15:56:58
524,leg,Hamstrings,283,3000,1.12,2025-03-12 10:38:38
923,arm,Deltoid,471,2194,0.86,2025-02-04 16:08:09
774,leg,Triceps,375,885,4.69,2025-03-06 03:36:48
642,arm,Triceps,479,3433,1.92,2025-02-16 23:17:12
583,hand,Quadriceps,154,1774,1.52,2025-03-03 12:54:19
196,leg,Biceps,135,2499,0.92,2025-03-06 11:42:45
15,leg,Gastrocnemius,280,2578,1.13,2025-02-11 16:11:41
384,leg,Triceps,350,3249,1.13,2025-02-05 18:27:38
318,leg,Quadriceps,231,3634,1.16,2025-03-16 01:31:34
59,arm,Triceps,369,2334,0.76,2025-03-25 02:36:45
692,hand,Gastrocnemius,453,4077,0.79,2025-03-06 08:20:58
264,leg,Biceps,481,4587,0.97,2025-03-01 16:59:31
54,arm,Gastrocnemius,145,2898,2.0,2025-02-22 08:10:22
36,hand,Hamstrings,350,3926,0.76,2025-02-05 19:34:17
550,leg,Biceps,215,1570,1.59,2025-03-12 17:46:29
729,leg,Biceps,422,1970,2.96,2025-04-01 10:54:29
321,hand,Hamstrings,373,2670,2.95,2025-02-03 08:57:36
788,leg,Triceps,414,3722,3.39,2025-02-14 19:57:33
2,arm,Triceps,497,3449,3.79,2025-03-08 12:17:15
602,arm,Hamstrings,123,3273,4.94,2025-02-13 01:13:51
176,arm,Biceps,100,1626,1.6,2025-03-15 09:31:47
768,hand,Quadriceps,366,2485,4.29,2025-03-29 12:17:18
532,leg,Gastrocnemius,231,2874,3.44,2025-03-09 21:24:27
746,hand,Gastrocnemius,150,4437,1.33,2025-02-24 07:47:18
662,leg,Hamstrings,113,3292,4.98,2025-02-19 03:30:05
473,leg,Gastrocnemius,112,664,2.66,2025-03-30 03:50:15
948,arm,Deltoid,392,2820,4.99,2025-03-26 13:49:42
79,leg,Gastrocnemius,207,2814,1.26,2025-03-18 10:08:49
397,hand,Deltoid,237,4926,2.27,2025-03-15 03:14:45
909,leg,Triceps,408,4432,3.25,2025-04-02 05:47:22
638,hand,Triceps,212,2953,4.16,2025-03-01 04:07:37
859,leg,Hamstrings,312,4644,2.41,2025-02-06 05:13:57
93,arm,Quadriceps,447,1618,1.35,2025-02-11 18:01:05
136,leg,Deltoid,113,4860,1.53,2025-03-31 11:11:42
609,arm,Gastrocnemius,338,4825,3.04,2025-03-17 21:55:55
708,arm,Gastrocnemius,144,4518,4.55,2025-03-06 09:26:45
548,arm,Gastrocnemius,186,4359,4.64,2025-02-10 17:18:04
749,arm,Triceps,259,1544,3.63,2025-03-25 01:25:54
839,arm,Hamstrings,360,4655,2.04,2025-03-11 20:11:43
622,leg,Biceps,387,2754,1.92,2025-03-26 10:21:07
197,leg,Gastrocnemius,379,4471,3.1,2025-03-08 15:10:54
387,leg,Deltoid,379,3546,2.64,2025-02-17 15:40:16
310,hand,Gastrocnemius,155,1028,1.83,2025-03-18 11:45:33
142,leg,Quadriceps,281,1643,3.4,2025-03-03 04:39:58
711,hand,Biceps,381,2030,3.63,2025-03-22 14:38:43
185,hand,Hamstrings,90,4028,4.7,2025-03-26 15:32:16
176,leg,Deltoid,63,2100,0.51,2025-02-04 18:54:49
317,hand,Deltoid,147,1657,3.3,2025-03-22 10:06:43
286,arm,Gastrocnemius,395,2744,0.96,2025-03-30 20:55:37
714,leg,Deltoid,481,2140,1.61,2025-03-28 00:33:15
367,arm,Hamstrings,158,2434,1.61,2025-03-11 10:31:20
442,hand,Biceps,452,3939,4.79,2025-03-12 03:55:45
480,arm,Hamstrings,192,1973,3.42,2025-02-03 17:48:26
630,hand,Deltoid,94,4458,3.51,2025-03-17 02:52:36
911,arm,Gastrocnemius,451,2440,2.58,2025-03-01 22:55:35
928,arm,Hamstrings,456,4726,1.63,2025-03-24 20:13:14
765,leg,Triceps,470,3567,0.7,2025-02-06 19:19:14
926,leg,Hamstrings,331,2923,4.59,2025-02-04 13:52:13
594,hand,Hamstrings,475,1979,2.09,2025-03-08 02:46:17
14,arm,Deltoid,499,2685,0.82,2025-02-01 05:27:11
502,hand,Biceps,211,4284,1.13,2025-03-15 18:47:44
634,leg,Gastrocnemius,146,1626,1.52,2025-03-15 02:59:50
53,arm,Hamstrings,54,4663,2.41,2025-03-13 08:53:03
378,leg,Biceps,402,3431,1.34,2025-03-07 20:55:25
826,leg,Quadriceps,84,2389,1.09,2025-03-16 18:07:04
656,arm,Gastrocnemius,419,2172,0.93,2025-02-10 09:09:10
441,arm,Hamstrings,414,2976,2.15,2025-03-06 10:51:46
380,arm,Biceps,405,826,2.66,2025-03-15 06:19:25
372,leg,Hamstrings,174,2320,3.22,2025-03-30 03:24:01
364,leg,Gastrocnemius,348,2040,4.08,2025-03-01 17:10:22
300,arm,Quadriceps,388,3896,1.73,2025-04-02 19:04:48
999,hand,Quadriceps,57,4865,4.54,2025-03-08 02:23:47
847,hand,Gastrocnemius,80,4065,4.04,2025-03-16 08:02:40
679,leg,Biceps,371,1256,3.38,2025-02-02 02:30:39
934,hand,Quadriceps,258,2838,4.89,2025-03-24 00:49:04
172,leg,Triceps,59,2471,2.48,2025-03-12 07:12:40
502,leg,Deltoid,432,2106,2.9,2025-02-16 19:49:09
351,hand,Triceps,56,3240,2.28,2025-02-14 03:25:41
450,hand,Hamstrings,160,3449,4.55,2025-03-09 02:01:08
558,arm,Deltoid,327,3882,4.67,2025-02-23 07:46:02
117,arm,Quadriceps,310,877,3.18,2025-03-24 09:19:43
538,leg,Triceps,321,4919,4.19,2025-02-11 10:58:44
303,hand,Hamstrings,294,3966,3.93,2025-02-07 16:03:50
303,leg,Biceps,454,1676,3.9,2025-02-02 11:42:10
883,hand,Quadriceps,170,4125,1.45,2025-03-19 19:19:05
295,arm,Triceps,104,2904,3.36,2025-03-18 07:31:11
324,hand,Triceps,272,3932,1.91,2025-03-18 20:07:56
47,leg,Quadriceps,455,1613,2.85,2025-02-27 07:16:47
489,hand,Biceps,228,4308,3.26,2025-03-20 06:15:32
93,hand,Triceps,121,846,3.09,2025-03-07 13:33:11
745,hand,Deltoid,103,3806,2.34,2025-03-03 11:03:51
259,leg,Hamstrings,325,2028,4.68,2025-03-07 03:51:29
762,arm,Triceps,298,4832,4.2,2025-02-11 22:08:52
201,hand,Deltoid,464,703,1.03,2025-03-01 02:44:33
784,leg,Hamstrings,291,4636,4.1,2025-02-02 08:08:45
973,leg,Quadriceps,160,2011,1.76,2025-02-16 07:36:54
477,hand,Triceps,470,2470,1.44,2025-03-20 15:13:39
877,arm,Biceps,318,1923,1.5,2025-03-02 07:41:14
511,arm,Quadriceps,66,2204,3.04,2025-03-08 05:08:23
545,arm,Gastrocnemius,275,3355,4.6,2025-03-01 08:29:24
561,leg,Gastrocnemius,177,583,3.61,2025-03-05 18:47:05
527,arm,Quadriceps,491,4315,2.11,2025-03-21 01:16:11
498,leg,Quadriceps,161,950,4.66,2025-03-11 18:03:09
427,arm,Hamstrings,387,4714,0.59,2025-03-22 07:02:03
505,hand,Biceps,136,3251,3.13,2025-03-26 14:08:52
794,arm,Deltoid,375,4963,3.47,2025-02-10 09:20:03
673,hand,Deltoid,462,4222,3.21,2025-02-21 12:51:00
326,leg,Gastrocnemius,443,2972,0.51,2025-02-14 23:34:41
775,hand,Hamstrings,376,1646,3.33,2025-02-03 17:09:19
574,hand,Deltoid,144,737,3.99,2025-02-24 17:25:31
732,arm,Hamstrings,325,4623,1.41,2025-03-05 07:40:22
517,hand,Quadriceps,144,4338,1.93,2025-02-18 05:50:29
964,leg,Quadriceps,172,2046,4.4,2025-02-02 16:26:10
115,leg,Deltoid,91,3500,2.59,2025-02-17 09:08:45
689,arm,Biceps,367,4899,4.77,2025-03-25 14:26:03
265,hand,Triceps,118,2031,1.72,2025-03-12 14:36:22
217,leg,Biceps,372,3663,0.88,2025-02-07 01:34:37
19,hand,Quadriceps,379,4584,3.72,2025-02-05 14:24:53
694,hand,Biceps,471,779,1.6,2025-02-13 12:03:20
197,leg,Triceps,226,4527,1.24,2025-02-19 12:19:36
390,leg,Hamstrings,56,4524,0.98,2025-03-29 20:48:03
752,arm,Quadriceps,389,2835,0.57,2025-03-25 03:50:04
140,leg,Hamstrings,498,4499,2.52,2025-03-12 23:12:52
753,arm,Deltoid,226,722,2.33,2025-02-23 05:58:25
314,hand,Quadriceps,62,1872,1.56,2025-03-10 01:47:34
929,hand,Deltoid,311,2460,0.57,2025-02-28 18:46:35
938,leg,Triceps,160,1777,3.83,2025-03-16 07:10:54
200,hand,Hamstrings,323,1983,1.89,2025-02-24 05:57:37
20,arm,Hamstrings,132,798,3.69,2025-03-22 22:37:02
657,hand,Deltoid,445,4366,3.47,2025-02-26 15:20:53
783,arm,Hamstrings,139,3817,1.81,2025-03-21 07:26:03
249,arm,Gastrocnemius,160,2793,4.97,2025-03-14 23:33:15
833,arm,Hamstrings,430,3988,2.47,2025-03-04 13:38:05
809,arm,Quadriceps,105,4463,3.08,2025-02-23 04:00:55
275,hand,Deltoid,463,4840,0.69,2025-03-07 13:40:22
93,arm,Triceps,154,4639,3.14,2025-03-03 21:46:47
536,leg,Triceps,482,2616,4.94,2025-02-16 20:16:07
464,arm,Biceps,474,1713,3.64,2025-02-09 13:56:23
791,leg,Biceps,254,3824,0.58,2025-02-18 03:52:24
610,leg,Biceps,196,1028,3.58,2025-03-27 05:41:48
268,hand,Deltoid,142,4840,2.4,2025-03-21 16:37:55
650,arm,Quadriceps,137,769,3.67,2025-02-18 16:45:26
72,arm,Gastrocnemius,390,2091,4.73,2025-02-14 00:42:00
476,arm,Quadriceps,489,880,3.53,2025-02-21 05:51:16
562,arm,Hamstrings,76,2503,1.61,2025-02-05 15:06:03
599,hand,Triceps,289,4282,4.77,2025-02-15 18:30:34
540,leg,Deltoid,494,1209,2.91,2025-03-27 15:39:11
212,hand,Gastrocnemius,119,660,0.8,2025-03-05 14:06:39
64,hand,Biceps,218,818,4.6,2025-02-26 07:33:03
509,hand,Quadriceps,253,2485,3.91,2025-03-07 07:19:43
388,leg,Triceps,260,1825,4.02,2025-02-02 09:10:56
984,leg,Triceps,194,1830,0.65,2025-04-01 06:12:30