id,name,email,age,gender,country,address,phone
1,Svetlana Lopez,svetlana.lopez1@example.com,19,Female,Netherlands,"2287 Main St, Amsterdam",+9-189-704-7912
2,Paige Moore,paige.moore2@example.com,23,Male,Netherlands,"9864 Main St, Mumbai",+9-303-833-9928
3,Dmitry Johnson,dmitry.johnson3@example.com,46,Female,India,"107 Oak St, Toronto",+7-448-384-3547
4,Larry Zaitsev,larry.zaitsev4@example.com,39,Male,Germany,"1585 Pine St, New York",+6-718-370-1711
5,Mikhail Lebedev,mikhail.lebedev5@example.com,52,Male,Australia,"1292 Park St, New York",+5-949-743-6925
6,Tatiana Perry,tatiana.perry6@example.com,63,Male,Russia,"3734 Pine St, Sydney",+2-975-338-2654
7,Olga Ivanov,olga.ivanov7@example.com,47,Female,France,"5821 Oak St, London",+5-818-799-2169
8,Pavel Baranov,pavel.baranov8@example.com,28,Male,France,"6217 Pine St, Sao Paulo",+9-324-801-6313
9,Ekaterina Zaitsev,ekaterina.zaitsev9@example.com,67,Male,Netherlands,"526 Pine St, Toronto",+7-374-167-4456
10,Roman Volkov,roman.volkov10@example.com,74,Female,Netherlands,"8180 Elm St, Sydney",+8-246-371-3287
11,Robert Vasiliev,robert.vasiliev11@example.com,53,Female,Brazil,"7020 Park St, Beijing",+7-470-324-3266
12,Natalia Kozlov,natalia.kozlov12@example.com,23,Male,China,"2505 Oak St, Berlin",+7-710-165-7304
13,Olga Orlov,olga.orlov13@example.com,47,Female,United States,"189 Main St, Toronto",+9-868-373-6573
14,Yolanda Petrov,yolanda.petrov14@example.com,45,Male,Kuwait,"4316 Park St, Moscow",+3-619-208-5889
15,Ekaterina Baranov,ekaterina.baranov15@example.com,50,Male,France,"2647 Park St, London",+9-100-713-6310
16,Sergey Moore,sergey.moore16@example.com,25,Female,Australia,"5039 Oak St, Toronto",+1-346-999-2290
17,Theresa Vasiliev,theresa.vasiliev17@example.com,49,Male,India,"2061 Oak St, Mumbai",+8-662-269-5342
18,Natalia Stepanov,natalia.stepanov18@example.com,56,Female,Netherlands,"8836 Oak St, Rome",+5-508-787-7118
19,Anna Belov,anna.belov19@example.com,51,Female,Germany,"3682 Main St, Amsterdam",+6-121-702-4770
20,Tatiana Johnson,tatiana.johnson20@example.com,18,Male,Brazil,"965 Oak St, Sydney",+2-132-980-6413
21,Theresa Novikov,theresa.novikov21@example.com,33,Female,Japan,"3511 Park St, Sao Paulo",+3-840-684-8744
22,Robert Andreev,robert.andreev22@example.com,48,Female,Netherlands,"1589 Elm St, Berlin",+6-533-520-8651
23,Nikolay Vasiliev,nikolay.vasiliev23@example.com,21,Male,Russia,"5560 Main St, New York",+4-296-294-9786
24,Anna Dennis,anna.dennis24@example.com,45,Male,Bhutan,"4093 Main St, Sao Paulo",+8-927-982-2604
25,Paige Baranov,paige.baranov25@example.com,52,Male,Germany,"3873 Oak St, Rome",+7-597-592-4502
26,Nikolay Popov,nikolay.popov26@example.com,75,Male,France,"36 Elm St, New York",+5-902-903-8454
27,James Sokolov,james.sokolov27@example.com,62,Female,France,"4862 Oak St, Amsterdam",+1-693-853-9883
28,Paige Vasiliev,paige.vasiliev28@example.com,38,Male,Russia,"7812 Park St, Beijing",+9-261-158-9320
29,Theresa Stepanov,theresa.stepanov29@example.com,29,Male,United Kingdom,"3854 Elm St, Berlin",+2-683-352-1651
30,Pavel Kelly,pavel.kelly30@example.com,44,Female,Australia,"3347 Pine St, Tokyo",+4-371-505-3144
31,Andrey Baranov,andrey.baranov31@example.com,37,Female,Georgia,"1189 Main St, Rome",+8-736-676-2638
32,Theresa Morozov,theresa.morozov32@example.com,31,Female,France,"5719 Main St, Rome",+4-478-391-3584
33,Anna Kovalev,anna.kovalev33@example.com,52,Female,United Kingdom,"8667 Main St, Seoul",+9-406-779-2697
34,Yulia Dennis,yulia.dennis34@example.com,34,Male,Australia,"9065 Oak St, Berlin",+5-388-719-4450
35,Marina Sidorov,marina.sidorov35@example.com,31,Female,United States,"4115 Main St, Sao Paulo",+2-749-533-5533
36,Paige Moore,paige.moore36@example.com,39,Male,Japan,"2648 Elm St, Tokyo",+9-822-537-1158
37,Yolanda Kelly,yolanda.kelly37@example.com,74,Male,United States,"6050 Park St, Moscow",+9-251-540-3088
38,Paige Petrov,paige.petrov38@example.com,41,Male,Australia,"3442 Oak St, London",+2-462-898-7658
39,Pavel Vasiliev,pavel.vasiliev39@example.com,27,Male,China,"2901 Elm St, Paris",+1-283-854-6442
40,Alexander Gusev,alexander.gusev40@example.com,44,Male,Bhutan,"1772 Elm St, Paris",+1-979-581-4644
41,Larry Kovalev,larry.kovalev41@example.com,47,Female,Bhutan,"3729 Oak St, Toronto",+1-775-297-7528
42,Elena Ivanov,elena.ivanov42@example.com,73,Male,India,"5754 Park St, Tokyo",+7-795-963-9785
43,Elena Moore,elena.moore43@example.com,25,Female,France,"4350 Main St, Beijing",+2-710-544-6663
44,Mikhail Andreev,mikhail.andreev44@example.com,38,Female,United Kingdom,"1895 Elm St, Mumbai",+4-360-145-8144
45,Alexis Novikov,alexis.novikov45@example.com,69,Male,Georgia,"1147 Pine St, New York",+6-779-968-3041
46,Mikhail Belov,mikhail.belov46@example.com,37,Female,Japan,"5345 Elm St, New York",+5-667-230-4143
47,Dmitry Fedorov,dmitry.fedorov47@example.com,42,Male,United Kingdom,"4931 Elm St, Beijing",+9-953-100-5978
48,James Perry,james.perry48@example.com,45,Female,Kuwait,"7245 Oak St, Sao Paulo",+9-584-912-3780
49,Andrey Kelly,andrey.kelly49@example.com,36,Female,Germany,"3849 Pine St, Toronto",+4-925-303-3414
50,Alexis Gonzales,alexis.gonzales50@example.com,33,Female,United Kingdom,"1194 Elm St, Toronto",+7-744-689-4185
51,Marina Smirnov,marina.smirnov51@example.com,42,Female,Iraq,"2418 Main St, Amsterdam",+2-897-535-4585
52,Douglas Andreev,douglas.andreev52@example.com,62,Female,Russia,"4083 Main St, Mumbai",+8-236-920-8612
53,Andrey Novikov,andrey.novikov53@example.com,53,Female,India,"7252 Park St, Rome",+9-536-950-9976
54,Anna Belov,anna.belov54@example.com,28,Female,Kuwait,"4051 Pine St, Tokyo",+9-596-741-4919
55,Maria Lebedev,maria.lebedev55@example.com,22,Female,Netherlands,"5503 Pine St, Tokyo",+9-182-241-3471
56,Robert Popov,robert.popov56@example.com,62,Male,Brazil,"1053 Elm St, Amsterdam",+7-438-655-8633
57,Dmitry Gonzales,dmitry.gonzales57@example.com,31,Female,Iraq,"9570 Main St, Rome",+7-588-106-6763
58,James Zaitsev,james.zaitsev58@example.com,42,Female,United States,"8948 Park St, Dubai",+4-599-324-5471
59,Dmitry Kozlov,dmitry.kozlov59@example.com,19,Female,Georgia,"6625 Oak St, Sydney",+8-230-737-9751
60,Alexis Gusev,alexis.gusev60@example.com,43,Male,Germany,"7023 Oak St, Sydney",+8-286-151-5262
61,Olga Sidorov,olga.sidorov61@example.com,31,Female,Georgia,"6212 Pine St, London",+7-358-954-2341
62,Sergey Moore,sergey.moore62@example.com,65,Male,Georgia,"1125 Main St, Amsterdam",+1-353-304-1333
63,Pavel Dennis,pavel.dennis63@example.com,33,Male,Kuwait,"1875 Park St, Sydney",+4-576-816-5198
64,Irina Kuznetsov,irina.kuznetsov64@example.com,28,Male,India,"2684 Pine St, Toronto",+2-692-126-6111
65,Tatiana Fedorov,tatiana.fedorov65@example.com,42,Female,Brazil,"1246 Park St, Amsterdam",+4-204-813-5941
66,Nikolay Fedorov,nikolay.fedorov66@example.com,56,Male,India,"673 Pine St, Beijing",+9-538-777-7071
67,Theresa Novikov,theresa.novikov67@example.com,59,Female,Russia,"6883 Elm St, Toronto",+2-543-470-8532
68,Marina Dennis,marina.dennis68@example.com,45,Male,Brazil,"4426 Park St, Mumbai",+9-893-595-8616
69,Dmitry Kovalev,dmitry.kovalev69@example.com,64,Female,Georgia,"4023 Main St, Toronto",+5-561-349-8613
70,Tatiana Orlov,tatiana.orlov70@example.com,60,Female,Georgia,"8099 Pine St, Moscow",+3-599-317-6813
71,Alexander Ivanov,alexander.ivanov71@example.com,39,Female,Australia,"4527 Park St, Beijing",+1-629-295-2402
72,Robert Vasiliev,robert.vasiliev72@example.com,44,Female,United States,"3938 Elm St, Seoul",+8-558-911-1282
73,Theresa Petrov,theresa.petrov73@example.com,32,Female,Brazil,"5017 Park St, Amsterdam",+6-584-666-9698
74,Viktor Sokolov,viktor.sokolov74@example.com,65,Female,Georgia,"7435 Pine St, Dubai",+5-357-336-2976
75,Mikhail Perry,mikhail.perry75@example.com,38,Male,Brazil,"3034 Oak St, Mumbai",+4-856-595-5530
76,Mikhail Volkov,mikhail.volkov76@example.com,66,Female,Germany,"3181 Pine St, Toronto",+4-469-283-5952
77,Alexis Smirnov,alexis.smirnov77@example.com,52,Male,Bhutan,"894 Park St, Moscow",+5-814-229-9042
78,Yolanda Stepanov,yolanda.stepanov78@example.com,18,Female,Kuwait,"7217 Pine St, Sao Paulo",+3-152-358-8827
79,Yolanda Kovalev,yolanda.kovalev79@example.com,22,Female,Kuwait,"9454 Main St, Berlin",+3-252-930-5978
80,Theresa Johnson,theresa.johnson80@example.com,25,Female,United Kingdom,"3698 Park St, Beijing",+7-561-553-5871
81,Nikolay Volkov,nikolay.volkov81@example.com,45,Female,United Kingdom,"987 Park St, Beijing",+2-881-312-4457
82,Maria Fedorov,maria.fedorov82@example.com,23,Male,Netherlands,"9044 Main St, Paris",+3-102-518-8381
83,Marina Orlov,marina.orlov83@example.com,48,Female,Russia,"4721 Pine St, Amsterdam",+8-172-803-4824
84,Roman Ivanov,roman.ivanov84@example.com,68,Male,Iraq,"8923 Oak St, Berlin",+3-372-946-3330
85,Theresa Gonzales,theresa.gonzales85@example.com,28,Female,United Kingdom,"9326 Pine St, Dubai",+8-227-579-5982
86,Marina Popov,marina.popov86@example.com,35,Female,Kuwait,"9799 Main St, Berlin",+7-852-430-5102
87,Alexis Kelly,alexis.kelly87@example.com,32,Male,India,"4416 Park St, Sydney",+1-881-874-3870
88,Sergey Novikov,sergey.novikov88@example.com,59,Female,Australia,"2974 Park St, Tokyo",+7-750-933-9056
89,Theresa Kozlov,theresa.kozlov89@example.com,40,Female,Georgia,"1714 Oak St, London",+6-521-810-9117
90,James Fedorov,james.fedorov90@example.com,43,Male,Kuwait,"5154 Pine St, Berlin",+6-218-891-7622
91,Nikolay Novikov,nikolay.novikov91@example.com,70,Male,Japan,"8890 Elm St, Toronto",+7-155-292-9494
92,Viktor Orlov,viktor.orlov92@example.com,66,Female,Japan,"846 Oak St, Sao Paulo",+5-662-234-5719
93,Anna Belov,anna.belov93@example.com,62,Female,Germany,"9976 Oak St, Moscow",+3-418-664-1224
94,Ivan Sokolov,ivan.sokolov94@example.com,23,Male,China,"1859 Elm St, Rome",+2-763-952-3522
95,Sergey Gusev,sergey.gusev95@example.com,63,Female,United States,"4480 Elm St, Dubai",+8-583-349-8483
96,Ivan Dennis,ivan.dennis96@example.com,42,Male,Australia,"8328 Oak St, Beijing",+2-382-891-7798
97,Elena Gusev,elena.gusev97@example.com,68,Female,China,"4635 Pine St, Moscow",+8-986-252-8316
98,Ivan Kozlov,ivan.kozlov98@example.com,40,Female,United States,"8904 Elm St, Seoul",+8-429-990-4090
99,Marina Johnson,marina.johnson99@example.com,54,Female,Netherlands,"6731 Main St, Toronto",+6-862-584-7246
100,Olga Fedorov,olga.fedorov100@example.com,68,Male,Kuwait,"2069 Park St, Moscow",+6-990-202-8213
101,Yolanda Novikov,yolanda.novikov101@example.com,47,Male,Brazil,"6718 Oak St, Paris",+2-580-900-5342
102,Elena Orlov,elena.orlov102@example.com,62,Female,Japan,"5384 Park St, Berlin",+7-424-741-8994
103,Nikolay Morozov,nikolay.morozov103@example.com,20,Male,Netherlands,"4709 Oak St, Sydney",+2-544-200-2646
104,Anna Robbins,anna.robbins104@example.com,62,Female,Australia,"754 Pine St, Moscow",+1-400-467-7141
105,Dmitry Dennis,dmitry.dennis105@example.com,33,Female,United Kingdom,"2951 Oak St, Sydney",+3-180-724-7267
106,Pavel Fedorov,pavel.fedorov106@example.com,33,Female,Australia,"2345 Oak St, Beijing",+8-753-360-8529
107,Maria Fedorov,maria.fedorov107@example.com,18,Female,Australia,"8956 Oak St, Tokyo",+2-552-453-5901
108,Svetlana Sokolov,svetlana.sokolov108@example.com,62,Female,Kuwait,"4950 Oak St, Toronto",+7-973-594-2747
109,Robert Popov,robert.popov109@example.com,54,Female,United Kingdom,"4838 Main St, Tokyo",+7-381-108-1803
110,Roman Orlov,roman.orlov110@example.com,65,Female,China,"4690 Oak St, Rome",+6-324-751-4115
111,Pavel Ivanov,pavel.ivanov111@example.com,61,Male,Japan,"646 Pine St, Berlin",+8-134-693-6977
112,Mikhail Dennis,mikhail.dennis112@example.com,23,Female,Georgia,"6808 Oak St, Dubai",+4-235-905-9837
113,Yulia Kuznetsov,yulia.kuznetsov113@example.com,51,Female,China,"4211 Elm St, Paris",+5-864-991-6549
114,Alexander Lopez,alexander.lopez114@example.com,47,Male,France,"3697 Elm St, Seoul",+9-474-192-7464
115,Alexis Ivanov,alexis.ivanov115@example.com,52,Male,Kuwait,"4296 Park St, London",+7-942-753-7086
116,Yolanda Fedorov,yolanda.fedorov116@example.com,32,Female,Russia,"9199 Pine St, Beijing",+4-763-164-8606
117,Roman Smirnov,roman.smirnov117@example.com,37,Female,Germany,"743 Main St, Paris",+5-604-218-2592
118,Robert Belov,robert.belov118@example.com,52,Male,Iraq,"6079 Park St, Sao Paulo",+7-701-860-3531
119,Yulia Sokolov,yulia.sokolov119@example.com,59,Male,China,"6687 Pine St, Sao Paulo",+1-806-479-4559
120,Anna Lebedev,anna.lebedev120@example.com,33,Female,Germany,"6019 Park St, Sydney",+6-162-507-5520
121,Larry Lopez,larry.lopez121@example.com,72,Female,Germany,"3476 Park St, Sydney",+1-151-905-6464
122,Robert Dennis,robert.dennis122@example.com,68,Male,Germany,"9081 Oak St, Toronto",+4-932-990-4817
123,Elena Zaitsev,elena.zaitsev123@example.com,27,Male,Bhutan,"2371 Oak St, Toronto",+9-356-917-3858
124,Yolanda Fedorov,yolanda.fedorov124@example.com,73,Male,France,"5870 Oak St, Moscow",+6-116-278-5347
125,Paige Dennis,paige.dennis125@example.com,65,Female,United States,"1042 Elm St, Berlin",+8-896-470-9408
126,Tatiana Lopez,tatiana.lopez126@example.com,46,Male,United Kingdom,"8544 Pine St, Moscow",+8-758-131-1996
127,Sergey Stepanov,sergey.stepanov127@example.com,43,Female,Japan,"8033 Elm St, Berlin",+2-182-429-3430
128,Theresa Dennis,theresa.dennis128@example.com,35,Female,Iraq,"8693 Pine St, Beijing",+8-617-719-8048
129,Yolanda Andreev,yolanda.andreev129@example.com,62,Male,China,"9034 Oak St, Sydney",+7-562-333-7779
130,Elena Kovalev,elena.kovalev130@example.com,47,Female,Iraq,"1558 Pine St, Dubai",+7-420-781-5176
131,Viktor Dennis,viktor.dennis131@example.com,61,Female,Germany,"1399 Main St, Berlin",+7-198-862-7105
132,Alexander Dennis,alexander.dennis132@example.com,53,Male,United Kingdom,"9203 Pine St, Mumbai",+2-520-462-7929
133,Nikolay Gusev,nikolay.gusev133@example.com,64,Male,Bhutan,"5120 Pine St, Beijing",+2-691-619-4485
134,Nathaniel Fedorov,nathaniel.fedorov134@example.com,48,Male,China,"5737 Park St, Berlin",+6-217-880-5564
135,Tatiana Johnson,tatiana.johnson135@example.com,69,Female,China,"9122 Main St, Mumbai",+5-129-284-5477
136,Marina Zaitsev,marina.zaitsev136@example.com,37,Female,Georgia,"2973 Oak St, Moscow",+7-171-245-1502
137,Theresa Vasiliev,theresa.vasiliev137@example.com,51,Male,Iraq,"7433 Pine St, New York",+3-478-419-6314
138,Irina Volkov,irina.volkov138@example.com,56,Male,Australia,"2550 Oak St, Moscow",+1-790-183-5458
139,Anna Fedorov,anna.fedorov139@example.com,45,Female,United Kingdom,"6786 Pine St, Sao Paulo",+4-873-624-2864
140,Viktor Sokolov,viktor.sokolov140@example.com,25,Female,Japan,"9718 Elm St, Sydney",+9-783-415-1744
141,Robert Popov,robert.popov141@example.com,56,Male,Russia,"4939 Oak St, Amsterdam",+3-882-361-5742
142,Elena Lopez,elena.lopez142@example.com,18,Female,Brazil,"2879 Oak St, New York",+7-645-820-4770
143,Natalia Morozov,natalia.morozov143@example.com,71,Female,Germany,"694 Elm St, New York",+1-570-179-6129
144,Tatiana Sokolov,tatiana.sokolov144@example.com,54,Female,Brazil,"6844 Pine St, Sydney",+2-514-121-6321
145,Douglas Andreev,douglas.andreev145@example.com,57,Female,China,"5929 Main St, Dubai",+7-964-208-4986
146,Dmitry Volkov,dmitry.volkov146@example.com,43,Male,Iraq,"5084 Pine St, Toronto",+4-441-897-3754
147,Theresa Novikov,theresa.novikov147@example.com,58,Male,United States,"3177 Pine St, Mumbai",+6-844-938-3419
148,Robert Lopez,robert.lopez148@example.com,27,Female,Netherlands,"9870 Oak St, Paris",+2-281-891-9095
149,Anna Zaitsev,anna.zaitsev149@example.com,54,Female,Japan,"9249 Park St, Rome",+6-984-742-6179
150,Nathaniel Lebedev,nathaniel.lebedev150@example.com,22,Female,Kuwait,"4962 Pine St, Sydney",+1-460-619-2215
151,James Lebedev,james.lebedev151@example.com,46,Male,Russia,"4704 Main St, London",+2-729-708-9307
152,Olga Lebedev,olga.lebedev152@example.com,55,Male,Kuwait,"9367 Oak St, Rome",+6-719-587-9214
153,Nathaniel Gonzales,nathaniel.gonzales153@example.com,46,Male,India,"5627 Main St, Rome",+9-761-276-1641
154,Robert Smirnov,robert.smirnov154@example.com,46,Female,United States,"9992 Oak St, Mumbai",+6-481-389-7347
155,Dmitry Zaitsev,dmitry.zaitsev155@example.com,39,Male,India,"5483 Main St, Sydney",+6-196-671-7333
156,James Ivanov,james.ivanov156@example.com,64,Male,Georgia,"9548 Oak St, Berlin",+6-417-771-7421
157,Nathaniel Orlov,nathaniel.orlov157@example.com,63,Male,Bhutan,"6172 Pine St, Mumbai",+3-786-819-9624
158,Theresa Baranov,theresa.baranov158@example.com,60,Female,United States,"299 Pine St, London",+5-284-319-6598
159,Irina Kozlov,irina.kozlov159@example.com,30,Male,France,"1265 Pine St, Paris",+2-619-889-9843
160,Ekaterina Vasiliev,ekaterina.vasiliev160@example.com,74,Male,Japan,"2148 Park St, London",+7-257-266-3962
161,Ekaterina Smirnov,ekaterina.smirnov161@example.com,67,Male,Brazil,"716 Elm St, Sao Paulo",+6-792-836-4891
162,Anna Orlov,anna.orlov162@example.com,36,Female,Netherlands,"3919 Pine St, Mumbai",+8-955-298-7026
163,Andrey Volkov,andrey.volkov163@example.com,46,Female,India,"6257 Park St, Tokyo",+9-528-265-4271
164,Alexander Orlov,alexander.orlov164@example.com,26,Female,Russia,"7874 Pine St, Sydney",+9-205-828-9452
165,Nikolay Lopez,nikolay.lopez165@example.com,36,Male,India,"4470 Elm St, Paris",+9-250-950-8167
166,Theresa Gusev,theresa.gusev166@example.com,32,Female,Australia,"437 Elm St, London",+1-505-614-7126
167,Robert Popov,robert.popov167@example.com,23,Female,Netherlands,"5222 Main St, Moscow",+6-910-249-3254
168,Paige Petrov,paige.petrov168@example.com,71,Female,Brazil,"2274 Elm St, Toronto",+8-730-105-2298
169,Alexis Ivanov,alexis.ivanov169@example.com,31,Male,United States,"9976 Park St, Dubai",+7-213-894-5720
170,Robert Petrov,robert.petrov170@example.com,25,Male,Netherlands,"7490 Main St, New York",+2-956-611-9782
171,Alexis Baranov,alexis.baranov171@example.com,50,Male,Brazil,"4773 Elm St, Paris",+1-729-461-4941
172,Tatiana Sokolov,tatiana.sokolov172@example.com,29,Male,United States,"1109 Park St, London",+9-619-905-9316
173,Ivan Moore,ivan.moore173@example.com,42,Female,Russia,"6339 Pine St, Sydney",+5-865-116-6850
174,Alexander Kelly,alexander.kelly174@example.com,40,Male,Brazil,"1699 Park St, Sydney",+6-236-145-6772
175,Ivan Sidorov,ivan.sidorov175@example.com,70,Male,China,"7613 Elm St, Seoul",+3-930-238-2033
176,Marina Zaitsev,marina.zaitsev176@example.com,47,Male,Bhutan,"718 Oak St, Amsterdam",+1-423-417-9444
177,Olga Kovalev,olga.kovalev177@example.com,52,Female,Bhutan,"3132 Pine St, Moscow",+6-982-899-1783
178,Nikolay Baranov,nikolay.baranov178@example.com,39,Female,Germany,"6030 Elm St, Seoul",+7-861-550-7334
179,Elena Robbins,elena.robbins179@example.com,49,Female,Georgia,"8508 Pine St, Rome",+2-844-534-2293
180,Dmitry Orlov,dmitry.orlov180@example.com,70,Male,United States,"5263 Main St, Tokyo",+2-435-776-5843
181,James Lebedev,james.lebedev181@example.com,56,Female,France,"7273 Pine St, Dubai",+8-143-844-6776
182,Pavel Sokolov,pavel.sokolov182@example.com,35,Male,Germany,"6656 Pine St, Sydney",+9-920-867-3621
183,Alexis Dennis,alexis.dennis183@example.com,72,Female,Russia,"1102 Oak St, Paris",+6-470-492-1530
184,Pavel Dennis,pavel.dennis184@example.com,61,Female,Georgia,"7274 Main St, London",+3-642-475-7521
185,Elena Baranov,elena.baranov185@example.com,35,Male,Germany,"3049 Elm St, Moscow",+9-496-675-2929
186,Maria Zaitsev,maria.zaitsev186@example.com,34,Female,Netherlands,"4679 Elm St, Beijing",+4-225-238-2213
187,Anna Robbins,anna.robbins187@example.com,75,Female,Germany,"5237 Pine St, Seoul",+2-663-655-5757
188,Yulia Petrov,yulia.petrov188@example.com,72,Male,Brazil,"2853 Pine St, Dubai",+9-329-224-4292
189,Alexander Dennis,alexander.dennis189@example.com,33,Female,Russia,"9078 Park St, London",+6-578-922-3126
190,Pavel Belov,pavel.belov190@example.com,23,Male,Bhutan,"7843 Park St, New York",+7-887-519-2208
191,Nathaniel Sidorov,nathaniel.sidorov191@example.com,59,Male,Kuwait,"8477 Pine St, Sao Paulo",+3-999-948-3981
192,Irina Dennis,irina.dennis192@example.com,45,Male,China,"8489 Oak St, Berlin",+5-268-265-6286
193,Roman Smirnov,roman.smirnov193@example.com,32,Female,United States,"4654 Main St, Rome",+5-301-750-5496
194,Nathaniel Baranov,nathaniel.baranov194@example.com,37,Male,United States,"2763 Park St, Sydney",+3-275-774-6531
195,Ekaterina Gusev,ekaterina.gusev195@example.com,54,Male,China,"465 Main St, Toronto",+1-756-889-5336
196,Svetlana Perry,svetlana.perry196@example.com,67,Female,United Kingdom,"497 Elm St, Sydney",+9-396-757-5949
197,Sergey Johnson,sergey.johnson197@example.com,69,Female,Bhutan,"1196 Main St, Sao Paulo",+3-550-525-8933
198,Anna Perry,anna.perry198@example.com,39,Male,Georgia,"5232 Pine St, Toronto",+7-233-878-7070
199,Natalia Morozov,natalia.morozov199@example.com,24,Female,Netherlands,"2008 Pine St, Sao Paulo",+8-353-244-2586
200,Paige Petrov,paige.petrov200@example.com,42,Female,Netherlands,"2617 Pine St, Toronto",+6-294-881-3610
201,Sergey Novikov,sergey.novikov201@example.com,47,Female,Australia,"8149 Main St, Tokyo",+2-502-617-8491
202,Robert Perry,robert.perry202@example.com,55,Female,Russia,"4610 Elm St, Moscow",+8-392-649-1133
203,Nikolay Lopez,nikolay.lopez203@example.com,45,Male,Australia,"5993 Elm St, Tokyo",+6-146-510-1838
204,Tatiana Morozov,tatiana.morozov204@example.com,30,Female,United States,"1205 Elm St, Tokyo",+9-561-882-5582
205,Ekaterina Orlov,ekaterina.orlov205@example.com,61,Male,France,"6454 Pine St, Berlin",+6-671-474-3363
206,Larry Orlov,larry.orlov206@example.com,50,Female,United States,"743 Main St, Moscow",+3-830-441-8761
207,Natalia Lebedev,natalia.lebedev207@example.com,27,Male,Georgia,"5219 Oak St, Rome",+7-731-857-5902
208,Tatiana Sidorov,tatiana.sidorov208@example.com,50,Female,Brazil,"4912 Elm St, Beijing",+1-477-439-2795
209,Dmitry Volkov,dmitry.volkov209@example.com,37,Male,United Kingdom,"4351 Park St, Sao Paulo",+4-838-152-8871
210,Douglas Novikov,douglas.novikov210@example.com,58,Female,France,"3969 Main St, Toronto",+2-295-119-8225
211,Elena Sokolov,elena.sokolov211@example.com,27,Female,Brazil,"6724 Park St, Amsterdam",+8-993-968-2020
212,Marina Dennis,marina.dennis212@example.com,51,Male,United States,"7838 Park St, London",+7-421-277-8531
213,Roman Morozov,roman.morozov213@example.com,39,Female,Japan,"4332 Park St, Seoul",+8-296-352-5571
214,Ivan Petrov,ivan.petrov214@example.com,32,Female,India,"3397 Elm St, Tokyo",+6-591-457-5480
215,James Lopez,james.lopez215@example.com,54,Female,Australia,"5655 Oak St, New York",+5-143-394-2294
216,Viktor Gusev,viktor.gusev216@example.com,46,Female,Brazil,"3506 Oak St, Sao Paulo",+9-377-675-5450
217,Nathaniel Lopez,nathaniel.lopez217@example.com,57,Male,Netherlands,"8701 Oak St, Moscow",+4-153-202-7771
218,Elena Smirnov,elena.smirnov218@example.com,48,Male,Japan,"2253 Main St, Seoul",+9-261-516-8793
219,Sergey Baranov,sergey.baranov219@example.com,30,Female,Georgia,"970 Main St, Tokyo",+4-647-856-1611
220,Roman Gusev,roman.gusev220@example.com,29,Female,Australia,"2881 Main St, Toronto",+7-906-607-4052
221,Roman Vasiliev,roman.vasiliev221@example.com,73,Female,Australia,"152 Pine St, Moscow",+2-443-391-8444
222,Svetlana Morozov,svetlana.morozov222@example.com,51,Female,Australia,"8262 Elm St, Paris",+5-297-928-2845
223,Elena Robbins,elena.robbins223@example.com,64,Female,Japan,"3051 Main St, Tokyo",+6-909-402-4164
224,Douglas Orlov,douglas.orlov224@example.com,72,Female,China,"8443 Pine St, New York",+2-510-785-2562
225,Douglas Dennis,douglas.dennis225@example.com,48,Female,Australia,"112 Pine St, Amsterdam",+7-341-557-5374
226,Elena Petrov,elena.petrov226@example.com,55,Male,Bhutan,"5891 Oak St, Sydney",+1-783-221-8625
227,James Robbins,james.robbins227@example.com,43,Female,Brazil,"4834 Pine St, Berlin",+4-324-236-8834
228,Nathaniel Lebedev,nathaniel.lebedev228@example.com,65,Female,Iraq,"8999 Elm St, Dubai",+9-921-780-4578
229,Irina Johnson,irina.johnson229@example.com,61,Male,United States,"8654 Pine St, Sao Paulo",+2-677-214-2011
230,Ekaterina Morozov,ekaterina.morozov230@example.com,75,Male,United Kingdom,"2456 Oak St, Mumbai",+6-974-632-8239
231,Yolanda Fedorov,yolanda.fedorov231@example.com,31,Female,Germany,"8362 Elm St, Rome",+1-564-235-9409
232,Dmitry Lebedev,dmitry.lebedev232@example.com,54,Male,United States,"5050 Main St, Sao Paulo",+7-360-936-1049
233,Mikhail Perry,mikhail.perry233@example.com,55,Male,Russia,"5645 Main St, New York",+9-161-170-8734
234,Paige Petrov,paige.petrov234@example.com,44,Male,India,"6888 Pine St, Paris",+7-559-990-7184
235,Olga Kelly,olga.kelly235@example.com,61,Male,Japan,"5698 Main St, Toronto",+3-650-502-9664
236,Nathaniel Vasiliev,nathaniel.vasiliev236@example.com,32,Male,India,"4889 Elm St, Moscow",+9-534-644-7214
237,Ekaterina Johnson,ekaterina.johnson237@example.com,33,Female,Georgia,"4517 Oak St, Paris",+2-132-928-7868
238,Pavel Zaitsev,pavel.zaitsev238@example.com,74,Male,Netherlands,"1103 Main St, Amsterdam",+1-557-712-1797
239,Robert Vasiliev,robert.vasiliev239@example.com,20,Female,Kuwait,"8844 Oak St, Amsterdam",+1-243-615-5739
240,Robert Kovalev,robert.kovalev240@example.com,64,Female,United Kingdom,"5254 Oak St, Beijing",+5-997-246-9540
241,Robert Sokolov,robert.sokolov241@example.com,37,Female,Russia,"9694 Oak St, Mumbai",+7-669-607-1768
242,Viktor Baranov,viktor.baranov242@example.com,60,Female,India,"5223 Elm St, Mumbai",+7-252-407-7167
243,Douglas Zaitsev,douglas.zaitsev243@example.com,52,Female,Netherlands,"3693 Pine St, Toronto",+3-925-574-1944
244,Ivan Sokolov,ivan.sokolov244@example.com,44,Male,Iraq,"4178 Oak St, Amsterdam",+6-762-180-8369
245,Nikolay Kuznetsov,nikolay.kuznetsov245@example.com,23,Male,Russia,"6180 Park St, Tokyo",+1-994-174-4082
246,Alexander Zaitsev,alexander.zaitsev246@example.com,55,Male,Kuwait,"5456 Pine St, Amsterdam",+1-316-294-2922
247,Mikhail Zaitsev,mikhail.zaitsev247@example.com,48,Male,Brazil,"3351 Elm St, Beijing",+4-665-429-5637
248,Olga Lebedev,olga.lebedev248@example.com,52,Female,Bhutan,"5893 Park St, Tokyo",+8-577-200-8692
249,Irina Kovalev,irina.kovalev249@example.com,38,Male,Georgia,"6782 Main St, London",+4-859-249-1265
250,Maria Morozov,maria.morozov250@example.com,55,Female,Bhutan,"3215 Pine St, Paris",+4-488-683-5026
251,Sergey Morozov,sergey.morozov251@example.com,59,Female,Bhutan,"8006 Elm St, Seoul",+8-272-850-6770
252,Douglas Dennis,douglas.dennis252@example.com,64,Female,France,"8883 Main St, Rome",+9-134-959-2217
253,Ekaterina Fedorov,ekaterina.fedorov253@example.com,21,Male,Iraq,"3792 Main St, Paris",+3-109-323-9285
254,Anna Kuznetsov,anna.kuznetsov254@example.com,21,Female,Japan,"258 Main St, Sao Paulo",+9-664-521-1194
255,Alexis Novikov,alexis.novikov255@example.com,64,Female,United States,"281 Park St, Tokyo",+7-925-283-2753
256,Roman Lopez,roman.lopez256@example.com,51,Male,Netherlands,"8626 Pine St, Amsterdam",+6-373-914-7502
257,Theresa Kuznetsov,theresa.kuznetsov257@example.com,43,Female,United Kingdom,"3701 Pine St, Amsterdam",+2-769-978-1519
258,Theresa Popov,theresa.popov258@example.com,42,Female,United States,"920 Main St, Sao Paulo",+3-184-611-8109
259,Svetlana Andreev,svetlana.andreev259@example.com,39,Male,Australia,"698 Oak St, Mumbai",+4-988-808-8790
260,Maria Gonzales,maria.gonzales260@example.com,22,Female,Australia,"9233 Main St, Mumbai",+3-970-422-1256
261,Larry Volkov,larry.volkov261@example.com,27,Female,Australia,"4904 Oak St, Berlin",+4-680-954-7375
262,Andrey Belov,andrey.belov262@example.com,52,Female,Iraq,"2293 Main St, Seoul",+9-863-454-1879
263,Yolanda Sokolov,yolanda.sokolov263@example.com,32,Male,Georgia,"9759 Elm St, Beijing",+6-130-749-5478
264,Alexander Lebedev,alexander.lebedev264@example.com,49,Male,Georgia,"6151 Elm St, Mumbai",+3-796-699-7227
265,Theresa Zaitsev,theresa.zaitsev265@example.com,57,Female,India,"1205 Main St, Amsterdam",+5-257-489-3527
266,Mikhail Popov,mikhail.popov266@example.com,38,Female,Germany,"86 Pine St, Berlin",+8-468-879-5419
267,Yolanda Dennis,yolanda.dennis267@example.com,23,Male,Iraq,"9126 Park St, Sao Paulo",+9-517-205-1430
268,Theresa Kuznetsov,theresa.kuznetsov268@example.com,53,Male,United Kingdom,"5316 Elm St, Beijing",+1-398-523-7353
269,Irina Kelly,irina.kelly269@example.com,64,Male,United Kingdom,"2779 Elm St, Mumbai",+3-242-375-5933
270,Maria Kozlov,maria.kozlov270@example.com,27,Male,France,"4522 Elm St, New York",+5-595-901-2260
271,Viktor Ivanov,viktor.ivanov271@example.com,33,Female,United Kingdom,"3204 Elm St, Beijing",+2-238-411-1110
272,Olga Sidorov,olga.sidorov272@example.com,71,Female,India,"5400 Elm St, Toronto",+6-540-935-3230
273,James Sidorov,james.sidorov273@example.com,56,Male,Kuwait,"2911 Elm St, London",+6-398-852-9044
274,Tatiana Andreev,tatiana.andreev274@example.com,33,Female,Iraq,"6438 Pine St, Tokyo",+2-677-304-9939
275,Douglas Fedorov,douglas.fedorov275@example.com,67,Male,Brazil,"3435 Elm St, Sao Paulo",+5-951-809-2133
276,Ekaterina Stepanov,ekaterina.stepanov276@example.com,68,Female,Japan,"2281 Pine St, Sao Paulo",+4-358-774-3525
277,Marina Sokolov,marina.sokolov277@example.com,68,Female,Germany,"9797 Elm St, Sao Paulo",+7-647-618-7853
278,Ivan Gonzales,ivan.gonzales278@example.com,68,Female,Brazil,"8797 Park St, Rome",+2-211-887-5067
279,Andrey Fedorov,andrey.fedorov279@example.com,40,Male,Japan,"726 Park St, Beijing",+7-870-439-8052
280,Yolanda Moore,yolanda.moore280@example.com,24,Female,Netherlands,"8500 Park St, Mumbai",+4-556-483-7408
281,Anna Zaitsev,anna.zaitsev281@example.com,61,Male,Georgia,"7910 Main St, Moscow",+5-525-187-2901
282,Ekaterina Vasiliev,ekaterina.vasiliev282@example.com,27,Female,Bhutan,"7461 Oak St, London",+9-594-456-8801
283,Yolanda Lebedev,yolanda.lebedev283@example.com,64,Female,Georgia,"4920 Main St, Berlin",+2-123-969-6620
284,Svetlana Lopez,svetlana.lopez284@example.com,61,Male,Australia,"3997 Park St, Dubai",+3-665-263-6422
285,Ivan Sokolov,ivan.sokolov285@example.com,47,Male,India,"3023 Oak St, New York",+7-505-129-4232
286,Anna Volkov,anna.volkov286@example.com,45,Female,Russia,"3520 Oak St, Dubai",+5-870-820-2025
287,Tatiana Lopez,tatiana.lopez287@example.com,69,Male,Georgia,"3229 Elm St, London",+2-368-786-9019
288,Natalia Baranov,natalia.baranov288@example.com,38,Female,United Kingdom,"9618 Main St, New York",+6-460-965-8501
289,Pavel Robbins,pavel.robbins289@example.com,70,Female,Australia,"9670 Main St, Beijing",+3-420-220-4908
290,James Lopez,james.lopez290@example.com,29,Female,Brazil,"8370 Elm St, Paris",+7-710-241-7286
291,Dmitry Robbins,dmitry.robbins291@example.com,49,Male,United States,"8023 Pine St, Paris",+3-291-422-8389
292,Pavel Gonzales,pavel.gonzales292@example.com,73,Female,Russia,"2237 Oak St, Sao Paulo",+7-675-617-9109
293,Dmitry Fedorov,dmitry.fedorov293@example.com,49,Female,Brazil,"7273 Elm St, Toronto",+3-184-678-1505
294,Alexander Zaitsev,alexander.zaitsev294@example.com,32,Female,Russia,"3684 Park St, Tokyo",+5-272-899-8492
295,Tatiana Vasiliev,tatiana.vasiliev295@example.com,67,Female,United States,"1855 Park St, Mumbai",+2-374-893-9898
296,Ekaterina Kuznetsov,ekaterina.kuznetsov296@example.com,52,Male,India,"7232 Park St, Dubai",+4-535-204-5055
297,James Stepanov,james.stepanov297@example.com,20,Female,Bhutan,"1426 Elm St, London",+2-894-931-4882
298,Larry Andreev,larry.andreev298@example.com,65,Female,China,"9999 Elm St, Dubai",+3-730-242-4385
299,Ekaterina Perry,ekaterina.perry299@example.com,69,Male,United Kingdom,"8721 Pine St, London",+9-272-431-5794
300,James Volkov,james.volkov300@example.com,35,Male,France,"6744 Main St, Seoul",+5-987-771-3078
301,Marina Stepanov,marina.stepanov301@example.com,26,Male,France,"5278 Oak St, Dubai",+7-601-245-5402
302,Svetlana Sokolov,svetlana.sokolov302@example.com,42,Female,Germany,"1526 Elm St, Sydney",+9-867-384-7046
303,Anna Kozlov,anna.kozlov303@example.com,38,Male,China,"1527 Elm St, Seoul",+6-970-164-9756
304,Olga Perry,olga.perry304@example.com,45,Male,Kuwait,"5290 Pine St, Tokyo",+6-660-691-3139
305,Tatiana Stepanov,tatiana.stepanov305@example.com,49,Female,Australia,"794 Main St, Sydney",+2-741-902-8529
306,Alexis Lopez,alexis.lopez306@example.com,72,Male,Kuwait,"12 Elm St, Sao Paulo",+4-805-235-5945
307,Douglas Stepanov,douglas.stepanov307@example.com,74,Female,Germany,"5906 Pine St, Sydney",+2-480-780-3711
308,Paige Popov,paige.popov308@example.com,58,Female,Brazil,"3837 Elm St, Dubai",+2-820-197-1017
309,Larry Kozlov,larry.kozlov309@example.com,22,Male,United Kingdom,"8511 Elm St, Amsterdam",+1-108-812-6629
310,Ekaterina Lopez,ekaterina.lopez310@example.com,73,Female,Brazil,"7827 Main St, Paris",+4-492-191-2678
311,Yolanda Sidorov,yolanda.sidorov311@example.com,41,Female,France,"2182 Oak St, New York",+2-643-676-1138
312,Pavel Baranov,pavel.baranov312@example.com,28,Female,Georgia,"3491 Oak St, Dubai",+7-730-803-8248
313,Nikolay Perry,nikolay.perry313@example.com,23,Male,France,"2018 Park St, Seoul",+7-459-539-6152
314,Alexander Dennis,alexander.dennis314@example.com,33,Female,Japan,"4066 Park St, Berlin",+5-897-807-1439
315,Nikolay Stepanov,nikolay.stepanov315@example.com,60,Female,Netherlands,"9944 Park St, Mumbai",+4-865-501-5842
316,Svetlana Gonzales,svetlana.gonzales316@example.com,68,Male,Kuwait,"1848 Oak St, New York",+8-753-708-2163
317,Natalia Belov,natalia.belov317@example.com,18,Female,Australia,"2163 Elm St, London",+7-474-659-3830
318,Irina Kozlov,irina.kozlov318@example.com,67,Male,Russia,"1107 Main St, Beijing",+5-320-140-1990
319,Alexander Popov,alexander.popov319@example.com,50,Female,Japan,"8210 Elm St, Dubai",+7-818-511-2350
320,Svetlana Morozov,svetlana.morozov320@example.com,52,Male,Bhutan,"5078 Main St, Berlin",+9-308-927-3545
321,Ivan Sidorov,ivan.sidorov321@example.com,43,Male,Bhutan,"7168 Oak St, Dubai",+1-350-188-8118
322,Yolanda Lebedev,yolanda.lebedev322@example.com,57,Male,Bhutan,"2878 Main St, Sydney",+1-824-240-1185
323,Douglas Kozlov,douglas.kozlov323@example.com,40,Female,France,"2080 Pine St, London",+2-889-130-6488
324,Alexander Sokolov,alexander.sokolov324@example.com,35,Male,Bhutan,"9448 Main St, Dubai",+8-566-623-6900
325,Paige Kozlov,paige.kozlov325@example.com,72,Male,Georgia,"4180 Main St, Paris",+2-333-858-9336
326,Alexis Gonzales,alexis.gonzales326@example.com,72,Male,Netherlands,"7730 Pine St, Moscow",+7-253-283-1579
327,Ivan Andreev,ivan.andreev327@example.com,63,Female,Netherlands,"4068 Elm St, London",+6-377-945-2276
328,Tatiana Kuznetsov,tatiana.kuznetsov328@example.com,25,Male,France,"8451 Main St, Amsterdam",+7-170-998-8620
329,Nikolay Petrov,nikolay.petrov329@example.com,67,Female,Georgia,"9062 Elm St, Berlin",+1-477-305-5777
330,Tatiana Andreev,tatiana.andreev330@example.com,37,Male,Kuwait,"9695 Elm St, London",+4-850-659-5016
331,Nathaniel Moore,nathaniel.moore331@example.com,44,Male,Netherlands,"5676 Main St, Mumbai",+6-101-877-7164
332,Nikolay Vasiliev,nikolay.vasiliev332@example.com,64,Female,Germany,"8681 Oak St, Amsterdam",+7-603-161-3332
333,Marina Ivanov,marina.ivanov333@example.com,23,Male,Australia,"8516 Elm St, Amsterdam",+6-569-865-2391
334,Tatiana Lopez,tatiana.lopez334@example.com,50,Male,Japan,"6462 Main St, Toronto",+1-545-778-3141
335,Robert Petrov,robert.petrov335@example.com,34,Female,Australia,"6439 Pine St, Seoul",+6-563-378-4827
336,Theresa Perry,theresa.perry336@example.com,26,Male,France,"2694 Elm St, Berlin",+8-421-516-2978
337,Ivan Kuznetsov,ivan.kuznetsov337@example.com,67,Male,Kuwait,"7592 Pine St, Tokyo",+2-192-261-5984
338,Ekaterina Smirnov,ekaterina.smirnov338@example.com,62,Male,Netherlands,"5371 Oak St, Toronto",+2-828-354-6828
339,Olga Novikov,olga.novikov339@example.com,21,Female,Bhutan,"2849 Main St, Toronto",+7-975-563-5093
340,Yolanda Lebedev,yolanda.lebedev340@example.com,24,Male,Germany,"1011 Oak St, Moscow",+3-302-943-7563
341,Viktor Fedorov,viktor.fedorov341@example.com,58,Male,United Kingdom,"4241 Main St, Beijing",+1-166-302-8265
342,Alexander Dennis,alexander.dennis342@example.com,23,Female,Germany,"7553 Main St, Moscow",+3-687-543-7471
343,Sergey Moore,sergey.moore343@example.com,42,Female,France,"3518 Oak St, London",+5-386-556-3435
344,Paige Orlov,paige.orlov344@example.com,57,Male,Japan,"8174 Elm St, Tokyo",+9-590-162-2437
345,Maria Popov,maria.popov345@example.com,26,Female,Netherlands,"8615 Oak St, Sydney",+9-913-119-7266
346,Alexander Smirnov,alexander.smirnov346@example.com,40,Female,United States,"7941 Pine St, Seoul",+9-429-497-5430
347,Douglas Moore,douglas.moore347@example.com,38,Male,Russia,"4603 Main St, Rome",+8-642-466-4813
348,Douglas Lopez,douglas.lopez348@example.com,33,Male,Bhutan,"917 Oak St, Mumbai",+7-463-959-3846
349,Douglas Johnson,douglas.johnson349@example.com,55,Female,India,"5879 Park St, Dubai",+1-820-817-6761
350,Tatiana Volkov,tatiana.volkov350@example.com,27,Male,China,"8065 Park St, Seoul",+5-279-602-1621
351,Theresa Gonzales,theresa.gonzales351@example.com,32,Male,Russia,"7832 Main St, Mumbai",+6-728-306-3137
352,Elena Smirnov,elena.smirnov352@example.com,29,Female,Russia,"2421 Park St, Moscow",+3-892-213-9622
353,Nikolay Kuznetsov,nikolay.kuznetsov353@example.com,22,Female,Brazil,"6482 Park St, Sydney",+2-444-409-6285
354,Nathaniel Robbins,nathaniel.robbins354@example.com,64,Female,India,"7983 Pine St, Sydney",+3-824-675-6846
355,Robert Fedorov,robert.fedorov355@example.com,55,Male,Iraq,"4826 Oak St, Tokyo",+3-846-101-7415
356,Nikolay Zaitsev,nikolay.zaitsev356@example.com,54,Male,France,"5214 Park St, Beijing",+4-754-679-2705
357,Roman Kozlov,roman.kozlov357@example.com,27,Female,Brazil,"3900 Pine St, Berlin",+6-271-751-2453
358,Ekaterina Smirnov,ekaterina.smirnov358@example.com,60,Female,Kuwait,"4346 Oak St, Moscow",+4-809-169-6742
359,Maria Andreev,maria.andreev359@example.com,24,Male,Russia,"7180 Elm St, New York",+3-523-604-7204
360,Viktor Morozov,viktor.morozov360@example.com,42,Male,China,"9471 Oak St, Sao Paulo",+3-562-175-1547
361,James Moore,james.moore361@example.com,38,Female,Germany,"5601 Oak St, Berlin",+7-264-849-2228
362,Ivan Belov,ivan.belov362@example.com,23,Female,United Kingdom,"7910 Main St, Beijing",+7-769-268-8113
363,Douglas Gonzales,douglas.gonzales363@example.com,24,Female,Netherlands,"6706 Park St, Amsterdam",+9-371-776-5612
364,James Johnson,james.johnson364@example.com,24,Male,Iraq,"9006 Elm St, Beijing",+3-155-469-1062
365,Dmitry Kelly,dmitry.kelly365@example.com,36,Female,Netherlands,"422 Oak St, Berlin",+3-753-398-2342
366,Sergey Stepanov,sergey.stepanov366@example.com,25,Female,India,"7716 Elm St, New York",+5-193-757-9914
367,Olga Robbins,olga.robbins367@example.com,41,Female,Georgia,"7304 Main St, Paris",+5-550-576-5315
368,Robert Kovalev,robert.kovalev368@example.com,35,Male,France,"1585 Main St, Seoul",+6-927-654-7782
369,Irina Volkov,irina.volkov369@example.com,32,Male,China,"8562 Elm St, New York",+9-803-987-8779
370,Tatiana Belov,tatiana.belov370@example.com,33,Female,Bhutan,"6469 Main St, Berlin",+9-684-629-3415
371,Yolanda Zaitsev,yolanda.zaitsev371@example.com,46,Male,France,"3158 Oak St, Amsterdam",+1-533-180-8133
372,Larry Kovalev,larry.kovalev372@example.com,58,Male,China,"4226 Pine St, Beijing",+2-189-497-7510
373,Ivan Sidorov,ivan.sidorov373@example.com,72,Female,United States,"203 Park St, Sao Paulo",+9-900-529-2843
374,Dmitry Dennis,dmitry.dennis374@example.com,27,Male,Australia,"9220 Main St, Berlin",+5-988-648-6633
375,Yulia Sokolov,yulia.sokolov375@example.com,34,Female,Japan,"9373 Park St, Sao Paulo",+8-138-276-5512
376,Olga Dennis,olga.dennis376@example.com,57,Female,Russia,"5432 Oak St, New York",+1-863-586-5400
377,Yulia Kuznetsov,yulia.kuznetsov377@example.com,19,Female,China,"4966 Pine St, Seoul",+5-963-603-2609
378,Nikolay Johnson,nikolay.johnson378@example.com,26,Female,Brazil,"5258 Pine St, Sao Paulo",+7-719-761-2462
379,Larry Lebedev,larry.lebedev379@example.com,31,Female,Brazil,"8463 Pine St, Sao Paulo",+1-627-910-3604
380,Theresa Petrov,theresa.petrov380@example.com,63,Female,France,"8590 Park St, Seoul",+1-277-297-4288
381,Ekaterina Gonzales,ekaterina.gonzales381@example.com,33,Male,Kuwait,"5905 Oak St, Moscow",+5-477-943-8605
382,Natalia Popov,natalia.popov382@example.com,58,Male,Japan,"3964 Pine St, Moscow",+8-708-556-3909
383,Nikolay Kozlov,nikolay.kozlov383@example.com,55,Female,Georgia,"4238 Main St, Paris",+5-128-495-1813
384,Douglas Stepanov,douglas.stepanov384@example.com,54,Male,China,"3689 Oak St, Amsterdam",+5-767-519-9409
385,Alexis Stepanov,alexis.stepanov385@example.com,67,Male,Kuwait,"2168 Oak St, Rome",+1-329-358-6004
386,Marina Smirnov,marina.smirnov386@example.com,59,Female,Iraq,"6169 Pine St, Rome",+8-358-323-8646
387,James Fedorov,james.fedorov387@example.com,51,Female,United Kingdom,"121 Park St, Berlin",+6-674-762-5631
388,James Fedorov,james.fedorov388@example.com,24,Female,Germany,"4530 Pine St, London",+5-367-771-5895
389,Larry Dennis,larry.dennis389@example.com,51,Male,Australia,"9831 Elm St, Moscow",+6-797-243-1417
390,Svetlana Kozlov,svetlana.kozlov390@example.com,36,Female,Australia,"6629 Elm St, New York",+1-697-825-4111
391,Elena Vasiliev,elena.vasiliev391@example.com,63,Male,Japan,"7795 Pine St, Mumbai",+9-407-965-3785
392,Ekaterina Fedorov,ekaterina.fedorov392@example.com,74,Male,Bhutan,"7714 Oak St, Berlin",+5-842-927-3999
393,Andrey Belov,andrey.belov393@example.com,39,Male,Netherlands,"3660 Pine St, London",+7-907-439-7089
394,Maria Volkov,maria.volkov394@example.com,36,Female,China,"7710 Main St, Berlin",+2-583-299-9199
395,Yolanda Stepanov,yolanda.stepanov395@example.com,61,Female,United States,"6769 Main St, Tokyo",+3-240-305-6614
396,Dmitry Volkov,dmitry.volkov396@example.com,75,Female,France,"2955 Main St, London",+8-440-746-3897
397,Elena Baranov,elena.baranov397@example.com,21,Male,Kuwait,"3431 Oak St, Tokyo",+3-601-904-2442
398,Nathaniel Orlov,nathaniel.orlov398@example.com,45,Female,Iraq,"7822 Elm St, New York",+1-138-646-4267
399,Mikhail Kuznetsov,mikhail.kuznetsov399@example.com,18,Female,India,"8701 Oak St, Toronto",+1-792-104-5076
400,Robert Smirnov,robert.smirnov400@example.com,74,Female,Bhutan,"1683 Elm St, Paris",+9-702-413-3736
401,Theresa Kovalev,theresa.kovalev401@example.com,20,Female,Bhutan,"8525 Park St, Sao Paulo",+9-445-544-3192
402,Elena Belov,elena.belov402@example.com,49,Female,India,"2702 Elm St, Amsterdam",+1-333-329-3149
403,Larry Vasiliev,larry.vasiliev403@example.com,19,Male,Germany,"613 Elm St, London",+5-889-647-1796
404,Pavel Gonzales,pavel.gonzales404@example.com,60,Male,Japan,"324 Main St, Toronto",+2-526-554-7230
405,Yolanda Morozov,yolanda.morozov405@example.com,34,Female,Brazil,"3367 Main St, Paris",+5-530-777-2654
406,Andrey Novikov,andrey.novikov406@example.com,35,Male,Iraq,"1719 Park St, Toronto",+2-389-216-2741
407,Sergey Perry,sergey.perry407@example.com,56,Male,India,"8572 Oak St, Tokyo",+6-820-519-5839
408,Douglas Gonzales,douglas.gonzales408@example.com,53,Female,Australia,"7876 Pine St, Amsterdam",+4-102-113-2458
409,Roman Lopez,roman.lopez409@example.com,71,Female,France,"8384 Main St, Berlin",+2-362-759-4787
410,Anna Petrov,anna.petrov410@example.com,34,Female,Russia,"2863 Main St, Berlin",+5-468-920-6123
411,Dmitry Vasiliev,dmitry.vasiliev411@example.com,25,Male,China,"752 Main St, Seoul",+3-779-762-3793
412,Elena Kuznetsov,elena.kuznetsov412@example.com,75,Female,United Kingdom,"1523 Pine St, Tokyo",+6-287-216-7566
413,Olga Lebedev,olga.lebedev413@example.com,35,Female,Brazil,"7836 Elm St, Toronto",+3-215-235-1960
414,Nikolay Robbins,nikolay.robbins414@example.com,24,Female,Australia,"7909 Park St, Beijing",+8-285-725-7221
415,Irina Kuznetsov,irina.kuznetsov415@example.com,57,Male,China,"2141 Elm St, Sydney",+8-215-521-8220
416,Paige Kelly,paige.kelly416@example.com,34,Female,Russia,"8599 Park St, Dubai",+4-785-994-6542
417,Natalia Novikov,natalia.novikov417@example.com,62,Male,Iraq,"4073 Elm St, Sydney",+6-779-792-7305
418,Nathaniel Kovalev,nathaniel.kovalev418@example.com,70,Male,Russia,"2572 Park St, Sydney",+8-972-607-3709
419,Theresa Zaitsev,theresa.zaitsev419@example.com,49,Female,Netherlands,"4558 Main St, London",+9-328-663-7203
420,Olga Kovalev,olga.kovalev420@example.com,33,Male,Kuwait,"9389 Elm St, Sao Paulo",+2-977-610-8324
421,Elena Lopez,elena.lopez421@example.com,49,Male,Germany,"6756 Main St, New York",+9-662-100-2489
422,Alexander Orlov,alexander.orlov422@example.com,57,Female,Australia,"9214 Oak St, Mumbai",+8-449-472-1889
423,Ekaterina Johnson,ekaterina.johnson423@example.com,72,Female,Georgia,"9830 Elm St, Mumbai",+6-833-563-2868
424,Yolanda Zaitsev,yolanda.zaitsev424@example.com,60,Male,Russia,"5819 Pine St, London",+9-634-482-2741
425,Paige Belov,paige.belov425@example.com,28,Female,France,"6705 Main St, Toronto",+5-725-300-4072
426,Yolanda Gusev,yolanda.gusev426@example.com,72,Female,Netherlands,"3123 Pine St, Sao Paulo",+2-875-524-1761
427,Roman Baranov,roman.baranov427@example.com,71,Male,India,"7382 Elm St, Rome",+9-237-610-1071
428,Natalia Vasiliev,natalia.vasiliev428@example.com,21,Female,China,"7913 Park St, Beijing",+3-808-692-3845
429,Mikhail Kovalev,mikhail.kovalev429@example.com,26,Male,Iraq,"9840 Park St, Sydney",+6-616-493-7859
430,Pavel Gusev,pavel.gusev430@example.com,62,Male,Bhutan,"5618 Pine St, New York",+8-924-236-3263
431,Dmitry Orlov,dmitry.orlov431@example.com,62,Female,China,"8976 Pine St, Dubai",+9-747-322-4291
432,Larry Orlov,larry.orlov432@example.com,63,Female,Japan,"2174 Oak St, London",+9-655-810-6281
433,Marina Lopez,marina.lopez433@example.com,66,Female,United States,"9549 Park St, Sao Paulo",+7-790-865-9747
434,James Belov,james.belov434@example.com,72,Female,India,"8565 Main St, Moscow",+1-490-248-1869
435,Andrey Gonzales,andrey.gonzales435@example.com,30,Female,India,"2637 Pine St, Seoul",+5-249-959-2016
436,Marina Andreev,marina.andreev436@example.com,36,Male,India,"530 Pine St, Mumbai",+8-204-730-4675
437,Mikhail Baranov,mikhail.baranov437@example.com,53,Female,Netherlands,"4713 Main St, Mumbai",+7-496-526-6122
438,Ivan Gonzales,ivan.gonzales438@example.com,18,Female,Netherlands,"7260 Oak St, Beijing",+6-873-702-9955
439,Mikhail Orlov,mikhail.orlov439@example.com,30,Male,Bhutan,"2907 Main St, Sao Paulo",+3-277-852-9418
440,Yolanda Popov,yolanda.popov440@example.com,20,Female,Bhutan,"4330 Oak St, Mumbai",+3-698-966-5178
441,Alexis Sidorov,alexis.sidorov441@example.com,47,Male,Russia,"5286 Park St, Paris",+1-892-740-5934
442,Sergey Andreev,sergey.andreev442@example.com,54,Female,Germany,"5208 Park St, Seoul",+4-288-633-2117
443,Alexander Novikov,alexander.novikov443@example.com,28,Female,United States,"6610 Main St, Mumbai",+6-326-318-6437
444,Elena Kuznetsov,elena.kuznetsov444@example.com,36,Male,India,"8692 Elm St, Beijing",+9-943-870-1144
445,Yolanda Fedorov,yolanda.fedorov445@example.com,40,Female,Netherlands,"3995 Main St, Rome",+6-490-915-2857
446,Olga Ivanov,olga.ivanov446@example.com,52,Female,Russia,"8469 Pine St, Rome",+9-922-620-8300
447,Sergey Gonzales,sergey.gonzales447@example.com,36,Male,Georgia,"1350 Main St, Mumbai",+3-891-650-9736
448,Alexis Baranov,alexis.baranov448@example.com,22,Male,Japan,"3493 Elm St, Sydney",+2-310-650-8130
449,Svetlana Kovalev,svetlana.kovalev449@example.com,22,Male,Russia,"5435 Main St, Sao Paulo",+2-175-155-3916
450,Alexander Ivanov,alexander.ivanov450@example.com,53,Male,United Kingdom,"3730 Pine St, Toronto",+7-497-561-7626
451,Dmitry Sidorov,dmitry.sidorov451@example.com,19,Female,Japan,"8763 Main St, Berlin",+2-874-863-1745
452,Marina Stepanov,marina.stepanov452@example.com,22,Female,Australia,"1739 Pine St, Mumbai",+5-721-188-5612
453,Irina Gusev,irina.gusev453@example.com,46,Female,Iraq,"505 Elm St, Toronto",+3-646-325-3234
454,Mikhail Popov,mikhail.popov454@example.com,68,Female,Japan,"4884 Pine St, Paris",+1-666-995-3316
455,Yolanda Gonzales,yolanda.gonzales455@example.com,18,Female,United States,"1395 Pine St, Mumbai",+4-866-859-6633
456,Larry Sokolov,larry.sokolov456@example.com,75,Male,France,"3618 Park St, Paris",+5-298-217-3971
457,Andrey Andreev,andrey.andreev457@example.com,54,Male,China,"8993 Elm St, Seoul",+9-174-397-2103
458,Maria Lopez,maria.lopez458@example.com,30,Female,Georgia,"2101 Oak St, London",+2-391-734-2143
459,Yulia Perry,yulia.perry459@example.com,38,Female,Kuwait,"5009 Park St, London",+3-679-680-6971
460,Alexander Sidorov,alexander.sidorov460@example.com,45,Male,Russia,"4034 Oak St, London",+7-383-960-6889
461,Nathaniel Fedorov,nathaniel.fedorov461@example.com,64,Female,Australia,"7584 Elm St, Sao Paulo",+6-893-412-8978
462,Ivan Lopez,ivan.lopez462@example.com,29,Male,China,"2294 Park St, Tokyo",+4-369-851-2252
463,Mikhail Kelly,mikhail.kelly463@example.com,75,Male,China,"512 Park St, Mumbai",+7-887-704-4485
464,Roman Gonzales,roman.gonzales464@example.com,53,Female,United States,"8843 Elm St, Rome",+3-474-501-4658
465,Yulia Zaitsev,yulia.zaitsev465@example.com,55,Female,France,"8211 Park St, Sao Paulo",+2-506-472-9227
466,Alexis Fedorov,alexis.fedorov466@example.com,33,Male,India,"2300 Elm St, Mumbai",+3-283-679-3395
467,Mikhail Vasiliev,mikhail.vasiliev467@example.com,48,Female,Russia,"7990 Oak St, Amsterdam",+2-370-478-4834
468,Paige Fedorov,paige.fedorov468@example.com,31,Female,Iraq,"7449 Main St, Sao Paulo",+1-764-431-2691
469,Marina Novikov,marina.novikov469@example.com,58,Female,China,"4315 Park St, Dubai",+9-683-278-7171
470,Svetlana Popov,svetlana.popov470@example.com,41,Male,United States,"6166 Oak St, Tokyo",+9-515-461-6653
471,Sergey Andreev,sergey.andreev471@example.com,48,Male,United States,"2277 Elm St, Rome",+3-335-178-9430
472,Svetlana Ivanov,svetlana.ivanov472@example.com,31,Male,France,"5935 Park St, Paris",+2-776-335-7793
473,Alexander Sidorov,alexander.sidorov473@example.com,64,Male,Kuwait,"7845 Elm St, Sydney",+4-704-265-7732
474,Alexis Johnson,alexis.johnson474@example.com,20,Male,United Kingdom,"2640 Oak St, Beijing",+9-140-686-3406
475,Paige Robbins,paige.robbins475@example.com,34,Male,United States,"9820 Park St, New York",+1-999-836-5644
476,Theresa Perry,theresa.perry476@example.com,46,Female,China,"2795 Oak St, Sao Paulo",+7-715-246-3979
477,Pavel Fedorov,pavel.fedorov477@example.com,50,Female,France,"5615 Elm St, Dubai",+2-335-487-7315
478,Nathaniel Lopez,nathaniel.lopez478@example.com,19,Male,United States,"8264 Elm St, Toronto",+3-720-198-3906
479,Sergey Belov,sergey.belov479@example.com,57,Male,Australia,"8707 Park St, Seoul",+2-195-593-3135
480,Yulia Orlov,yulia.orlov480@example.com,52,Male,Australia,"7070 Park St, Seoul",+7-479-995-1711
481,Marina Novikov,marina.novikov481@example.com,45,Male,India,"6247 Pine St, Sao Paulo",+2-535-237-5170
482,Sergey Zaitsev,sergey.zaitsev482@example.com,32,Male,Bhutan,"8909 Elm St, Beijing",+5-293-105-1116
483,Tatiana Novikov,tatiana.novikov483@example.com,25,Male,Iraq,"3366 Pine St, Sydney",+7-470-209-3535
484,Dmitry Baranov,dmitry.baranov484@example.com,55,Female,Bhutan,"8784 Elm St, Toronto",+6-726-382-7511
485,Irina Perry,irina.perry485@example.com,44,Female,France,"9161 Park St, London",+8-359-414-6641
486,Irina Smirnov,irina.smirnov486@example.com,43,Male,China,"1952 Oak St, Toronto",+8-901-816-3650
487,Yolanda Perry,yolanda.perry487@example.com,50,Female,India,"9021 Park St, London",+1-264-498-1086
488,Alexander Kelly,alexander.kelly488@example.com,70,Male,Kuwait,"9835 Elm St, Rome",+2-165-369-4633
489,Viktor Kelly,viktor.kelly489@example.com,56,Male,Brazil,"6565 Park St, New York",+9-393-828-1941
490,Irina Kovalev,irina.kovalev490@example.com,29,Female,Kuwait,"3305 Park St, Moscow",+5-299-134-9364
491,Natalia Smirnov,natalia.smirnov491@example.com,32,Male,Japan,"5894 Oak St, Moscow",+1-261-188-5520
492,Irina Popov,irina.popov492@example.com,40,Female,Iraq,"3282 Park St, Beijing",+1-854-820-2124
493,Roman Kelly,roman.kelly493@example.com,53,Female,Brazil,"9161 Park St, Toronto",+6-455-935-5530
494,Robert Orlov,robert.orlov494@example.com,30,Female,Australia,"9420 Main St, New York",+5-279-516-9294
495,Yolanda Morozov,yolanda.morozov495@example.com,22,Female,Georgia,"8410 Pine St, Berlin",+9-932-912-5098
496,Marina Lebedev,marina.lebedev496@example.com,42,Female,India,"5566 Elm St, Amsterdam",+8-700-982-1448
497,Sergey Lopez,sergey.lopez497@example.com,34,Male,Iraq,"3611 Oak St, Sydney",+6-522-461-9462
498,Ivan Moore,ivan.moore498@example.com,62,Female,Netherlands,"1524 Elm St, Tokyo",+6-177-667-3924
499,Sergey Sidorov,sergey.sidorov499@example.com,40,Male,Australia,"4409 Oak St, Beijing",+4-610-854-4271
500,Robert Vasiliev,robert.vasiliev500@example.com,33,Female,Netherlands,"3323 Oak St, Amsterdam",+6-259-897-2747
501,Yolanda Gusev,yolanda.gusev501@example.com,23,Female,United Kingdom,"8872 Main St, Moscow",+8-480-735-6167
502,Sergey Belov,sergey.belov502@example.com,74,Female,Kuwait,"8375 Pine St, Paris",+7-327-868-3101
503,Paige Novikov,paige.novikov503@example.com,69,Female,Kuwait,"534 Park St, Mumbai",+6-503-981-3863
504,Anna Lopez,anna.lopez504@example.com,62,Female,Georgia,"138 Main St, Dubai",+4-488-694-2650
505,Elena Kuznetsov,elena.kuznetsov505@example.com,57,Female,France,"4307 Oak St, Mumbai",+5-582-727-6621
506,Viktor Robbins,viktor.robbins506@example.com,49,Female,Netherlands,"6100 Pine St, New York",+7-386-561-3947
507,Tatiana Dennis,tatiana.dennis507@example.com,54,Male,China,"4423 Oak St, Berlin",+9-542-976-7240
508,Larry Dennis,larry.dennis508@example.com,69,Male,Kuwait,"160 Oak St, Seoul",+7-611-237-9470
509,Ivan Vasiliev,ivan.vasiliev509@example.com,38,Female,Bhutan,"9211 Park St, Tokyo",+1-507-201-3676
510,Paige Perry,paige.perry510@example.com,70,Female,Kuwait,"1578 Elm St, Toronto",+6-366-469-6903
511,Ivan Morozov,ivan.morozov511@example.com,69,Female,Georgia,"6747 Main St, Moscow",+6-988-795-4259
512,Tatiana Volkov,tatiana.volkov512@example.com,59,Male,India,"5819 Pine St, Tokyo",+9-599-893-8322
513,Yulia Kelly,yulia.kelly513@example.com,42,Female,Kuwait,"2374 Oak St, Sydney",+6-531-746-7631
514,Nikolay Gusev,nikolay.gusev514@example.com,22,Male,France,"3740 Pine St, London",+6-768-398-5382
515,Pavel Baranov,pavel.baranov515@example.com,43,Female,Australia,"5951 Park St, Sao Paulo",+9-561-523-3741
516,Douglas Stepanov,douglas.stepanov516@example.com,19,Male,Brazil,"4123 Main St, Amsterdam",+4-270-506-2687
517,Yolanda Kelly,yolanda.kelly517@example.com,74,Female,United States,"432 Elm St, Moscow",+9-883-185-2702
518,Maria Orlov,maria.orlov518@example.com,27,Male,Japan,"6388 Pine St, Rome",+4-353-855-5655
519,Anna Baranov,anna.baranov519@example.com,26,Male,United States,"2796 Main St, Toronto",+1-779-465-6328
520,Nikolay Kozlov,nikolay.kozlov520@example.com,47,Female,United States,"2214 Park St, Sao Paulo",+3-705-711-8480
521,Svetlana Vasiliev,svetlana.vasiliev521@example.com,58,Female,United States,"8746 Pine St, Sydney",+6-593-652-4721
522,Alexander Kelly,alexander.kelly522@example.com,46,Female,Georgia,"4257 Oak St, New York",+5-110-100-9574
523,Ekaterina Zaitsev,ekaterina.zaitsev523@example.com,72,Male,Georgia,"7688 Park St, Tokyo",+1-804-603-8816
524,James Moore,james.moore524@example.com,67,Female,India,"9782 Oak St, Tokyo",+1-661-482-4089
525,Dmitry Belov,dmitry.belov525@example.com,53,Female,Iraq,"2676 Elm St, Amsterdam",+7-325-369-2297
526,Dmitry Baranov,dmitry.baranov526@example.com,33,Female,Bhutan,"8716 Pine St, Sydney",+7-292-973-2121
527,Douglas Dennis,douglas.dennis527@example.com,36,Male,Japan,"7419 Pine St, Sao Paulo",+8-292-428-1317
528,Nathaniel Gonzales,nathaniel.gonzales528@example.com,52,Male,France,"4623 Pine St, Berlin",+3-832-548-1134
529,Robert Kelly,robert.kelly529@example.com,27,Male,Kuwait,"5602 Elm St, Amsterdam",+5-904-918-9165
530,Viktor Lebedev,viktor.lebedev530@example.com,62,Male,Georgia,"2394 Main St, Berlin",+5-894-501-2169
531,Ivan Kozlov,ivan.kozlov531@example.com,29,Male,Australia,"4098 Elm St, Toronto",+1-224-886-5078
532,Olga Zaitsev,olga.zaitsev532@example.com,46,Male,Brazil,"3264 Elm St, Moscow",+2-633-781-4415
533,Sergey Popov,sergey.popov533@example.com,61,Female,Australia,"2599 Main St, London",+9-633-225-5150
534,Sergey Baranov,sergey.baranov534@example.com,37,Male,Georgia,"854 Oak St, Rome",+2-341-748-8113
535,Elena Moore,elena.moore535@example.com,28,Female,United Kingdom,"6485 Oak St, Berlin",+1-143-695-8786
536,Marina Orlov,marina.orlov536@example.com,27,Female,India,"4076 Oak St, Berlin",+8-193-802-6544
537,Roman Zaitsev,roman.zaitsev537@example.com,58,Male,Russia,"2522 Park St, London",+2-228-599-4812
538,Elena Morozov,elena.morozov538@example.com,68,Female,India,"7188 Oak St, Rome",+1-805-486-6868
539,Mikhail Dennis,mikhail.dennis539@example.com,34,Male,Kuwait,"7169 Park St, Dubai",+5-655-813-9029
540,Larry Volkov,larry.volkov540@example.com,29,Female,Georgia,"7675 Pine St, Dubai",+9-264-170-9702
541,Nathaniel Lebedev,nathaniel.lebedev541@example.com,36,Female,United States,"7440 Main St, London",+9-488-851-4039
542,Yulia Moore,yulia.moore542@example.com,57,Female,India,"3913 Pine St, Beijing",+2-774-651-7348
543,Larry Novikov,larry.novikov543@example.com,61,Female,India,"2526 Park St, Mumbai",+5-430-519-6276
544,Yolanda Lopez,yolanda.lopez544@example.com,51,Male,Russia,"2127 Oak St, Toronto",+1-306-209-8952
545,Larry Lopez,larry.lopez545@example.com,20,Female,Japan,"8616 Park St, Sao Paulo",+5-150-475-4616
546,Pavel Smirnov,pavel.smirnov546@example.com,22,Male,Australia,"3420 Elm St, Rome",+2-579-920-1994
547,Viktor Morozov,viktor.morozov547@example.com,65,Female,China,"956 Park St, London",+5-641-141-2153
548,Ekaterina Petrov,ekaterina.petrov548@example.com,22,Male,United States,"1659 Oak St, Berlin",+9-494-294-4164
549,Natalia Fedorov,natalia.fedorov549@example.com,33,Male,United States,"9145 Elm St, Dubai",+2-884-753-6864
550,Andrey Lebedev,andrey.lebedev550@example.com,62,Female,Australia,"2734 Oak St, Berlin",+9-511-616-6529
551,Andrey Robbins,andrey.robbins551@example.com,52,Female,Australia,"5164 Park St, London",+6-965-480-7755
552,Irina Baranov,irina.baranov552@example.com,45,Female,United Kingdom,"9227 Park St, Amsterdam",+4-484-884-5162
553,Viktor Lebedev,viktor.lebedev553@example.com,46,Female,Russia,"568 Pine St, Dubai",+1-630-238-5945
554,Alexis Petrov,alexis.petrov554@example.com,32,Male,China,"356 Pine St, London",+9-623-669-3534
555,Yolanda Gonzales,yolanda.gonzales555@example.com,47,Female,France,"4342 Pine St, Paris",+4-338-362-5920
556,Theresa Volkov,theresa.volkov556@example.com,43,Male,Brazil,"5320 Elm St, Berlin",+3-599-945-2562
557,Pavel Baranov,pavel.baranov557@example.com,37,Male,Brazil,"9442 Elm St, Seoul",+2-898-157-6478
558,Viktor Belov,viktor.belov558@example.com,70,Female,Iraq,"1975 Oak St, Rome",+1-749-896-7266
559,Paige Petrov,paige.petrov559@example.com,51,Male,Georgia,"9256 Oak St, Mumbai",+6-614-814-4617
560,Nathaniel Gonzales,nathaniel.gonzales560@example.com,61,Female,Kuwait,"9751 Park St, Seoul",+9-192-327-8076
561,James Andreev,james.andreev561@example.com,43,Male,France,"1353 Elm St, London",+1-661-508-5301
562,Theresa Popov,theresa.popov562@example.com,50,Female,India,"2137 Oak St, Dubai",+8-672-302-8993
563,Olga Baranov,olga.baranov563@example.com,54,Male,United States,"8590 Oak St, Beijing",+4-173-372-8046
564,Elena Fedorov,elena.fedorov564@example.com,54,Male,Germany,"6777 Elm St, Sydney",+6-456-295-6254
565,Viktor Orlov,viktor.orlov565@example.com,59,Male,India,"2774 Pine St, Tokyo",+8-738-249-8216
566,Paige Gusev,paige.gusev566@example.com,70,Male,Netherlands,"6125 Oak St, Sydney",+2-215-857-1893
567,Robert Orlov,robert.orlov567@example.com,27,Female,Russia,"1824 Pine St, London",+8-582-123-6437
568,Larry Vasiliev,larry.vasiliev568@example.com,52,Male,Netherlands,"8574 Pine St, Mumbai",+9-594-737-3315
569,Marina Smirnov,marina.smirnov569@example.com,60,Male,Iraq,"8632 Main St, Beijing",+5-274-161-5653
570,Larry Andreev,larry.andreev570@example.com,62,Female,Russia,"137 Main St, Sao Paulo",+7-776-377-6901
571,Nikolay Lopez,nikolay.lopez571@example.com,19,Female,China,"6333 Oak St, Rome",+7-620-826-2631
572,Yulia Sidorov,yulia.sidorov572@example.com,49,Male,France,"8203 Elm St, Amsterdam",+9-829-122-1651
573,Robert Gusev,robert.gusev573@example.com,51,Female,Georgia,"6446 Oak St, Sao Paulo",+1-455-800-6765
574,Viktor Baranov,viktor.baranov574@example.com,37,Male,United States,"1016 Pine St, Tokyo",+7-934-130-5590
575,Robert Dennis,robert.dennis575@example.com,39,Female,Japan,"1439 Elm St, Paris",+9-794-727-4726
576,Dmitry Johnson,dmitry.johnson576@example.com,54,Male,Iraq,"9919 Pine St, Tokyo",+8-655-234-4387
577,Svetlana Dennis,svetlana.dennis577@example.com,55,Male,China,"5063 Park St, Paris",+3-540-888-3378
578,Svetlana Gusev,svetlana.gusev578@example.com,54,Male,Georgia,"9132 Park St, Berlin",+2-288-425-3384
579,Mikhail Moore,mikhail.moore579@example.com,66,Female,Australia,"6738 Pine St, New York",+8-863-941-5485
580,Nathaniel Zaitsev,nathaniel.zaitsev580@example.com,30,Male,France,"430 Park St, Paris",+5-720-680-4783
581,Pavel Johnson,pavel.johnson581@example.com,32,Male,Georgia,"7809 Oak St, Berlin",+9-966-719-8680
582,Marina Baranov,marina.baranov582@example.com,41,Male,China,"8052 Elm St, New York",+3-267-297-4707
583,Paige Sokolov,paige.sokolov583@example.com,66,Male,Australia,"6768 Oak St, Tokyo",+4-875-309-2083
584,Douglas Gusev,douglas.gusev584@example.com,46,Female,Brazil,"7497 Oak St, London",+7-514-894-1685
585,Pavel Vasiliev,pavel.vasiliev585@example.com,70,Female,Brazil,"6458 Park St, London",+9-637-756-1630
586,Natalia Lopez,natalia.lopez586@example.com,46,Female,China,"695 Oak St, Rome",+9-650-505-1643
587,Ivan Popov,ivan.popov587@example.com,51,Male,Netherlands,"7202 Elm St, Tokyo",+5-892-947-5684
588,Anna Robbins,anna.robbins588@example.com,45,Female,United Kingdom,"894 Park St, Rome",+3-574-949-8400
589,Theresa Vasiliev,theresa.vasiliev589@example.com,50,Male,France,"9592 Park St, Seoul",+3-502-523-6299
590,Anna Moore,anna.moore590@example.com,29,Female,United Kingdom,"3309 Elm St, Rome",+2-356-431-3686
591,Marina Vasiliev,marina.vasiliev591@example.com,25,Male,Germany,"7363 Pine St, Dubai",+2-636-824-7292
592,Mikhail Andreev,mikhail.andreev592@example.com,50,Male,Iraq,"6236 Main St, Mumbai",+3-443-679-3459
593,Douglas Stepanov,douglas.stepanov593@example.com,27,Male,India,"841 Elm St, Dubai",+5-416-847-8311
594,James Baranov,james.baranov594@example.com,29,Male,Australia,"3324 Main St, Paris",+5-112-569-9153
595,Nikolay Kozlov,nikolay.kozlov595@example.com,52,Male,United Kingdom,"8085 Oak St, Rome",+4-702-775-8794
596,Anna Sokolov,anna.sokolov596@example.com,46,Male,United Kingdom,"108 Oak St, Beijing",+9-384-734-4401
597,Paige Robbins,paige.robbins597@example.com,27,Male,Japan,"602 Oak St, London",+1-783-691-5889
598,Elena Gusev,elena.gusev598@example.com,23,Male,Germany,"2921 Oak St, New York",+5-725-776-3906
599,Anna Vasiliev,anna.vasiliev599@example.com,55,Female,Australia,"1526 Pine St, Moscow",+6-477-488-2108
600,Irina Sokolov,irina.sokolov600@example.com,71,Male,Bhutan,"2205 Main St, Sao Paulo",+5-437-639-7779
601,Natalia Perry,natalia.perry601@example.com,62,Male,United Kingdom,"1791 Park St, Moscow",+9-189-595-5705
602,Dmitry Orlov,dmitry.orlov602@example.com,72,Female,Bhutan,"9424 Park St, Mumbai",+6-232-729-9132
603,Natalia Vasiliev,natalia.vasiliev603@example.com,58,Female,Kuwait,"2948 Park St, Seoul",+4-825-397-4171
604,Alexis Lopez,alexis.lopez604@example.com,19,Female,Japan,"1933 Oak St, Seoul",+7-523-146-6468
605,Viktor Morozov,viktor.morozov605@example.com,69,Male,Russia,"3297 Pine St, Sydney",+5-909-169-6042
606,James Novikov,james.novikov606@example.com,53,Female,India,"1866 Pine St, Moscow",+6-505-841-1477
607,Ekaterina Robbins,ekaterina.robbins607@example.com,30,Female,China,"7850 Elm St, London",+1-761-239-8888
608,Nathaniel Baranov,nathaniel.baranov608@example.com,47,Female,Kuwait,"6783 Main St, Seoul",+9-406-678-6169
609,Ivan Morozov,ivan.morozov609@example.com,19,Male,United Kingdom,"5435 Pine St, Sydney",+2-252-387-1510
610,Elena Popov,elena.popov610@example.com,58,Male,United Kingdom,"6383 Oak St, Beijing",+2-985-901-6050
611,Marina Stepanov,marina.stepanov611@example.com,38,Male,Bhutan,"1423 Elm St, New York",+4-480-562-5958
612,Larry Novikov,larry.novikov612@example.com,37,Male,Germany,"613 Oak St, London",+2-554-618-1408
613,Alexander Kozlov,alexander.kozlov613@example.com,75,Male,Netherlands,"7922 Park St, London",+5-894-435-3347
614,Irina Stepanov,irina.stepanov614@example.com,24,Male,Netherlands,"599 Elm St, Dubai",+7-830-985-9558
615,Yolanda Moore,yolanda.moore615@example.com,37,Male,Japan,"9737 Main St, Toronto",+6-578-147-2689
616,Natalia Zaitsev,natalia.zaitsev616@example.com,60,Female,Russia,"5115 Oak St, Beijing",+6-305-297-5695
617,Maria Morozov,maria.morozov617@example.com,38,Female,Japan,"4468 Oak St, Berlin",+3-380-217-1249
618,Pavel Morozov,pavel.morozov618@example.com,50,Male,Netherlands,"5740 Park St, Mumbai",+6-377-244-5641
619,Tatiana Johnson,tatiana.johnson619@example.com,28,Male,Bhutan,"5550 Park St, Beijing",+8-151-233-1475
620,Sergey Belov,sergey.belov620@example.com,61,Male,Germany,"882 Main St, New York",+7-501-283-8304
621,Pavel Kuznetsov,pavel.kuznetsov621@example.com,37,Female,China,"8741 Main St, Amsterdam",+8-681-234-2522
622,Ekaterina Andreev,ekaterina.andreev622@example.com,62,Female,Germany,"5086 Elm St, Sao Paulo",+8-337-329-3354
623,Nikolay Belov,nikolay.belov623@example.com,57,Female,Australia,"6424 Oak St, London",+6-907-981-6320
624,Anna Kozlov,anna.kozlov624@example.com,19,Male,Kuwait,"5759 Elm St, Berlin",+8-966-274-5624
625,Irina Kuznetsov,irina.kuznetsov625@example.com,56,Male,United States,"6647 Main St, Berlin",+6-669-765-2162
626,Alexander Petrov,alexander.petrov626@example.com,52,Female,Iraq,"6774 Oak St, Beijing",+4-661-262-8903
627,Olga Kelly,olga.kelly627@example.com,39,Male,China,"9683 Elm St, Dubai",+7-680-906-6606
628,Ivan Smirnov,ivan.smirnov628@example.com,33,Male,Japan,"1277 Park St, Sydney",+8-217-706-8584
629,Elena Morozov,elena.morozov629@example.com,24,Female,France,"6649 Main St, Tokyo",+2-801-933-7208
630,Elena Kozlov,elena.kozlov630@example.com,59,Male,Germany,"2277 Park St, Amsterdam",+1-875-250-3444
631,Anna Morozov,anna.morozov631@example.com,36,Female,United Kingdom,"7327 Oak St, Beijing",+4-797-998-6187
632,James Volkov,james.volkov632@example.com,68,Female,Australia,"7123 Pine St, Rome",+2-696-108-9362
633,Olga Stepanov,olga.stepanov633@example.com,26,Female,Russia,"8993 Main St, London",+1-820-673-6885
634,Yolanda Stepanov,yolanda.stepanov634@example.com,36,Male,Netherlands,"9670 Elm St, New York",+6-828-491-7652
635,Olga Sokolov,olga.sokolov635@example.com,52,Male,Japan,"7781 Oak St, Paris",+4-668-493-6902
636,Ekaterina Sokolov,ekaterina.sokolov636@example.com,27,Female,China,"2057 Oak St, Sydney",+1-173-763-1257
637,Nathaniel Vasiliev,nathaniel.vasiliev637@example.com,74,Female,Japan,"2225 Main St, New York",+3-757-925-7813
638,Nikolay Lebedev,nikolay.lebedev638@example.com,75,Female,United Kingdom,"7445 Park St, Paris",+7-665-939-8373
639,Olga Kuznetsov,olga.kuznetsov639@example.com,32,Male,Iraq,"122 Park St, Beijing",+8-967-848-4878
640,Marina Novikov,marina.novikov640@example.com,35,Female,Australia,"9443 Pine St, Mumbai",+1-138-681-8917
641,Marina Kuznetsov,marina.kuznetsov641@example.com,25,Female,Brazil,"2328 Park St, Berlin",+5-576-629-2281
642,Natalia Belov,natalia.belov642@example.com,57,Male,Netherlands,"1280 Park St, Sao Paulo",+5-727-154-6628
643,Ivan Zaitsev,ivan.zaitsev643@example.com,18,Female,Kuwait,"7688 Park St, Mumbai",+6-531-461-5827
644,James Robbins,james.robbins644@example.com,20,Female,Brazil,"9236 Pine St, Seoul",+1-744-584-3770
645,Tatiana Gonzales,tatiana.gonzales645@example.com,60,Female,India,"448 Pine St, Dubai",+8-184-229-9283
646,Theresa Stepanov,theresa.stepanov646@example.com,68,Female,Bhutan,"4604 Pine St, Paris",+5-114-859-2827
647,Pavel Robbins,pavel.robbins647@example.com,55,Male,Japan,"6059 Oak St, Sao Paulo",+5-901-817-4869
648,Sergey Robbins,sergey.robbins648@example.com,69,Male,Georgia,"2377 Park St, Berlin",+3-957-607-7765
649,Irina Popov,irina.popov649@example.com,33,Female,Brazil,"2741 Oak St, Sydney",+6-155-757-5331
650,Irina Kovalev,irina.kovalev650@example.com,25,Male,France,"6534 Elm St, Sao Paulo",+5-587-864-9724
651,Robert Popov,robert.popov651@example.com,61,Female,Kuwait,"2379 Park St, Tokyo",+7-112-395-8353
652,Olga Fedorov,olga.fedorov652@example.com,38,Male,Germany,"8705 Pine St, Rome",+7-725-767-5466
653,Elena Ivanov,elena.ivanov653@example.com,35,Male,Bhutan,"9572 Elm St, Sydney",+8-891-791-4961
654,Mikhail Fedorov,mikhail.fedorov654@example.com,55,Male,United States,"2948 Pine St, London",+9-110-788-1138
655,Ekaterina Kelly,ekaterina.kelly655@example.com,18,Female,Germany,"1703 Elm St, Mumbai",+6-324-842-5641
656,Maria Perry,maria.perry656@example.com,20,Male,United Kingdom,"932 Park St, Berlin",+4-713-753-2995
657,Marina Lopez,marina.lopez657@example.com,23,Male,Iraq,"9275 Oak St, Sydney",+2-812-288-5150
658,James Lebedev,james.lebedev658@example.com,60,Male,Japan,"4529 Elm St, Sao Paulo",+6-363-265-2212
659,Maria Zaitsev,maria.zaitsev659@example.com,21,Female,Iraq,"985 Pine St, London",+5-282-551-2137
660,Sergey Gusev,sergey.gusev660@example.com,30,Female,France,"8062 Main St, Sydney",+3-653-887-8065
661,Larry Orlov,larry.orlov661@example.com,59,Male,Australia,"4244 Main St, Sao Paulo",+1-174-172-5105
662,Irina Lebedev,irina.lebedev662@example.com,19,Female,France,"15 Main St, Sydney",+7-372-255-6403
663,Yulia Popov,yulia.popov663@example.com,54,Male,United States,"8040 Elm St, Dubai",+7-513-964-2148
664,Ivan Johnson,ivan.johnson664@example.com,18,Female,Brazil,"7899 Main St, Toronto",+9-467-441-5961
665,Olga Gonzales,olga.gonzales665@example.com,58,Male,Georgia,"5572 Main St, Mumbai",+8-878-884-5750
666,Svetlana Perry,svetlana.perry666@example.com,29,Male,Iraq,"3130 Pine St, Sydney",+7-209-745-6886
667,Sergey Kelly,sergey.kelly667@example.com,74,Female,Brazil,"2293 Main St, Amsterdam",+4-125-837-4907
668,Sergey Popov,sergey.popov668@example.com,22,Female,Kuwait,"7362 Main St, Mumbai",+1-447-157-6533
669,Alexander Vasiliev,alexander.vasiliev669@example.com,20,Female,Germany,"8571 Elm St, Amsterdam",+9-252-858-4817
670,Roman Kelly,roman.kelly670@example.com,20,Male,Kuwait,"313 Elm St, Sydney",+1-348-818-3138
671,Alexis Robbins,alexis.robbins671@example.com,58,Male,Australia,"1595 Elm St, Tokyo",+3-955-705-2047
672,Ekaterina Kovalev,ekaterina.kovalev672@example.com,24,Male,Kuwait,"3614 Main St, Beijing",+4-536-445-7586
673,Elena Lopez,elena.lopez673@example.com,61,Male,Georgia,"3494 Main St, Toronto",+3-443-164-2978
674,Maria Dennis,maria.dennis674@example.com,66,Female,France,"6061 Park St, Dubai",+3-549-349-1666
675,Nathaniel Lopez,nathaniel.lopez675@example.com,68,Female,India,"257 Elm St, Paris",+2-106-107-3939
676,Roman Kelly,roman.kelly676@example.com,63,Female,Iraq,"7799 Oak St, Dubai",+4-246-755-5439
677,Natalia Lebedev,natalia.lebedev677@example.com,44,Male,France,"617 Park St, Beijing",+3-834-611-2442
678,Svetlana Kovalev,svetlana.kovalev678@example.com,68,Female,Georgia,"75 Park St, New York",+4-296-220-9686
679,Yolanda Orlov,yolanda.orlov679@example.com,41,Male,Kuwait,"3410 Pine St, Seoul",+1-298-215-3444
680,Andrey Stepanov,andrey.stepanov680@example.com,48,Female,France,"707 Main St, Paris",+6-391-314-8121
681,Maria Sidorov,maria.sidorov681@example.com,57,Female,Russia,"860 Park St, Berlin",+3-261-904-1476
682,Sergey Novikov,sergey.novikov682@example.com,25,Male,Australia,"7288 Park St, Amsterdam",+6-529-303-6336
683,Robert Zaitsev,robert.zaitsev683@example.com,25,Female,Netherlands,"3885 Elm St, Berlin",+4-484-325-2204
684,Sergey Volkov,sergey.volkov684@example.com,49,Male,Australia,"2375 Oak St, New York",+8-282-496-7119
685,Nathaniel Lebedev,nathaniel.lebedev685@example.com,64,Male,Japan,"4419 Oak St, London",+6-230-132-1977
686,Maria Dennis,maria.dennis686@example.com,25,Female,Kuwait,"2805 Pine St, New York",+4-402-718-3568
687,Alexander Andreev,alexander.andreev687@example.com,58,Male,United Kingdom,"3764 Main St, Mumbai",+7-977-634-9015
688,Nikolay Perry,nikolay.perry688@example.com,55,Female,China,"4574 Main St, Sao Paulo",+7-853-993-5041
689,Robert Sidorov,robert.sidorov689@example.com,45,Male,Australia,"9696 Oak St, Rome",+1-527-145-1656
690,Sergey Vasiliev,sergey.vasiliev690@example.com,67,Male,Iraq,"6461 Elm St, Mumbai",+2-563-607-4940
691,Theresa Morozov,theresa.morozov691@example.com,66,Male,Brazil,"6663 Oak St, Dubai",+3-467-402-4916
692,Svetlana Kelly,svetlana.kelly692@example.com,19,Female,Japan,"2651 Elm St, Tokyo",+1-565-574-3271
693,Nikolay Smirnov,nikolay.smirnov693@example.com,43,Male,India,"6069 Elm St, Toronto",+1-981-742-2158
694,Olga Belov,olga.belov694@example.com,62,Female,United States,"4860 Elm St, Moscow",+5-814-727-9887
695,Tatiana Andreev,tatiana.andreev695@example.com,31,Male,United Kingdom,"5501 Main St, Rome",+9-790-472-1844
696,Yolanda Popov,yolanda.popov696@example.com,41,Female,United Kingdom,"5990 Pine St, Moscow",+3-763-672-2097
697,Ivan Smirnov,ivan.smirnov697@example.com,67,Male,France,"3910 Park St, London",+2-764-589-4437
698,Irina Vasiliev,irina.vasiliev698@example.com,66,Male,Georgia,"4381 Park St, London",+7-383-155-2038
699,Viktor Kuznetsov,viktor.kuznetsov699@example.com,46,Female,United States,"2011 Elm St, Mumbai",+9-794-945-9730
700,Yulia Petrov,yulia.petrov700@example.com,46,Female,India,"1076 Oak St, Sydney",+8-189-182-7400
701,Yulia Robbins,yulia.robbins701@example.com,36,Male,Germany,"4522 Main St, Paris",+3-608-254-4346
702,Natalia Baranov,natalia.baranov702@example.com,19,Female,Iraq,"8871 Oak St, Sydney",+8-455-530-8272
703,Mikhail Baranov,mikhail.baranov703@example.com,19,Female,Netherlands,"362 Oak St, Berlin",+9-760-443-7745
704,Tatiana Sidorov,tatiana.sidorov704@example.com,59,Female,Kuwait,"8687 Park St, Beijing",+8-568-411-3161
705,Yulia Andreev,yulia.andreev705@example.com,37,Male,India,"3716 Elm St, Tokyo",+6-395-888-1775
706,Nathaniel Kuznetsov,nathaniel.kuznetsov706@example.com,36,Female,France,"2635 Park St, Beijing",+5-286-279-3514
707,Douglas Johnson,douglas.johnson707@example.com,25,Male,Georgia,"2073 Elm St, Beijing",+5-478-288-4361
708,Ivan Smirnov,ivan.smirnov708@example.com,20,Female,Georgia,"6110 Elm St, Paris",+9-266-646-5940
709,Yolanda Gusev,yolanda.gusev709@example.com,19,Female,Australia,"2382 Elm St, Sao Paulo",+6-259-104-9948
710,Natalia Sidorov,natalia.sidorov710@example.com,59,Female,Kuwait,"4749 Park St, Rome",+3-918-678-8243
711,Elena Smirnov,elena.smirnov711@example.com,25,Female,Australia,"2285 Park St, Moscow",+2-415-125-7580
712,Pavel Kovalev,pavel.kovalev712@example.com,32,Female,Georgia,"5348 Main St, Berlin",+4-697-639-4639
713,Alexander Gusev,alexander.gusev713@example.com,67,Female,Netherlands,"1370 Park St, Moscow",+8-793-787-2431
714,Natalia Popov,natalia.popov714@example.com,30,Female,Georgia,"9914 Park St, Beijing",+1-782-469-7513
715,Nathaniel Smirnov,nathaniel.smirnov715@example.com,72,Female,Georgia,"6109 Main St, New York",+5-453-459-6047
716,Anna Stepanov,anna.stepanov716@example.com,53,Male,Netherlands,"7279 Elm St, Dubai",+8-395-267-7944
717,Mikhail Belov,mikhail.belov717@example.com,44,Male,China,"9797 Main St, Beijing",+3-312-410-8776
718,Nikolay Novikov,nikolay.novikov718@example.com,39,Male,Australia,"6157 Main St, Beijing",+1-519-754-5478
719,Dmitry Robbins,dmitry.robbins719@example.com,53,Female,Brazil,"2244 Oak St, Beijing",+3-952-490-5742
720,Ivan Kozlov,ivan.kozlov720@example.com,20,Female,China,"4980 Elm St, Beijing",+9-857-574-4678
721,Alexis Andreev,alexis.andreev721@example.com,18,Male,Bhutan,"7743 Main St, Tokyo",+5-527-283-9059
722,Roman Smirnov,roman.smirnov722@example.com,59,Male,Russia,"4542 Elm St, Berlin",+2-713-863-6927
723,Tatiana Kozlov,tatiana.kozlov723@example.com,54,Female,China,"7800 Main St, Tokyo",+6-624-850-1287
724,Nikolay Ivanov,nikolay.ivanov724@example.com,28,Male,France,"7554 Oak St, London",+6-267-154-5467
725,Viktor Sokolov,viktor.sokolov725@example.com,58,Female,Russia,"4779 Park St, Tokyo",+2-626-298-4002
726,Irina Lopez,irina.lopez726@example.com,56,Male,United States,"5181 Pine St, London",+5-801-814-6939
727,Yolanda Morozov,yolanda.morozov727@example.com,55,Female,China,"212 Oak St, Paris",+9-388-481-8944
728,Dmitry Sidorov,dmitry.sidorov728@example.com,28,Male,Netherlands,"8248 Oak St, Paris",+4-914-672-9612
729,Nikolay Morozov,nikolay.morozov729@example.com,63,Male,Iraq,"1252 Main St, Sao Paulo",+3-117-591-6705
730,James Smirnov,james.smirnov730@example.com,41,Male,China,"9792 Park St, Sao Paulo",+6-276-826-5991
731,Alexis Vasiliev,alexis.vasiliev731@example.com,70,Male,Netherlands,"2333 Oak St, Paris",+5-228-314-3133
732,Theresa Sokolov,theresa.sokolov732@example.com,62,Male,Germany,"7935 Elm St, Moscow",+1-301-210-1537
733,Alexander Fedorov,alexander.fedorov733@example.com,50,Male,Kuwait,"4146 Main St, Berlin",+2-408-783-1168
734,Irina Lopez,irina.lopez734@example.com,68,Male,Australia,"3366 Park St, Beijing",+4-289-786-6759
735,Alexis Kelly,alexis.kelly735@example.com,27,Female,United Kingdom,"5771 Oak St, London",+9-899-846-4962
736,Natalia Volkov,natalia.volkov736@example.com,22,Male,China,"230 Park St, Beijing",+4-832-296-5617
737,Douglas Belov,douglas.belov737@example.com,66,Male,Brazil,"3507 Park St, Berlin",+8-475-814-4033
738,Anna Fedorov,anna.fedorov738@example.com,24,Male,China,"6220 Elm St, London",+4-626-333-7677
739,Yolanda Zaitsev,yolanda.zaitsev739@example.com,38,Male,Kuwait,"8516 Oak St, Berlin",+8-880-469-5723
740,Ivan Vasiliev,ivan.vasiliev740@example.com,20,Male,Georgia,"1896 Elm St, Sao Paulo",+5-567-714-6111
741,Andrey Kovalev,andrey.kovalev741@example.com,46,Male,United States,"4762 Elm St, New York",+4-977-171-8793
742,Andrey Kuznetsov,andrey.kuznetsov742@example.com,29,Male,Japan,"1724 Elm St, Sao Paulo",+8-635-774-2392
743,Yolanda Dennis,yolanda.dennis743@example.com,43,Female,Brazil,"1667 Oak St, Beijing",+2-472-303-6548
744,Larry Orlov,larry.orlov744@example.com,72,Female,Germany,"6959 Elm St, Amsterdam",+5-883-830-5472
745,Irina Andreev,irina.andreev745@example.com,69,Female,Georgia,"9883 Elm St, Sao Paulo",+8-623-385-3414
746,Irina Lebedev,irina.lebedev746@example.com,24,Male,Bhutan,"8148 Oak St, Sao Paulo",+3-130-201-1865
747,Ekaterina Kelly,ekaterina.kelly747@example.com,49,Male,France,"9906 Pine St, New York",+3-410-736-2578
748,Irina Kelly,irina.kelly748@example.com,60,Female,India,"3309 Pine St, Sao Paulo",+8-602-616-5287
749,Ivan Sidorov,ivan.sidorov749@example.com,69,Male,India,"7052 Main St, Moscow",+7-560-422-7165
750,Anna Lebedev,anna.lebedev750@example.com,20,Male,France,"4966 Oak St, Mumbai",+8-541-237-6119
751,Marina Popov,marina.popov751@example.com,49,Male,United Kingdom,"8038 Park St, Sydney",+9-685-581-8797
752,Ivan Stepanov,ivan.stepanov752@example.com,28,Male,Iraq,"8106 Park St, Tokyo",+7-731-792-6779
753,Irina Petrov,irina.petrov753@example.com,38,Male,Russia,"740 Oak St, Beijing",+6-457-928-1440
754,Irina Belov,irina.belov754@example.com,58,Female,Iraq,"7015 Pine St, Berlin",+6-521-459-1924
755,Andrey Johnson,andrey.johnson755@example.com,33,Male,Japan,"9709 Main St, Tokyo",+2-989-412-2875
756,Elena Robbins,elena.robbins756@example.com,19,Female,Russia,"6922 Park St, Sao Paulo",+9-531-373-1334
757,Marina Kozlov,marina.kozlov757@example.com,55,Male,Georgia,"9345 Elm St, New York",+6-686-200-9001
758,Yolanda Smirnov,yolanda.smirnov758@example.com,61,Male,Georgia,"8238 Pine St, Sao Paulo",+3-729-406-6952
759,Dmitry Perry,dmitry.perry759@example.com,49,Male,China,"8780 Oak St, Toronto",+5-371-148-5871
760,Tatiana Popov,tatiana.popov760@example.com,69,Male,United Kingdom,"1507 Park St, Dubai",+2-706-444-5478
761,Theresa Volkov,theresa.volkov761@example.com,69,Female,Iraq,"5691 Main St, Amsterdam",+5-616-923-5913
762,Dmitry Fedorov,dmitry.fedorov762@example.com,52,Female,Netherlands,"6592 Pine St, New York",+9-564-787-9971
763,Douglas Belov,douglas.belov763@example.com,19,Male,United Kingdom,"3490 Elm St, Sao Paulo",+5-753-645-8106
764,Roman Volkov,roman.volkov764@example.com,64,Male,United States,"5969 Elm St, Amsterdam",+3-346-254-5919
765,Nikolay Sokolov,nikolay.sokolov765@example.com,44,Female,China,"1056 Oak St, Toronto",+7-373-943-5702
766,Svetlana Robbins,svetlana.robbins766@example.com,34,Male,Iraq,"1861 Oak St, Amsterdam",+4-128-351-6087
767,Anna Kozlov,anna.kozlov767@example.com,53,Female,Iraq,"607 Oak St, Sydney",+3-379-239-1477
768,Maria Andreev,maria.andreev768@example.com,69,Female,Japan,"2884 Main St, Mumbai",+8-901-120-1906
769,Nikolay Belov,nikolay.belov769@example.com,23,Female,United Kingdom,"1042 Elm St, Tokyo",+6-787-773-2479
770,Olga Kovalev,olga.kovalev770@example.com,64,Male,Netherlands,"9355 Park St, Berlin",+2-634-780-9605
771,Maria Kozlov,maria.kozlov771@example.com,74,Male,Netherlands,"2004 Pine St, Beijing",+6-952-698-7388
772,Alexander Vasiliev,alexander.vasiliev772@example.com,65,Male,Australia,"3572 Oak St, New York",+2-279-319-5498
773,Anna Sokolov,anna.sokolov773@example.com,34,Male,Kuwait,"6140 Main St, Mumbai",+6-658-533-8780
774,Andrey Johnson,andrey.johnson774@example.com,35,Male,Georgia,"6026 Pine St, Sao Paulo",+1-760-720-1570
775,Ekaterina Vasiliev,ekaterina.vasiliev775@example.com,60,Male,Brazil,"3927 Pine St, Rome",+9-493-416-6945
776,Yulia Andreev,yulia.andreev776@example.com,61,Male,United States,"3873 Elm St, Toronto",+7-108-502-5186
777,James Kelly,james.kelly777@example.com,70,Male,Bhutan,"2626 Elm St, Amsterdam",+6-931-885-7656
778,Alexander Gonzales,alexander.gonzales778@example.com,35,Male,China,"8056 Elm St, Seoul",+7-961-440-7920
779,Yulia Gusev,yulia.gusev779@example.com,70,Male,China,"4276 Park St, Paris",+2-460-530-9973
780,Mikhail Sidorov,mikhail.sidorov780@example.com,47,Male,India,"3011 Elm St, Moscow",+3-103-510-4278
781,Svetlana Petrov,svetlana.petrov781@example.com,38,Male,Germany,"4090 Park St, Paris",+3-967-708-7722
782,Alexander Sidorov,alexander.sidorov782@example.com,46,Female,China,"2188 Pine St, Dubai",+3-803-707-6367
783,Alexander Petrov,alexander.petrov783@example.com,30,Male,Iraq,"2981 Elm St, London",+7-954-684-4677
784,Alexis Moore,alexis.moore784@example.com,53,Male,Australia,"7577 Oak St, Berlin",+5-818-972-3764
785,Paige Popov,paige.popov785@example.com,57,Female,United Kingdom,"2446 Main St, Tokyo",+6-274-680-2922
786,Alexis Smirnov,alexis.smirnov786@example.com,51,Female,India,"7434 Elm St, Rome",+2-329-830-4328
787,Larry Stepanov,larry.stepanov787@example.com,70,Female,Bhutan,"8097 Elm St, Dubai",+3-541-976-4385
788,Pavel Perry,pavel.perry788@example.com,70,Female,Brazil,"3103 Elm St, Sydney",+3-518-911-3391
789,Alexis Petrov,alexis.petrov789@example.com,34,Male,United Kingdom,"4069 Pine St, Sao Paulo",+8-187-110-8682
790,Nathaniel Stepanov,nathaniel.stepanov790@example.com,38,Female,Japan,"6284 Elm St, Amsterdam",+5-174-197-1962
791,Paige Sidorov,paige.sidorov791@example.com,33,Female,Australia,"9935 Park St, London",+1-105-359-9266
792,Pavel Popov,pavel.popov792@example.com,37,Female,Japan,"2167 Park St, London",+1-694-283-5264
793,Douglas Novikov,douglas.novikov793@example.com,49,Female,Australia,"2162 Main St, Sao Paulo",+6-827-643-8093
794,Nathaniel Ivanov,nathaniel.ivanov794@example.com,25,Female,Russia,"8180 Pine St, Paris",+6-540-389-5312
795,Pavel Kovalev,pavel.kovalev795@example.com,66,Female,United States,"7140 Oak St, London",+6-854-603-3478
796,Ivan Stepanov,ivan.stepanov796@example.com,60,Female,Russia,"2436 Main St, Amsterdam",+4-287-136-8704
797,Maria Robbins,maria.robbins797@example.com,63,Female,Iraq,"8109 Main St, Berlin",+8-465-826-8949
798,Anna Kozlov,anna.kozlov798@example.com,25,Male,Germany,"1534 Oak St, London",+5-284-954-3757
799,Mikhail Novikov,mikhail.novikov799@example.com,70,Female,United Kingdom,"9596 Oak St, Rome",+1-638-885-3958
800,Dmitry Gusev,dmitry.gusev800@example.com,22,Male,India,"1546 Pine St, Sao Paulo",+1-391-797-2998
801,Olga Kuznetsov,olga.kuznetsov801@example.com,55,Male,China,"2520 Main St, London",+2-571-950-8861
802,Anna Baranov,anna.baranov802@example.com,35,Male,Georgia,"7424 Pine St, Moscow",+3-316-983-1797
803,Alexander Baranov,alexander.baranov803@example.com,36,Female,India,"1159 Park St, Moscow",+7-194-508-5180
804,Douglas Johnson,douglas.johnson804@example.com,67,Female,Germany,"3412 Oak St, Moscow",+7-898-512-5668
805,Svetlana Zaitsev,svetlana.zaitsev805@example.com,59,Male,Germany,"8043 Elm St, Tokyo",+5-801-717-3151
806,Viktor Fedorov,viktor.fedorov806@example.com,24,Female,United States,"8022 Elm St, Amsterdam",+7-587-374-7931
807,Theresa Zaitsev,theresa.zaitsev807@example.com,45,Female,United Kingdom,"7113 Elm St, Paris",+2-141-625-6599
808,Anna Fedorov,anna.fedorov808@example.com,32,Male,Australia,"8639 Park St, Sao Paulo",+2-397-579-8165
809,Theresa Gusev,theresa.gusev809@example.com,69,Female,Bhutan,"2094 Pine St, Paris",+4-635-537-5841
810,Tatiana Gonzales,tatiana.gonzales810@example.com,53,Male,Australia,"8412 Main St, Moscow",+9-535-522-2548
811,Anna Fedorov,anna.fedorov811@example.com,64,Female,Georgia,"9594 Main St, Tokyo",+9-116-216-8583
812,Douglas Andreev,douglas.andreev812@example.com,29,Female,Russia,"6820 Pine St, Berlin",+6-701-841-8454
813,Irina Fedorov,irina.fedorov813@example.com,46,Female,Georgia,"3067 Oak St, Rome",+3-180-864-5248
814,Nikolay Fedorov,nikolay.fedorov814@example.com,24,Female,United States,"96 Elm St, Moscow",+2-113-275-8817
815,Anna Smirnov,anna.smirnov815@example.com,43,Female,Bhutan,"5911 Elm St, Beijing",+5-189-228-3213
816,Alexis Perry,alexis.perry816@example.com,25,Male,Brazil,"440 Oak St, Amsterdam",+8-764-248-4961
817,Dmitry Kovalev,dmitry.kovalev817@example.com,58,Male,Germany,"7593 Oak St, Tokyo",+8-532-122-2908
818,Douglas Belov,douglas.belov818@example.com,27,Female,Kuwait,"322 Elm St, Sao Paulo",+4-306-401-7418
819,Paige Sidorov,paige.sidorov819@example.com,18,Male,Japan,"7075 Elm St, Toronto",+8-854-692-5764
820,Paige Kozlov,paige.kozlov820@example.com,43,Female,United States,"7994 Oak St, Beijing",+1-640-119-7914
821,Tatiana Sidorov,tatiana.sidorov821@example.com,53,Male,Bhutan,"6835 Elm St, Rome",+2-606-737-6681
822,Anna Smirnov,anna.smirnov822@example.com,45,Male,France,"3150 Elm St, Tokyo",+6-548-337-9317
823,Robert Volkov,robert.volkov823@example.com,61,Female,Australia,"7676 Oak St, Beijing",+5-840-828-7395
824,Dmitry Kovalev,dmitry.kovalev824@example.com,61,Female,India,"2655 Park St, Sao Paulo",+4-389-807-2412
825,Andrey Kozlov,andrey.kozlov825@example.com,26,Male,Netherlands,"9925 Elm St, Paris",+2-912-525-9089
826,James Johnson,james.johnson826@example.com,31,Male,Russia,"4274 Pine St, London",+3-278-947-9248
827,Paige Andreev,paige.andreev827@example.com,22,Female,Iraq,"3715 Main St, Berlin",+9-329-598-5224
828,Elena Andreev,elena.andreev828@example.com,40,Male,India,"9127 Pine St, Rome",+3-973-806-9444
829,Pavel Fedorov,pavel.fedorov829@example.com,24,Male,Australia,"7490 Main St, Sao Paulo",+2-900-725-2669
830,Ekaterina Morozov,ekaterina.morozov830@example.com,20,Male,France,"1935 Oak St, Sydney",+6-260-845-5786
831,Marina Lebedev,marina.lebedev831@example.com,66,Female,Brazil,"1627 Oak St, Toronto",+6-442-938-3257
832,Yolanda Stepanov,yolanda.stepanov832@example.com,30,Female,Iraq,"108 Oak St, Seoul",+8-449-393-9274
833,Douglas Kelly,douglas.kelly833@example.com,35,Female,Brazil,"6800 Pine St, Seoul",+4-255-871-9677
834,Dmitry Andreev,dmitry.andreev834@example.com,32,Male,India,"6774 Elm St, New York",+8-972-628-6927
835,Alexis Lebedev,alexis.lebedev835@example.com,27,Male,Brazil,"8477 Main St, Seoul",+2-446-422-7580
836,Irina Robbins,irina.robbins836@example.com,45,Male,Iraq,"608 Oak St, Seoul",+1-746-830-9516
837,James Sokolov,james.sokolov837@example.com,43,Female,Brazil,"5140 Pine St, Dubai",+1-946-386-9647
838,Pavel Gusev,pavel.gusev838@example.com,27,Female,Kuwait,"3361 Park St, Sydney",+8-814-453-7627
839,Irina Perry,irina.perry839@example.com,74,Female,Germany,"8806 Pine St, Moscow",+7-842-836-3064
840,Natalia Morozov,natalia.morozov840@example.com,36,Male,Germany,"9041 Pine St, Mumbai",+9-448-875-3621
841,Alexis Moore,alexis.moore841@example.com,74,Female,Netherlands,"4980 Elm St, Toronto",+9-213-849-1982
842,Ekaterina Kuznetsov,ekaterina.kuznetsov842@example.com,34,Female,Germany,"2044 Elm St, Moscow",+5-686-854-1085
843,Anna Sidorov,anna.sidorov843@example.com,33,Male,Georgia,"4662 Park St, Tokyo",+3-831-486-9514
844,Mikhail Johnson,mikhail.johnson844@example.com,24,Female,United States,"3155 Pine St, Beijing",+8-200-250-7974
845,Ekaterina Sokolov,ekaterina.sokolov845@example.com,23,Male,Russia,"2131 Elm St, New York",+4-556-179-7050
846,Andrey Novikov,andrey.novikov846@example.com,43,Female,China,"9574 Elm St, Tokyo",+7-550-805-9020
847,Mikhail Sokolov,mikhail.sokolov847@example.com,70,Male,France,"2083 Elm St, Mumbai",+8-232-821-9408
848,Nikolay Novikov,nikolay.novikov848@example.com,25,Male,Kuwait,"535 Oak St, Sao Paulo",+9-478-221-7694
849,Yolanda Lopez,yolanda.lopez849@example.com,41,Female,Russia,"2512 Main St, Mumbai",+6-412-483-5968
850,James Kozlov,james.kozlov850@example.com,19,Male,France,"9661 Elm St, Seoul",+1-412-390-4532
851,Douglas Kovalev,douglas.kovalev851@example.com,65,Female,Russia,"8971 Pine St, Berlin",+2-991-145-7841
852,Sergey Volkov,sergey.volkov852@example.com,37,Female,Australia,"6182 Elm St, London",+3-880-241-9270
853,Svetlana Lebedev,svetlana.lebedev853@example.com,66,Female,Japan,"2441 Pine St, Sao Paulo",+2-919-739-7711
854,Olga Johnson,olga.johnson854@example.com,75,Female,Georgia,"751 Elm St, Mumbai",+5-761-190-3713
855,Marina Moore,marina.moore855@example.com,54,Female,United States,"2029 Park St, Sydney",+2-297-733-9877
856,Tatiana Zaitsev,tatiana.zaitsev856@example.com,21,Male,India,"8236 Main St, Sao Paulo",+2-774-644-3944
857,Alexis Ivanov,alexis.ivanov857@example.com,68,Male,Netherlands,"9496 Elm St, Toronto",+2-926-646-6249
858,Olga Volkov,olga.volkov858@example.com,20,Female,China,"382 Pine St, Rome",+7-284-524-1394
859,Nikolay Novikov,nikolay.novikov859@example.com,38,Female,Bhutan,"1879 Main St, Berlin",+9-272-392-3359
860,Douglas Ivanov,douglas.ivanov860@example.com,67,Male,France,"6673 Oak St, Tokyo",+1-729-433-3973
861,Alexis Smirnov,alexis.smirnov861@example.com,21,Female,Iraq,"5244 Oak St, Berlin",+7-431-364-7152
862,Ekaterina Belov,ekaterina.belov862@example.com,25,Male,Netherlands,"9782 Park St, Amsterdam",+4-604-620-9264
863,Olga Lopez,olga.lopez863@example.com,35,Male,Georgia,"9063 Elm St, Sao Paulo",+2-595-129-7676
864,Svetlana Johnson,svetlana.johnson864@example.com,74,Male,Bhutan,"9604 Main St, Mumbai",+4-881-668-3057
865,James Volkov,james.volkov865@example.com,44,Female,Germany,"8200 Oak St, Toronto",+3-482-653-3755
866,Alexander Johnson,alexander.johnson866@example.com,52,Female,Australia,"7402 Main St, Mumbai",+1-932-575-5739
867,Svetlana Robbins,svetlana.robbins867@example.com,18,Male,Australia,"7901 Pine St, Rome",+5-959-796-7228
868,Viktor Kovalev,viktor.kovalev868@example.com,58,Male,United Kingdom,"8362 Pine St, Toronto",+1-265-856-9750
869,Tatiana Kelly,tatiana.kelly869@example.com,37,Male,Iraq,"2015 Oak St, Dubai",+9-386-999-8077
870,Larry Orlov,larry.orlov870@example.com,50,Female,Australia,"5614 Pine St, Sydney",+8-379-351-6269
871,Elena Perry,elena.perry871@example.com,47,Female,Russia,"2191 Main St, Rome",+8-104-109-3843
872,Dmitry Morozov,dmitry.morozov872@example.com,75,Female,India,"8817 Main St, New York",+2-651-131-8293
873,Andrey Lopez,andrey.lopez873@example.com,40,Female,China,"5865 Elm St, Beijing",+3-959-886-1138
874,Yolanda Lebedev,yolanda.lebedev874@example.com,41,Male,Kuwait,"3630 Main St, Moscow",+5-796-826-6862
875,Larry Kelly,larry.kelly875@example.com,70,Female,India,"3624 Oak St, Dubai",+8-471-137-5599
876,Sergey Belov,sergey.belov876@example.com,63,Male,Russia,"6490 Main St, Amsterdam",+5-682-612-9093
877,Douglas Morozov,douglas.morozov877@example.com,30,Male,Germany,"2102 Main St, Beijing",+3-365-683-4734
878,Yulia Novikov,yulia.novikov878@example.com,64,Female,Netherlands,"379 Park St, Toronto",+5-797-673-8437
879,Alexis Sokolov,alexis.sokolov879@example.com,59,Male,China,"7087 Elm St, London",+5-224-796-9491
880,Anna Kozlov,anna.kozlov880@example.com,41,Male,Australia,"3679 Main St, Dubai",+5-530-645-8354
881,Elena Moore,elena.moore881@example.com,43,Male,Georgia,"9369 Main St, Berlin",+4-806-533-2219
882,Roman Johnson,roman.johnson882@example.com,30,Male,Georgia,"1030 Main St, Tokyo",+1-591-542-1393
883,Tatiana Andreev,tatiana.andreev883@example.com,58,Female,China,"4050 Main St, Tokyo",+8-344-448-1891
884,Ekaterina Sidorov,ekaterina.sidorov884@example.com,51,Male,Germany,"9830 Park St, Seoul",+8-882-197-8314
885,Tatiana Lopez,tatiana.lopez885@example.com,23,Male,Australia,"6184 Pine St, Moscow",+2-901-230-2015
886,Roman Andreev,roman.andreev886@example.com,46,Male,Bhutan,"7076 Main St, Beijing",+2-793-157-1855
887,James Stepanov,james.stepanov887@example.com,42,Female,Germany,"6736 Oak St, Beijing",+1-564-493-8605
888,Alexander Sokolov,alexander.sokolov888@example.com,74,Male,Georgia,"426 Elm St, Sydney",+9-436-701-4153
889,Yolanda Lopez,yolanda.lopez889@example.com,18,Male,United Kingdom,"3173 Park St, Seoul",+3-752-621-5198
890,Viktor Sokolov,viktor.sokolov890@example.com,48,Female,France,"2256 Main St, Amsterdam",+1-230-419-8140
891,Natalia Baranov,natalia.baranov891@example.com,66,Female,Bhutan,"8867 Oak St, Beijing",+3-580-416-6618
892,James Kuznetsov,james.kuznetsov892@example.com,18,Male,Russia,"8309 Park St, Amsterdam",+1-532-452-4201
893,Larry Baranov,larry.baranov893@example.com,30,Male,Georgia,"7795 Elm St, Amsterdam",+6-972-692-6499
894,Pavel Petrov,pavel.petrov894@example.com,44,Female,France,"7444 Main St, Berlin",+8-324-103-4654
895,Marina Johnson,marina.johnson895@example.com,47,Male,Netherlands,"5432 Elm St, Sao Paulo",+4-509-288-1110
896,Viktor Moore,viktor.moore896@example.com,22,Female,Russia,"1888 Oak St, Mumbai",+5-550-299-6896
897,Paige Moore,paige.moore897@example.com,30,Male,Bhutan,"3588 Pine St, Paris",+3-447-967-5029
898,Douglas Perry,douglas.perry898@example.com,19,Male,China,"1658 Main St, Tokyo",+3-488-770-2818
899,Elena Gusev,elena.gusev899@example.com,31,Female,Kuwait,"6057 Pine St, Amsterdam",+3-639-918-8106
900,Yulia Smirnov,yulia.smirnov900@example.com,22,Male,France,"2143 Oak St, Rome",+4-645-487-7131
901,Elena Orlov,elena.orlov901@example.com,45,Male,Australia,"9623 Oak St, Moscow",+9-401-908-3434
902,Elena Johnson,elena.johnson902@example.com,21,Female,China,"8328 Park St, Paris",+8-314-844-2333
903,Alexander Kozlov,alexander.kozlov903@example.com,68,Male,France,"6359 Park St, Mumbai",+6-610-631-8606
904,Douglas Sidorov,douglas.sidorov904@example.com,63,Female,United States,"7919 Elm St, Dubai",+8-374-695-7569
905,Svetlana Gusev,svetlana.gusev905@example.com,68,Male,Netherlands,"3326 Elm St, Amsterdam",+4-505-323-6013
906,Dmitry Belov,dmitry.belov906@example.com,42,Male,Australia,"6130 Pine St, Toronto",+9-186-237-2376
907,James Lebedev,james.lebedev907@example.com,51,Female,Netherlands,"675 Elm St, Beijing",+9-736-444-7981
908,Anna Lebedev,anna.lebedev908@example.com,45,Female,Georgia,"8152 Pine St, Seoul",+5-491-125-3942
909,Anna Johnson,anna.johnson909@example.com,34,Male,Georgia,"1351 Pine St, Rome",+9-625-659-2280
910,Alexander Ivanov,alexander.ivanov910@example.com,32,Male,Germany,"5903 Main St, Berlin",+9-305-441-4221
911,Andrey Sidorov,andrey.sidorov911@example.com,34,Female,Brazil,"4497 Oak St, Toronto",+3-975-870-9898
912,Roman Ivanov,roman.ivanov912@example.com,18,Female,Bhutan,"5680 Elm St, Toronto",+7-941-693-1194
913,Sergey Baranov,sergey.baranov913@example.com,50,Male,China,"3729 Oak St, New York",+4-585-339-9451
914,Tatiana Andreev,tatiana.andreev914@example.com,53,Female,Brazil,"7560 Pine St, Toronto",+2-420-966-4077
915,Dmitry Zaitsev,dmitry.zaitsev915@example.com,62,Female,Netherlands,"7373 Park St, Sao Paulo",+1-483-242-3102
916,James Vasiliev,james.vasiliev916@example.com,18,Female,India,"5811 Pine St, Sydney",+4-529-535-7608
917,Irina Zaitsev,irina.zaitsev917@example.com,62,Female,Georgia,"381 Park St, Beijing",+1-242-257-6410
918,Tatiana Baranov,tatiana.baranov918@example.com,69,Female,Iraq,"6401 Main St, Amsterdam",+9-495-292-8778
919,Yolanda Sidorov,yolanda.sidorov919@example.com,54,Female,Japan,"4992 Main St, Rome",+3-206-791-3910
920,Paige Kovalev,paige.kovalev920@example.com,62,Female,Russia,"3261 Main St, Paris",+7-390-310-4818
921,James Fedorov,james.fedorov921@example.com,51,Male,Kuwait,"6040 Park St, Moscow",+1-275-434-7731
922,Olga Robbins,olga.robbins922@example.com,25,Male,United States,"7836 Main St, New York",+7-986-311-3128
923,Nikolay Perry,nikolay.perry923@example.com,37,Female,China,"7779 Oak St, Dubai",+5-701-307-9232
924,Marina Fedorov,marina.fedorov924@example.com,47,Female,Netherlands,"2338 Elm St, Moscow",+2-944-508-5044
925,Natalia Sidorov,natalia.sidorov925@example.com,54,Female,Kuwait,"9440 Main St, Sao Paulo",+2-394-761-8476
926,Viktor Smirnov,viktor.smirnov926@example.com,71,Female,Iraq,"2870 Elm St, Beijing",+4-283-732-8079
927,Anna Popov,anna.popov927@example.com,60,Male,Brazil,"1566 Elm St, Beijing",+1-345-991-3587
928,Maria Belov,maria.belov928@example.com,58,Female,Japan,"1094 Oak St, Rome",+8-521-880-2986
929,Viktor Kelly,viktor.kelly929@example.com,66,Male,United States,"5342 Elm St, Seoul",+8-268-358-4397
930,Natalia Gonzales,natalia.gonzales930@example.com,47,Male,Germany,"7568 Elm St, Sydney",+6-863-508-4185
931,Olga Gonzales,olga.gonzales931@example.com,18,Female,Germany,"2237 Pine St, Dubai",+8-596-572-2117
932,Theresa Morozov,theresa.morozov932@example.com,60,Male,Brazil,"2298 Elm St, Sao Paulo",+5-961-265-3794
933,Ekaterina Moore,ekaterina.moore933@example.com,56,Male,France,"2035 Park St, Tokyo",+7-272-179-1183
934,Andrey Ivanov,andrey.ivanov934@example.com,27,Female,Georgia,"3550 Main St, Paris",+9-321-552-1782
935,Ekaterina Baranov,ekaterina.baranov935@example.com,69,Male,Iraq,"5052 Elm St, Dubai",+1-712-104-1797
936,Irina Popov,irina.popov936@example.com,67,Male,Australia,"6139 Oak St, Amsterdam",+4-193-116-7908
937,Alexis Moore,alexis.moore937@example.com,39,Male,Japan,"1036 Oak St, Sydney",+2-916-955-3750
938,Mikhail Robbins,mikhail.robbins938@example.com,20,Female,United States,"5360 Pine St, Berlin",+9-741-294-4393
939,Roman Morozov,roman.morozov939@example.com,43,Female,Germany,"3503 Main St, Amsterdam",+6-431-277-1245
940,Olga Baranov,olga.baranov940@example.com,38,Male,Iraq,"7517 Oak St, Amsterdam",+2-773-934-5562
941,Svetlana Orlov,svetlana.orlov941@example.com,41,Male,Germany,"3581 Elm St, Rome",+5-885-713-9185
942,Yolanda Smirnov,yolanda.smirnov942@example.com,52,Male,Bhutan,"9829 Pine St, Berlin",+7-794-889-3177
943,Elena Robbins,elena.robbins943@example.com,58,Female,China,"7900 Main St, Sydney",+6-118-723-8354
944,Olga Novikov,olga.novikov944@example.com,58,Male,United States,"218 Oak St, Beijing",+1-731-877-3032
945,James Johnson,james.johnson945@example.com,65,Female,India,"1301 Main St, Amsterdam",+3-483-610-5859
946,Larry Dennis,larry.dennis946@example.com,42,Male,Japan,"3901 Park St, Moscow",+8-856-998-6385
947,Nathaniel Ivanov,nathaniel.ivanov947@example.com,38,Male,United States,"6798 Pine St, Seoul",+1-334-967-6427
948,Elena Johnson,elena.johnson948@example.com,31,Male,Australia,"4069 Oak St, Rome",+7-633-429-4007
949,Anna Baranov,anna.baranov949@example.com,18,Male,China,"1147 Oak St, Sao Paulo",+1-749-244-4345
950,Nathaniel Kelly,nathaniel.kelly950@example.com,29,Male,Netherlands,"1281 Elm St, Mumbai",+8-418-268-4236
951,Robert Sokolov,robert.sokolov951@example.com,29,Male,Bhutan,"9445 Elm St, Tokyo",+4-378-983-8883
952,Theresa Kuznetsov,theresa.kuznetsov952@example.com,43,Female,France,"7232 Elm St, Sao Paulo",+9-724-852-8101
953,Irina Dennis,irina.dennis953@example.com,70,Female,Russia,"6250 Elm St, Seoul",+2-877-407-9801
954,Nathaniel Morozov,nathaniel.morozov954@example.com,64,Male,Bhutan,"7597 Pine St, New York",+8-390-484-8878
955,Theresa Sidorov,theresa.sidorov955@example.com,26,Female,Netherlands,"3107 Main St, Paris",+1-982-612-7131
956,Sergey Popov,sergey.popov956@example.com,44,Female,Brazil,"6293 Elm St, London",+5-756-702-2167
957,Dmitry Belov,dmitry.belov957@example.com,20,Male,Iraq,"9267 Oak St, Rome",+4-881-546-5182
958,Irina Gusev,irina.gusev958@example.com,66,Female,United States,"8006 Pine St, Dubai",+1-766-494-7947
959,Mikhail Johnson,mikhail.johnson959@example.com,33,Female,Russia,"5922 Main St, Rome",+3-367-719-8462
960,Andrey Dennis,andrey.dennis960@example.com,34,Male,United Kingdom,"2645 Main St, Beijing",+2-889-194-7297
961,Olga Smirnov,olga.smirnov961@example.com,55,Male,United States,"3094 Elm St, Rome",+3-949-537-5143
962,Marina Petrov,marina.petrov962@example.com,50,Female,United Kingdom,"6744 Main St, Tokyo",+2-751-686-6642
963,Ekaterina Dennis,ekaterina.dennis963@example.com,35,Male,Australia,"6521 Pine St, Dubai",+1-272-935-9056
964,Alexis Lopez,alexis.lopez964@example.com,22,Female,United States,"4725 Elm St, New York",+3-280-483-4053
965,Marina Dennis,marina.dennis965@example.com,30,Female,France,"1807 Elm St, Mumbai",+4-290-305-1966
966,Mikhail Robbins,mikhail.robbins966@example.com,69,Male,Bhutan,"6698 Elm St, Rome",+2-989-751-3721
967,Theresa Petrov,theresa.petrov967@example.com,23,Female,Germany,"1053 Pine St, Tokyo",+1-699-340-8829
968,Sergey Fedorov,sergey.fedorov968@example.com,66,Male,Russia,"4360 Main St, Moscow",+1-199-316-9557
969,Alexander Moore,alexander.moore969@example.com,42,Female,Australia,"7754 Pine St, Sao Paulo",+7-444-479-6620
970,Elena Kovalev,elena.kovalev970@example.com,33,Female,Japan,"6201 Park St, New York",+1-464-994-6410
971,Alexander Lopez,alexander.lopez971@example.com,18,Female,China,"6584 Oak St, Dubai",+1-716-225-9693
972,Maria Smirnov,maria.smirnov972@example.com,66,Male,Georgia,"7786 Park St, Sao Paulo",+7-776-292-1051
973,Svetlana Kovalev,svetlana.kovalev973@example.com,38,Male,Japan,"750 Pine St, London",+8-339-721-8938
974,Olga Vasiliev,olga.vasiliev974@example.com,57,Male,Georgia,"7801 Main St, New York",+7-400-721-4196
975,Marina Dennis,marina.dennis975@example.com,73,Male,France,"1427 Pine St, Sao Paulo",+9-995-578-3753
976,Yulia Lebedev,yulia.lebedev976@example.com,25,Female,Japan,"3947 Oak St, Mumbai",+4-274-871-2465
977,Yolanda Sokolov,yolanda.sokolov977@example.com,63,Male,France,"5350 Elm St, Rome",+5-325-836-5220
978,Andrey Kozlov,andrey.kozlov978@example.com,75,Male,Japan,"8758 Elm St, Paris",+2-914-808-6452
979,Nikolay Johnson,nikolay.johnson979@example.com,54,Male,Japan,"6177 Elm St, London",+9-976-547-4823
980,Robert Ivanov,robert.ivanov980@example.com,25,Female,Germany,"1461 Pine St, Berlin",+4-862-218-7025
981,Nathaniel Stepanov,nathaniel.stepanov981@example.com,38,Female,United Kingdom,"28 Pine St, Dubai",+1-704-648-4110
982,Nikolay Popov,nikolay.popov982@example.com,45,Female,India,"2070 Park St, London",+4-209-504-1150
983,Ivan Stepanov,ivan.stepanov983@example.com,47,Female,France,"4864 Oak St, Toronto",+8-796-566-3415
984,Pavel Petrov,pavel.petrov984@example.com,27,Male,United Kingdom,"5061 Park St, London",+2-380-968-8836
985,Svetlana Kovalev,svetlana.kovalev985@example.com,31,Female,Bhutan,"6172 Main St, Dubai",+6-256-947-4450
986,Nikolay Vasiliev,nikolay.vasiliev986@example.com,69,Male,Brazil,"862 Oak St, Dubai",+8-844-501-5900
987,Ekaterina Fedorov,ekaterina.fedorov987@example.com,72,Male,Russia,"6428 Pine St, Mumbai",+7-794-584-6706
988,Irina Popov,irina.popov988@example.com,43,Male,United States,"4638 Pine St, Dubai",+4-817-976-9978
989,Olga Lopez,olga.lopez989@example.com,26,Female,India,"9510 Main St, Seoul",+5-568-770-3681
990,Tatiana Dennis,tatiana.dennis990@example.com,46,Female,Bhutan,"2373 Oak St, Rome",+4-923-866-4205
991,Mikhail Baranov,mikhail.baranov991@example.com,18,Female,Brazil,"9432 Main St, Toronto",+3-485-537-3756
992,Roman Gonzales,roman.gonzales992@example.com,24,Female,Kuwait,"860 Main St, Paris",+9-765-446-8107
993,Nathaniel Baranov,nathaniel.baranov993@example.com,64,Female,Netherlands,"1947 Oak St, Moscow",+7-600-409-3826
994,Svetlana Vasiliev,svetlana.vasiliev994@example.com,42,Male,India,"6261 Pine St, Sao Paulo",+8-476-111-2966
995,Yolanda Kelly,yolanda.kelly995@example.com,25,Female,Japan,"8352 Oak St, Sydney",+1-700-686-8856
996,Maria Smirnov,maria.smirnov996@example.com,65,Male,India,"2968 Elm St, Beijing",+8-760-819-8105
997,James Volkov,james.volkov997@example.com,26,Male,Georgia,"8807 Oak St, Berlin",+7-932-817-1323
998,Olga Morozov,olga.morozov998@example.com,70,Female,Germany,"9581 Park St, Mumbai",+2-871-871-4399
999,Andrey Belov,andrey.belov999@example.com,25,Male,China,"2949 Main St, Beijing",+9-557-919-6149
1000,Yolanda Gonzales,yolanda.gonzales1000@example.com,26,Male,Japan,"1439 Park St, Paris",+5-971-871-1573